#
# There is insufficient memory for the Java Runtime Environment to continue.
# Native memory allocation (mmap) failed to map 65536 bytes. Error detail: Failed to commit metaspace.
# Possible reasons:
#   The system is out of physical RAM or swap space
#   This process is running with CompressedOops enabled, and the Java Heap may be blocking the growth of the native heap
# Possible solutions:
#   Reduce memory load on the system
#   Increase physical memory or swap space
#   Check if swap backing store is full
#   Decrease Java heap size (-Xmx/-Xms)
#   Decrease number of Java threads
#   Decrease Java thread stack sizes (-Xss)
#   Set larger code cache with -XX:ReservedCodeCacheSize=
#   JVM is running with Unscaled Compressed Oops mode in which the Java heap is
#     placed in the first 4GB address space. The Java Heap base address is the
#     maximum limit for the native heap growth. Please use -XX:HeapBaseMinAddress
#     to set the Java Heap base and to place the Java Heap above 4GB virtual address.
# This output file may be truncated or incomplete.
#
#  Out of Memory Error (virtualSpaceNode.cpp:113), pid=11660, tid=9248
#
# JRE version: OpenJDK Runtime Environment Temurin-21.0.12.1+1 (21.0.12.1+1) (build 21.0.12.1+1-LTS)
# Java VM: OpenJDK 64-Bit Server VM Temurin-21.0.12.1+1 (21.0.12.1+1-LTS, mixed mode, sharing, tiered, compressed oops, compressed class ptrs, parallel gc, windows-amd64)
# No core dump will be written. Minidumps are not enabled by default on client versions of Windows
#

---------------  S U M M A R Y ------------

Command Line: --add-modules=ALL-SYSTEM --add-opens=java.base/java.util=ALL-UNNAMED --add-opens=java.base/java.lang=ALL-UNNAMED --add-opens=java.base/sun.nio.fs=ALL-UNNAMED -Declipse.application=org.eclipse.jdt.ls.core.id1 -Dosgi.bundles.defaultStartLevel=4 -Declipse.product=org.eclipse.jdt.ls.core.product -Djava.import.generatesMetadataFilesAtProjectRoot=false -Dm2e.project.cache.size=50 -DDetectVMInstallationsJob.disabled=true -Dfile.encoding=utf8 -XX:+UseParallelGC -XX:GCTimeRatio=4 -XX:AdaptiveSizePolicyWeight=90 -Dsun.zip.disableMemoryMapping=true -Xmx2G -Xms100m -Xlog:disable -javaagent:c:\Users\nguye\.vscode\extensions\redhat.java-1.56.0-win32-x64\lombok\lombok-1.18.39-4050.jar -XX:+HeapDumpOnOutOfMemoryError -XX:HeapDumpPath=c:\Users\nguye\AppData\Roaming\Code\User\workspaceStorage\fb4d92b105842c291ab7a68e767f6070\redhat.java -Daether.dependencyCollector.impl=bf c:\Users\nguye\.vscode\extensions\redhat.java-1.56.0-win32-x64\server\plugins\org.eclipse.equinox.launcher_1.8.0.v20260804-1928.jar -configuration c:\Users\nguye\AppData\Roaming\Code\User\globalStorage\redhat.java\1.56.0\config_win -data c:\Users\nguye\AppData\Roaming\Code\User\workspaceStorage\fb4d92b105842c291ab7a68e767f6070\redhat.java\jdt_ws --pipe=\\.\pipe\lsp-61996b8a5ff1464b56324b5a244a6f8f-sock

Host: 11th Gen Intel(R) Core(TM) i5-11400H @ 2.70GHz, 12 cores, 15G,  Windows 11 , 64 bit Build 26100 (10.0.26100.9444)
Time: Sat Oct 10 09:04:15 2026 SE Asia Standard Time elapsed time: 13.013916 seconds (0d 0h 0m 13s)

---------------  T H R E A D  ---------------

Current thread (0x000001c89a916950):  JavaThread "ForkJoinPool.commonPool-worker-3" daemon [_thread_in_vm, id=9248, stack(0x0000001ab9700000,0x0000001ab9800000) (1024K)]

Stack: [0x0000001ab9700000,0x0000001ab9800000]
Native frames: (J=compiled Java code, j=interpreted, Vv=VM code, C=native code)
V  [jvm.dll+0x6d83e9]
V  [jvm.dll+0x8b5736]
V  [jvm.dll+0x8b7cee]
V  [jvm.dll+0x8b83d3]
V  [jvm.dll+0x284596]
V  [jvm.dll+0x8b147e]
V  [jvm.dll+0x679ad4]
V  [jvm.dll+0x1e849b]
V  [jvm.dll+0x1e825e]
V  [jvm.dll+0x67c3d2]
V  [jvm.dll+0x67c202]
V  [jvm.dll+0x67a4ae]
V  [jvm.dll+0x684758]
V  [jvm.dll+0x21973e]
V  [jvm.dll+0x219be5]
V  [jvm.dll+0x21a5d8]
V  [jvm.dll+0x20f80e]
V  [jvm.dll+0x5b6a7f]
V  [jvm.dll+0x82f606]
V  [jvm.dll+0x4792f8]
V  [jvm.dll+0x47f128]
C  [java.dll+0x17ec]

Java frames: (J=compiled Java code, j=interpreted, Vv=VM code)
J 1119  java.lang.ClassLoader.defineClass1(Ljava/lang/ClassLoader;Ljava/lang/String;[BIILjava/security/ProtectionDomain;Ljava/lang/String;)Ljava/lang/Class; java.base@21.0.12.1 (0 bytes) @ 0x000001c838ec0a91 [0x000001c838ec09c0+0x00000000000000d1]
J 6939 c2 org.eclipse.osgi.internal.loader.classpath.ClasspathManager.defineClass(Ljava/lang/String;[BLorg/eclipse/osgi/internal/loader/classpath/ClasspathEntry;Lorg/eclipse/osgi/storage/bundlefile/BundleEntry;Ljava/util/List;)Ljava/lang/Class; (636 bytes) @ 0x000001c839230a20 [0x000001c83922ecc0+0x0000000000001d60]
J 5701 c2 org.eclipse.osgi.internal.loader.classpath.ClasspathManager.findClassImpl(Ljava/lang/String;Lorg/eclipse/osgi/internal/loader/classpath/ClasspathEntry;Ljava/util/List;)Ljava/lang/Class; (328 bytes) @ 0x000001c8391a3248 [0x000001c8391a0ae0+0x0000000000002768]
J 5844 c2 org.eclipse.osgi.internal.loader.classpath.ClasspathManager.findLocalClass(Ljava/lang/String;)Ljava/lang/Class; (210 bytes) @ 0x000001c8390dd894 [0x000001c8390dc9a0+0x0000000000000ef4]
J 2449 c1 org.eclipse.osgi.internal.loader.BundleLoader.findLocalClass(Ljava/lang/String;)Ljava/lang/Class; (159 bytes) @ 0x000001c83181b7cc [0x000001c83181abe0+0x0000000000000bec]
J 5644 c2 org.eclipse.osgi.internal.loader.BundleLoader.findClass0(Ljava/lang/String;ZZ)Ljava/lang/Class; (490 bytes) @ 0x000001c83913b2ac [0x000001c839139760+0x0000000000001b4c]
J 5680 c2 org.eclipse.osgi.internal.loader.ModuleClassLoader.loadClass(Ljava/lang/String;Z)Ljava/lang/Class; (36 bytes) @ 0x000001c838f0f7a8 [0x000001c838f0f6c0+0x00000000000000e8]
J 3953 c2 java.lang.ClassLoader.loadClass(Ljava/lang/String;)Ljava/lang/Class; java.base@21.0.12.1 (7 bytes) @ 0x000001c8390174ec [0x000001c8390174a0+0x000000000000004c]
v  ~StubRoutines::call_stub 0x000001c8388b10e7
j  org.eclipse.jdt.internal.core.JavaProjectElementInfo.getProjectCache(Lorg/eclipse/jdt/internal/core/JavaProject;Z)Lorg/eclipse/jdt/internal/core/JavaProjectElementInfo$ProjectCache;+221
j  org.eclipse.jdt.internal.core.JavaProjectElementInfo.newNameLookup(Lorg/eclipse/jdt/internal/core/JavaProject;[Lorg/eclipse/jdt/core/ICompilationUnit;Z)Lorg/eclipse/jdt/internal/core/NameLookup;+3
j  org.eclipse.jdt.internal.core.JavaProject.newNameLookup([Lorg/eclipse/jdt/core/ICompilationUnit;Z)Lorg/eclipse/jdt/internal/core/NameLookup;+7
j  org.eclipse.jdt.internal.core.SearchableEnvironment.<init>(Lorg/eclipse/jdt/internal/core/JavaProject;[Lorg/eclipse/jdt/core/ICompilationUnit;ZI)V+68
j  org.eclipse.jdt.internal.core.JavaProject.newSearchableNameEnvironment([Lorg/eclipse/jdt/core/ICompilationUnit;ZI)Lorg/eclipse/jdt/internal/core/SearchableEnvironment;+8
j  org.eclipse.jdt.internal.core.JavaProject.newSearchableNameEnvironment([Lorg/eclipse/jdt/core/ICompilationUnit;Z)Lorg/eclipse/jdt/internal/core/SearchableEnvironment;+4
j  org.eclipse.jdt.internal.core.JavaProject.newSearchableNameEnvironment([Lorg/eclipse/jdt/core/ICompilationUnit;)Lorg/eclipse/jdt/internal/core/SearchableEnvironment;+3
j  org.eclipse.jdt.internal.core.search.matching.MatchLocator.initialize(Lorg/eclipse/jdt/internal/core/JavaProject;I)V+31
j  org.eclipse.jdt.internal.core.search.matching.MatchLocator.locateMatchesDefaultImpl(Lorg/eclipse/jdt/internal/core/JavaProject;[Lorg/eclipse/jdt/internal/core/search/matching/PossibleMatch;II)V+4
j  org.eclipse.jdt.internal.core.search.matching.MatchLocator.locateMatches(Lorg/eclipse/jdt/internal/core/JavaProject;[Lorg/eclipse/jdt/internal/core/search/matching/PossibleMatch;II)V+32
j  org.eclipse.jdt.internal.core.search.matching.MatchLocator.locateMatches(Lorg/eclipse/jdt/internal/core/JavaProject;Lorg/eclipse/jdt/internal/core/search/matching/PossibleMatchSet;I)V+81
j  org.eclipse.jdt.internal.core.search.matching.MatchLocator.locateMatches([Lorg/eclipse/jdt/core/search/SearchDocument;)V+806
j  org.eclipse.jdt.internal.core.search.JavaSearchParticipant.locateMatches([Lorg/eclipse/jdt/core/search/SearchDocument;Lorg/eclipse/jdt/core/search/SearchPattern;Lorg/eclipse/jdt/core/search/IJavaSearchScope;Lorg/eclipse/jdt/core/search/SearchRequestor;Lorg/eclipse/core/runtime/IProgressMonitor;)V+41
j  org.eclipse.jdt.internal.core.search.BasicSearchEngine.findMatches(Lorg/eclipse/jdt/core/search/SearchPattern;[Lorg/eclipse/jdt/core/search/SearchParticipant;Lorg/eclipse/jdt/core/search/IJavaSearchScope;Lorg/eclipse/jdt/core/search/SearchRequestor;Lorg/eclipse/core/runtime/IProgressMonitor;)V+290
j  org.eclipse.jdt.internal.core.search.BasicSearchEngine.search(Lorg/eclipse/jdt/core/search/SearchPattern;[Lorg/eclipse/jdt/core/search/SearchParticipant;Lorg/eclipse/jdt/core/search/IJavaSearchScope;Lorg/eclipse/jdt/core/search/SearchRequestor;Lorg/eclipse/core/runtime/IProgressMonitor;)V+20
j  org.eclipse.jdt.core.search.SearchEngine.search(Lorg/eclipse/jdt/core/search/SearchPattern;[Lorg/eclipse/jdt/core/search/SearchParticipant;Lorg/eclipse/jdt/core/search/IJavaSearchScope;Lorg/eclipse/jdt/core/search/SearchRequestor;Lorg/eclipse/core/runtime/IProgressMonitor;)V+11
j  com.microsoft.java.debug.plugin.internal.ResolveMainClassHandler.resolveMainClassUnderPaths(Ljava/util/List;)Ljava/util/List;+132
j  com.microsoft.java.debug.plugin.internal.ResolveMainClassHandler.resolveMainClassCore(Ljava/util/List;)Ljava/util/List;+86
j  com.microsoft.java.debug.plugin.internal.ResolveMainClassHandler.resolveMainClass(Ljava/util/List;)Ljava/lang/Object;+2
j  com.microsoft.java.debug.plugin.internal.JavaDebugDelegateCommandHandler.executeCommand(Ljava/lang/String;Ljava/util/List;Lorg/eclipse/core/runtime/IProgressMonitor;)Ljava/lang/Object;+445
j  org.eclipse.jdt.ls.core.internal.handlers.WorkspaceExecuteCommandHandler$1.run()V+78
J 12902 c1 org.eclipse.core.runtime.SafeRunner.run(Lorg/eclipse/core/runtime/ISafeRunnable;)V (20 bytes) @ 0x000001c832f09c7c [0x000001c832f09ae0+0x000000000000019c]
j  org.eclipse.jdt.ls.core.internal.handlers.WorkspaceExecuteCommandHandler.executeCommand(Lorg/eclipse/lsp4j/ExecuteCommandParams;Lorg/eclipse/core/runtime/IProgressMonitor;)Ljava/lang/Object;+279
j  org.eclipse.jdt.ls.core.internal.handlers.JDTLanguageServer.lambda$4(Lorg/eclipse/lsp4j/ExecuteCommandParams;Lorg/eclipse/core/runtime/IProgressMonitor;)Ljava/lang/Object;+6
j  org.eclipse.jdt.ls.core.internal.handlers.JDTLanguageServer$$Lambda+0x000001c84672bad0.apply(Ljava/lang/Object;)Ljava/lang/Object;+12
j  org.eclipse.jdt.ls.core.internal.BaseJDTLanguageServer.lambda$0(Ljava/util/function/Function;Lorg/eclipse/lsp4j/jsonrpc/CancelChecker;)Ljava/lang/Object;+6
j  org.eclipse.jdt.ls.core.internal.BaseJDTLanguageServer$$Lambda+0x000001c84672bd18.apply(Ljava/lang/Object;)Ljava/lang/Object;+12
j  java.util.concurrent.CompletableFuture$UniApply.tryFire(I)Ljava/util/concurrent/CompletableFuture;+106 java.base@21.0.12.1
j  java.util.concurrent.CompletableFuture$Completion.exec()Z+2 java.base@21.0.12.1
J 10900 c1 java.util.concurrent.ForkJoinTask.doExec()I java.base@21.0.12.1 (37 bytes) @ 0x000001c8315cd044 [0x000001c8315ccf00+0x0000000000000144]
j  java.util.concurrent.ForkJoinPool$WorkQueue.topLevelExec(Ljava/util/concurrent/ForkJoinTask;Ljava/util/concurrent/ForkJoinPool$WorkQueue;)V+19 java.base@21.0.12.1
J 10180 c1 java.util.concurrent.ForkJoinPool.scan(Ljava/util/concurrent/ForkJoinPool$WorkQueue;II)I java.base@21.0.12.1 (263 bytes) @ 0x000001c8329b7894 [0x000001c8329b7580+0x0000000000000314]
j  java.util.concurrent.ForkJoinPool.runWorker(Ljava/util/concurrent/ForkJoinPool$WorkQueue;)V+35 java.base@21.0.12.1
j  java.util.concurrent.ForkJoinWorkerThread.run()V+31 java.base@21.0.12.1
v  ~StubRoutines::call_stub 0x000001c8388b10e7

Compiled method (n/a) 13065 1119     n 0       java.lang.ClassLoader::defineClass1 (native)
 total in heap  [0x000001c838ec0810,0x000001c838ec0c98] = 1160
 relocation     [0x000001c838ec0970,0x000001c838ec09a8] = 56
 main code      [0x000001c838ec09c0,0x000001c838ec0c96] = 726
 stub code      [0x000001c838ec0c96,0x000001c838ec0c98] = 2

[Constant Pool (empty)]

[MachCode]
[Entry Point]
  # {method} {0x000001c845434c38} 'defineClass1' '(Ljava/lang/ClassLoader;Ljava/lang/String;[BIILjava/security/ProtectionDomain;Ljava/lang/String;)Ljava/lang/Class;' in 'java/lang/ClassLoader'
  # parm0:    rdx:rdx   = 'java/lang/ClassLoader'
  # parm1:    r8:r8     = 'java/lang/String'
  # parm2:    r9:r9     = '[B'
  # parm3:    rdi       = int
  # parm4:    rsi       = int
  # parm5:    rcx:rcx   = 'java/security/ProtectionDomain'
  # parm6:    [sp+0xa0]   = 'java/lang/String'  (sp of caller)
  0x000001c838ec09c0: 448b 5208 | 49bb 0000 | 0045 c801 | 0000 4d03 | d349 3bc2 | 0f84 0600 

  0x000001c838ec09d8: ;   {runtime_call ic_miss_stub}
  0x000001c838ec09d8: 0000 e9a1 | dca3 ff90 
[Verified Entry Point]
  0x000001c838ec09e0: 8984 2400 | 80ff ff55 | 488b ec48 | 81ec 9000 | 0000 6690 | 4181 7f20 | 0400 0000 

  0x000001c838ec09fc: ;   {runtime_call StubRoutines (final stubs)}
  0x000001c838ec09fc: 7405 e8fd | cda2 ff48 | 837d 1000 | 488d 4510 | 480f 4445 | 1048 8944 | 2440 4889 | 4c24 7048 
  0x000001c838ec0a1c: 83f9 0048 | 8d44 2470 | 480f 4444 | 2470 4889 | 4424 3848 | 8974 2430 | 4889 7c24 | 284c 894c 
  0x000001c838ec0a3c: 2458 4983 | f900 488d | 4424 5848 | 0f44 4424 | 5848 8944 | 2420 4c89 | 4424 5049 | 83f8 004c 
  0x000001c838ec0a5c: 8d4c 2450 | 4c0f 444c | 2450 4889 | 5424 4848 | 83fa 004c | 8d44 2448 | 4c0f 4444 

  0x000001c838ec0a78: ;   {oop(a 'java/lang/Class'{0x0000000080000b30} = 'java/lang/ClassLoader')}
  0x000001c838ec0a78: 2448 49be | 300b 0080 | 0000 0000 | 4c89 7424 | 784c 8d74 | 2478 498b | d6c5 f877 

  0x000001c838ec0a94: ;   {internal_word}
  0x000001c838ec0a94: 49ba 910a | ec38 c801 | 0000 4d89 | 97a8 0300 | 0049 89a7 | a003 0000 

  0x000001c838ec0aac: ;   {external_word}
  0x000001c838ec0aac: 49ba 066d | b334 f97f | 0000 4180 | 3a00 0f84 | 4e00 0000 | 5241 5041 

  0x000001c838ec0ac4: ;   {metadata({method} {0x000001c845434c38} 'defineClass1' '(Ljava/lang/ClassLoader;Ljava/lang/String;[BIILjava/security/ProtectionDomain;Ljava/lang/String;)Ljava/lang/Class;' in 'java/lang/ClassLoader')}
  0x000001c838ec0ac4: 5148 ba30 | 4c43 45c8 | 0100 0049 | 8bcf 4883 | ec20 40f6 | c40f 0f84 | 1900 0000 | 4883 ec08 
  0x000001c838ec0ae4: ;   {runtime_call}
  0x000001c838ec0ae4: 48b8 e0ea | 5c34 f97f | 0000 ffd0 | 4883 c408 | e90c 0000 

  0x000001c838ec0af8: ;   {runtime_call}
  0x000001c838ec0af8: 0048 b8e0 | ea5c 34f9 | 7f00 00ff | d048 83c4 | 2041 5941 | 585a 498d | 8fc0 0300 | 0041 c787 
  0x000001c838ec0b18: 4c04 0000 | 0400 0000 

  0x000001c838ec0b20: ;   {runtime_call}
  0x000001c838ec0b20: 48b8 ac16 | 0ebf f97f | 0000 ffd0 | c5f8 7741 | c787 4c04 | 0000 0500 | 0000 f083 | 4424 c000 
  0x000001c838ec0b40: 493b af50 | 0400 000f | 870e 0000 | 0041 83bf | 4804 0000 | 000f 842b | 0000 00c5 | f877 4889 
  0x000001c838ec0b60: 45f8 498b | cf4c 8be4 | 4883 ec20 | 4883 e4f0 

  0x000001c838ec0b70: ;   {runtime_call}
  0x000001c838ec0b70: 48b8 0058 | 2834 f97f | 0000 ffd0 | 498b e44d | 33e4 488b | 45f8 41c7 | 874c 0400 | 0008 0000 
  0x000001c838ec0b90: 0041 83bf | c804 0000 | 020f 84ca 

  0x000001c838ec0b9c: ;   {external_word}
  0x000001c838ec0b9c: 0000 0049 | ba06 6db3 | 34f9 7f00 | 0041 803a | 000f 844c | 0000 0048 

  0x000001c838ec0bb4: ;   {metadata({method} {0x000001c845434c38} 'defineClass1' '(Ljava/lang/ClassLoader;Ljava/lang/String;[BIILjava/security/ProtectionDomain;Ljava/lang/String;)Ljava/lang/Class;' in 'java/lang/ClassLoader')}
  0x000001c838ec0bb4: 8945 f848 | ba30 4c43 | 45c8 0100 | 0049 8bcf | 4883 ec20 | 40f6 c40f | 0f84 1900 | 0000 4883 
  0x000001c838ec0bd4: ;   {runtime_call}
  0x000001c838ec0bd4: ec08 48b8 | e0ea 5c34 | f97f 0000 | ffd0 4883 | c408 e90c 

  0x000001c838ec0be8: ;   {runtime_call}
  0x000001c838ec0be8: 0000 0048 | b8e0 ea5c | 34f9 7f00 | 00ff d048 | 83c4 2048 | 8b45 f849 | c787 a003 | 0000 0000 
  0x000001c838ec0c08: 0000 49c7 | 87a8 0300 | 0000 0000 | 00c5 f877 | 4885 c00f | 8425 0000 | 00a8 030f | 8508 0000 
  0x000001c838ec0c28: 0048 8b00 | e915 0000 | 00a8 010f | 8509 0000 | 0048 8b40 | fee9 0400 | 0000 488b | 40ff 498b 
  0x000001c838ec0c48: 8f30 0400 | 00c7 8100 | 0100 0000 | 0000 00c9 | 4983 7f08 | 000f 8501 | 0000 00c3 

  0x000001c838ec0c64: ;   {runtime_call StubRoutines (initial stubs)}
  0x000001c838ec0c64: e997 029f | ffc5 f877 | 4889 45f8 | 4c8b e448 | 83ec 2048 

  0x000001c838ec0c78: ;   {runtime_call}
  0x000001c838ec0c78: 83e4 f048 | b830 225d | 34f9 7f00 | 00ff d049 | 8be4 4d33 | e448 8b45 | f8e9 09ff | ffff f4f4 
[/MachCode]


Compiled method (c2) 13079 6939   !   4       org.eclipse.osgi.internal.loader.classpath.ClasspathManager::defineClass (636 bytes)
 total in heap  [0x000001c83922e210,0x000001c839241000] = 77296
 relocation     [0x000001c83922e370,0x000001c83922ecb0] = 2368
 main code      [0x000001c83922ecc0,0x000001c8392399f8] = 44344
 stub code      [0x000001c8392399f8,0x000001c839239c98] = 672
 oops           [0x000001c839239c98,0x000001c839239cc0] = 40
 metadata       [0x000001c839239cc0,0x000001c83923a2c0] = 1536
 scopes data    [0x000001c83923a2c0,0x000001c83923ecb8] = 18936
 scopes pcs     [0x000001c83923ecb8,0x000001c8392401b8] = 5376
 dependencies   [0x000001c8392401b8,0x000001c839240378] = 448
 handler table  [0x000001c839240378,0x000001c839240d98] = 2592
 nul chk table  [0x000001c839240d98,0x000001c839241000] = 616

[Constant Pool (empty)]

[MachCode]
[Entry Point]
  # {method} {0x000001c88868a4e0} 'defineClass' '(Ljava/lang/String;[BLorg/eclipse/osgi/internal/loader/classpath/ClasspathEntry;Lorg/eclipse/osgi/storage/bundlefile/BundleEntry;Ljava/util/List;)Ljava/lang/Class;' in 'org/eclipse/osgi/internal/loader/classpath/ClasspathManager'
  # this:     rdx:rdx   = 'org/eclipse/osgi/internal/loader/classpath/ClasspathManager'
  # parm0:    r8:r8     = 'java/lang/String'
  # parm1:    r9:r9     = '[B'
  # parm2:    rdi:rdi   = 'org/eclipse/osgi/internal/loader/classpath/ClasspathEntry'
  # parm3:    rsi:rsi   = 'org/eclipse/osgi/storage/bundlefile/BundleEntry'
  # parm4:    rcx:rcx   = 'java/util/List'
  #           [sp+0x120]  (sp of caller)
  0x000001c83922ecc0: 448b 5208 | 49bb 0000 | 0045 c801 | 0000 4d03 | d349 3bc2 

  0x000001c83922ecd4: ;   {runtime_call ic_miss_stub}
  0x000001c83922ecd4: 0f85 a6f9 | 6cff 6690 | 0f1f 4000 
[Verified Entry Point]
  0x000001c83922ece0: 8984 2400 | 80ff ff55 | 4881 ec10 | 0100 0090 | 4181 7f20 | 0400 0000 | 0f85 f0ac | 0000 4889 
  0x000001c83922ed00: 4c24 7848 | 8974 2470 | 4889 7c24 | 684c 894c | 2460 4889 | 5424 504c | 8984 2480 | 0000 0045 
  0x000001c83922ed20: 8b40 1441 | 8b50 0c4c | 8b94 2480 | 0000 0045 | 0fbe 5210 | c4e2 2af7 | ca44 8d49 | ff45 85d2 
  0x000001c83922ed40: 0f85 476e | 0000 448d | 5aff 453b | d945 0f4f | d945 85db | 0f8c e243 | 0000 85d2 | 0f86 4a62 
  0x000001c83922ed60: 0000 443b | da0f 8341 | 6200 0045 | 85db 0f8e | 9067 0000 | 418d 5bff | 4533 d244 | 8954 2420 
  0x000001c83922ed80: 470f be54 | 1810 4183 | fa2e 0f84 | 9c43 0000 | 41ff cb44 | 3bdb 7fe8 | 4183 fb02 | 7e47 6690 
  0x000001c83922eda0: 4d63 d347 | 0fbe 4c10 | 1041 83f9 | 2e74 6647 | 0fbe 5410 | 0f41 83fa | 2e74 5f45 | 8d4b fe47 
  0x000001c83922edc0: 0fbe 5408 | 1041 83fa | 2e74 5345 | 8d4b fd47 

  0x000001c83922edd0: ;   {no_reloc}
  0x000001c83922edd0: 0fbe 5408 | 1041 83fa | 2e74 4341 | 83c3 fc41 | 83fb 027f | bb41 83fb | ff7e 1690 | 470f be4c 
  0x000001c83922edf0: 1810 4183 | f92e 7429 | 41ff cb41 | 83fb ff7f | eb41 bbff | ffff ffeb | 1866 6690 | c5f9 7ed5 
  0x000001c83922ee10: e99c 0b00 | 0045 8bcb | eb04 458d | 4bff 458b | d945 85db | 0f8c fe6f | 0000 443b | d90f 8f15 
  0x000001c83922ee30: 7000 004d | 8b97 8803 | 0000 4d8b | 3244 3bd9 | 0f84 7440 | 0000 4585 | db0f 84a0 | 4a00 004d 
  0x000001c83922ee50: 8b97 c801 | 0000 498b | 9fb8 0100 | 004c 8bcb | 4983 c118 | 4d3b ca0f | 83e0 5400 | 004d 898f 
  0x000001c83922ee70: b801 0000 | 410f 0d89 | c000 0000 | 48c7 0301 | 0000 004c | 8bcb 4983 

  0x000001c83922ee88: ;   {metadata('java/lang/String')}
  0x000001c83922ee88: c110 c743 | 0878 e800 | 0044 8963 | 0cc5 fdef | c0c4 c179 | d601 4d8b | d04c 8994 | 24a0 0000 
  0x000001c83922eea8: 004d 8d50 | 1044 3bda | 0f85 9d00 | 0000 4c63 | da81 fa00 | 0010 000f | 87fc 5900 | 0049 8bbf 
  0x000001c83922eec8: b801 0000 | 4d8b 8fc8 | 0100 0049 | 8d4b 1748 | 83e1 f848 | 8bf7 4803 | f149 3bf1 | 0f83 d759 
  0x000001c83922eee8: 0000 4989 | b7b8 0100 | 000f 0d8e | c000 0000 | 48c7 0701 | 0000 000f | 0d8e 0001 

  0x000001c83922ef04: ;   {metadata({type array byte})}
  0x000001c83922ef04: 0000 c747 | 0818 2300 | 0089 570c | 0f0d 8e40 | 0100 000f | 0d8e 8001 | 0000 488b | d748 83c2 
  0x000001c83922ef24: 1049 83c3 | 0749 c1eb | 0349 8bca | 4d8b c3c5 | f877 49ba | 809c 8e38 | c801 0000 

  0x000001c83922ef40: ;   {other}
  0x000001c83922ef40: 41ff d20f | 1f84 0000 | 0000 0048 | 8bf7 e9da | 0000 0041 | 81fb 0000 | 1000 0f87 | 9c68 0000 
  0x000001c83922ef60: 4d63 cb41 | 3bd3 8bea | 410f 4feb | 3bd5 0f82 | 9c6a 0000 | 443b dd0f | 8293 6a00 | 0049 83c1 
  0x000001c83922ef80: 1749 8bf9 | 4883 e7f8 | 4181 fb00 | 0010 000f | 8780 5700 | 0049 8bb7 | b801 0000 | 4c8b c64c 
  0x000001c83922efa0: 03c7 498b | 8fc8 0100 | 004c 3bc1 | 0f83 6357 | 0000 4d89 | 87b8 0100 | 0041 0f0d | 88c0 0000 
  0x000001c83922efc0: 0048 c706 | 0100 0000 | 410f 0d88 | 0001 0000 

  0x000001c83922efd0: ;   {metadata({type array byte})}
  0x000001c83922efd0: c746 0818 | 2300 0044 | 895e 0c41 | 0f0d 8840 | 0100 0041 | 0f0d 8880 | 0100 0048 | 8bd6 4883 
  0x000001c83922eff0: c210 49c1 | e903 85ed | 0f84 0668 | 0000 413b | eb0f 8c3e | 4700 0048 | 83c7 f048 | c1ef 0349 
  0x000001c83922f010: 8bca 4c8b | c7c5 f877 | 49ba 809c | 8e38 c801 | 0000 41ff 

  0x000001c83922f024: ;   {other}
  0x000001c83922f024: d20f 1f84 | 0000 0000 | 0044 8863 | 104c 8bd6 | 4489 5314 | 4c8b d349 | c1ea 0949 | bb00 0072 
  0x000001c83922f044: 2dc8 0100 | 0047 8824 | 1348 899c | 2488 0000 | 004c 8b6c | 2450 458b | 5d10 458b | 4b54 4585 
  0x000001c83922f064: c90f 8461 | 5d00 0049 | 8bd3 498b | f948 8d9c | 2400 0100 | 0048 8b07 | a802 0f85 | 2300 0000 
  0x000001c83922f084: 4883 c801 | 4889 03f0 | 480f b11f | 0f84 3700 | 0000 482b | c448 2507 | f0ff ff48 | 8903 e924 
  0x000001c83922f0a4: 0000 004c | 8bd0 4833 | c0f0 4d0f | b17a 3e48 | c703 0300 | 0000 7411 | 4c3b f875 | 1549 ff82 
  0x000001c83922f0c4: 8600 0000 | 4833 c075 | 0949 ff87 | 5005 0000 | 33c0 0f85 | 105f 0000 | 418b 7338 | 85f6 0f84 
  0x000001c83922f0e4: 185d 0000 | 488b 9c24 | 8800 0000 | 8b43 0c85 | c00f 84c8 | 2b00 008b | 7628 85f6 | 744f 448b 
  0x000001c83922f104: 460c 4585 | c00f 86ad | 6c00 0044 | 8bd0 41c1 | ea10 4433 | d041 ffc8 | 4181 e2ff | ffff 7f45 
  0x000001c83922f124: ;   {no_reloc}
  0x000001c83922f124: 23c2 4d63 | c042 8b44 | 8610 85c0 | 741f 8b68 | 0c41 3bea | 0f84 a401 | 0000 85ed | 0f8c 2279 
  0x000001c83922f144: 0000 8b70 | 1885 f60f | 85b5 0000 | 0045 8b53 | 1845 85d2 | 7554 4889 | 7c24 4848 | 895c 2430 
  0x000001c83922f164: 4c89 7424 | 284c 896c | 2450 488b | d34c 896c | 2438 4c8b | 5424 684c | 8954 2440 | 488b ef90 
  0x000001c83922f184: ;   {static_call}
  0x000001c83922f184: c5f8 77e8 

  0x000001c83922f188: ; ImmutableOopMap {rbp=Oop [40]=Oop [48]=Oop [56]=Oop [64]=Oop [72]=Oop [80]=Oop [96]=Oop [104]=Oop [112]=Oop [120]=Oop [128]=Oop }
                      ;*invokestatic getDefinedPackage {reexecute=0 rethrow=0 return_oop=1}
                      ; - java.lang.ClassLoader::getPackage@30
                      ; - org.eclipse.osgi.internal.loader.ModuleClassLoader::publicGetPackage@9 (line 330)
                      ; - org.eclipse.osgi.internal.loader.classpath.ClasspathManager::definePackage@26 (line 825)
                      ; - org.eclipse.osgi.internal.loader.classpath.ClasspathManager::defineClass@9 (line 733)
  0x000001c83922f188: f403 6dff 

  0x000001c83922f18c: ;   {other}
  0x000001c83922f18c: 0f1f 8400 | 7c0f 0000 | 4c8b 6c24 | 384c 8b74 | 2428 488b | 5c24 3048 | 8bfd 488b | f0e9 5204 
  0x000001c83922f1ac: 0000 4889 | 7c24 4848 | 895c 2430 | 4c89 7424 | 284c 896c | 2450 498b | d24c 8bc3 | 4c89 6c24 
  0x000001c83922f1cc: 384c 8b54 | 2468 4c89 | 5424 4048 | 8bef 6690 

  0x000001c83922f1dc: ;   {optimized virtual_call}
  0x000001c83922f1dc: c5f8 77e8 

  0x000001c83922f1e0: ; ImmutableOopMap {rbp=Oop [40]=Oop [48]=Oop [56]=Oop [64]=Oop [72]=Oop [80]=Oop [96]=Oop [104]=Oop [112]=Oop [120]=Oop [128]=Oop }
                      ;*invokevirtual getPackage {reexecute=0 rethrow=0 return_oop=1}
                      ; - java.lang.ClassLoader::getPackage@22
                      ; - org.eclipse.osgi.internal.loader.ModuleClassLoader::publicGetPackage@9 (line 330)
                      ; - org.eclipse.osgi.internal.loader.classpath.ClasspathManager::definePackage@26 (line 825)
                      ; - org.eclipse.osgi.internal.loader.classpath.ClasspathManager::defineClass@9 (line 733)
  0x000001c83922f1e0: 9cff 5df8 

  0x000001c83922f1e4: ;   {other}
  0x000001c83922f1e4: 0f1f 8400 | d40f 0001 | 4c8b 6c24 | 384c 8b74 | 2428 488b | 5c24 3048 | 8bfd 488b | f0e9 fa03 
  0x000001c83922f204: 0000 488b | ce8b 710c | 498b 8758 

  0x000001c83922f210: ; ImmutableOopMap {r11=NarrowOop r9=NarrowOop rcx=Oop rbx=Oop rdi=Oop rdx=Oop r13=Oop r14=Oop [96]=Oop [104]=Oop [112]=Oop [120]=Oop [128]=Oop }
                      ;*if_icmpne {reexecute=1 rethrow=0 return_oop=0}
                      ; - (reexecute) java.util.concurrent.ConcurrentHashMap::get@127
                      ; - java.lang.ClassLoader::getDefinedPackage@13
                      ; - java.lang.ClassLoader::getPackage@2
                      ; - org.eclipse.osgi.internal.loader.ModuleClassLoader::publicGetPackage@9 (line 330)
                      ; - org.eclipse.osgi.internal.loader.classpath.ClasspathManager::definePackage@26 (line 825)
                      ; - org.eclipse.osgi.internal.loader.classpath.ClasspathManager::defineClass@9 (line 733)
                      ;   {poll}
  0x000001c83922f210: 0400 0085 | 0041 3bf2 | 7410 8b71 | 1885 f60f | 842c ffff | ff48 8bce | ebdf 8b69 | 104c 8bc5 
  0x000001c83922f230: 4c3b c30f | 8492 0000 | 0085 ed0f | 84eb 8300 | 0048 898c | 2498 0000 | 0044 8994 | 2490 0000 
  0x000001c83922f250: 0048 897c | 2448 4889 | 5424 3044 | 898c 248c | 0000 0044 | 899c 2488 | 0000 0048 | 895c 2458 
  0x000001c83922f270: 4c89 7424 | 284c 896c | 2450 4c8b | c548 8bd3 | 498b ed90 

  0x000001c83922f284: ;   {optimized virtual_call}
  0x000001c83922f284: c5f8 77e8 

  0x000001c83922f288: ; ImmutableOopMap {rbp=Oop [40]=Oop [48]=Oop [72]=Oop [80]=Oop [88]=Oop [96]=Oop [104]=Oop [112]=Oop [120]=Oop [128]=Oop [136]=NarrowOop [140]=NarrowOop [152]=Oop }
                      ;*invokevirtual equals {reexecute=0 rethrow=0 return_oop=0}
                      ; - java.util.concurrent.ConcurrentHashMap::get@149
                      ; - java.lang.ClassLoader::getDefinedPackage@13
                      ; - java.lang.ClassLoader::getPackage@2
                      ; - org.eclipse.osgi.internal.loader.ModuleClassLoader::publicGetPackage@9 (line 330)
                      ; - org.eclipse.osgi.internal.loader.classpath.ClasspathManager::definePackage@26 (line 825)
                      ; - org.eclipse.osgi.internal.loader.classpath.ClasspathManager::defineClass@9 (line 733)
  0x000001c83922f288: 34ed 1300 

  0x000001c83922f28c: ;   {other}
  0x000001c83922f28c: 0f1f 8400 | 7c10 0003 | 85c0 0f84 | 0884 0000 | 4c8b ed4c | 8b74 2428 | 488b 5c24 | 5844 8b9c 
  0x000001c83922f2ac: 2488 0000 | 0044 8b8c | 248c 0000 | 0048 8b54 | 2430 488b | 7c24 4848 | 8b8c 2498 | 0000 008b 
  0x000001c83922f2cc: 6914 85ed | 0f84 7bfe | ffff 0fb6 | 7311 8b43 | 0ce9 9b00 | 0000 8b68 | 104c 8bc5 | 4c3b c374 
  0x000001c83922f2ec: 7e85 ed0f | 84bf 7a00 | 0044 8954 | 243c 4889 | 7c24 4848 | 8954 2440 | 4489 4c24 | 3844 895c 
  0x000001c83922f30c: 2424 4889 | 5c24 304c | 8974 2428 | 4c89 6c24 | 504c 8bc5 | 488b e889 | 4424 5848 | 8bd3 6690 
  0x000001c83922f32c: ;   {optimized virtual_call}
  0x000001c83922f32c: c5f8 77e8 

  0x000001c83922f330: ; ImmutableOopMap {rbp=Oop [36]=NarrowOop [40]=Oop [48]=Oop [56]=NarrowOop [64]=Oop [72]=Oop [80]=Oop [88]=NarrowOop [96]=Oop [104]=Oop [112]=Oop [120]=Oop [128]=Oop }
                      ;*invokevirtual equals {reexecute=0 rethrow=0 return_oop=0}
                      ; - java.util.concurrent.ConcurrentHashMap::get@73
                      ; - java.lang.ClassLoader::getDefinedPackage@13
                      ; - java.lang.ClassLoader::getPackage@2
                      ; - org.eclipse.osgi.internal.loader.ModuleClassLoader::publicGetPackage@9 (line 330)
                      ; - org.eclipse.osgi.internal.loader.classpath.ClasspathManager::definePackage@26 (line 825)
                      ; - org.eclipse.osgi.internal.loader.classpath.ClasspathManager::defineClass@9 (line 733)
  0x000001c83922f330: 8cec 1300 

  0x000001c83922f334: ;   {other}
  0x000001c83922f334: 0f1f 8400 | 2411 0004 | 85c0 0f84 | d947 0000 | 4c8b 6c24 | 504c 8b74 | 2428 488b | 5c24 3044 
  0x000001c83922f354: 8b5c 2424 | 448b 4c24 | 3848 8b54 | 2440 488b | 7c24 488b | 4424 588b | 6814 85ed | 0f84 dbfd 
  0x000001c83922f374: ffff 8b43 | 0c0f b673 | 1144 8b55 

  0x000001c83922f380: ;   {metadata('java/lang/Package')}
  0x000001c83922f380: 0841 81fa | e8bd 0100 | 0f85 668a | 0000 448b | 4314 418b | 480c 4c8b | d545 8b52 | 1085 c90f 
  0x000001c83922f3a0: 862f 6500 | 0041 8b4b | 3885 c90f | 84eb 6300 | 0085 c00f | 84bc 2e00 | 008b 4928 

  0x000001c83922f3bc: ; implicit exception: dispatches to 0x000001c83922f4e6
  0x000001c83922f3bc: 448b 410c | 4585 c00f | 866d 7100 | 008b f0c1 | ee10 33f0 | 41ff c881 | e6ff ffff | 7f44 23c6 
  0x000001c83922f3dc: 4d63 c042 | 8b44 8110 

  0x000001c83922f3e4: ; implicit exception: dispatches to 0x000001c83922f4e6
  0x000001c83922f3e4: 8b68 0c3b | ee0f 8465 | 0100 0085 | ed0f 8cf5 | 7700 008b | 6818 85ed | 0f84 e400 | 0000 4c8b 
  0x000001c83922f404: c541 8b68 | 0c49 8b8f 

  0x000001c83922f40c: ; ImmutableOopMap {r10=NarrowOop r11=NarrowOop r8=Oop r9=NarrowOop rbx=Oop rdi=Oop rdx=Oop r13=Oop r14=Oop [96]=Oop [104]=Oop [112]=Oop [120]=Oop [128]=Oop }
                      ;*if_icmpne {reexecute=1 rethrow=0 return_oop=0}
                      ; - (reexecute) java.util.concurrent.ConcurrentHashMap::get@127
                      ; - java.lang.ClassLoader::definePackage@47
                      ; - java.lang.ClassLoader::getDefinedPackage@32
                      ; - java.lang.ClassLoader::getPackage@2
                      ; - org.eclipse.osgi.internal.loader.ModuleClassLoader::publicGetPackage@9 (line 330)
                      ; - org.eclipse.osgi.internal.loader.classpath.ClasspathManager::definePackage@26 (line 825)
                      ; - org.eclipse.osgi.internal.loader.classpath.ClasspathManager::defineClass@9 (line 733)
  0x000001c83922f40c: 5804 0000 

  0x000001c83922f410: ;   {poll}
  0x000001c83922f410: 8501 3bee | 7411 418b | 6818 85ed | 0f84 c400 | 0000 4c8b | c5eb de41 | 8b68 1048 | 8bcd 483b 
  0x000001c83922f430: cb0f 84a3 | 0000 0085 | ed0f 848d | 8000 004c | 8984 2498 | 0000 0089 | b424 9400 | 0000 4489 
  0x000001c83922f450: 9424 9000 | 0000 4889 | 7c24 484c | 8bd2 4489 | 8c24 8c00 | 0000 4489 | 9c24 8800 | 0000 4889 
  0x000001c83922f470: 5c24 584c | 8974 2428 | 4c89 6c24 | 504c 8bc5 | 488b d349 | 8bed 4c89 | 9424 b800 | 0000 6690 
  0x000001c83922f490: ;   {optimized virtual_call}
  0x000001c83922f490: c5f8 77e8 

  0x000001c83922f494: ; ImmutableOopMap {rbp=Oop [40]=Oop [72]=Oop [80]=Oop [88]=Oop [96]=Oop [104]=Oop [112]=Oop [120]=Oop [128]=Oop [136]=NarrowOop [140]=NarrowOop [144]=NarrowOop [152]=Oop [184]=Oop }
                      ;*invokevirtual equals {reexecute=0 rethrow=0 return_oop=0}
                      ; - java.util.concurrent.ConcurrentHashMap::get@149
                      ; - java.lang.ClassLoader::definePackage@47
                      ; - java.lang.ClassLoader::getDefinedPackage@32
                      ; - java.lang.ClassLoader::getPackage@2
                      ; - org.eclipse.osgi.internal.loader.ModuleClassLoader::publicGetPackage@9 (line 330)
                      ; - org.eclipse.osgi.internal.loader.classpath.ClasspathManager::definePackage@26 (line 825)
                      ; - org.eclipse.osgi.internal.loader.classpath.ClasspathManager::defineClass@9 (line 733)
  0x000001c83922f494: 28eb 1300 

  0x000001c83922f498: ;   {other}
  0x000001c83922f498: 0f1f 8400 | 8812 0006 | 85c0 0f84 | a480 0000 | 4c8b ed4c | 8b74 2428 | 488b 5c24 | 5844 8b9c 
  0x000001c83922f4b8: 2488 0000 | 0044 8b8c | 248c 0000 | 0048 8b7c | 2448 448b | 9424 9000 | 0000 4c8b | 8424 9800 
  0x000001c83922f4d8: 0000 418b | 6814 85ed | 0f85 0801 | 0000 baf4 | ffff ff4c | 8b84 2480 | 0000 004c | 8944 2420 
  0x000001c83922f4f8: 4c8b 4424 | 604c 8944 | 2428 4c8b | 4424 684c | 8944 2430 | 4c8b 4424 | 704c 8944 | 2438 4c89 
  0x000001c83922f518: 6c24 404c | 8b44 2478 | 4c89 4424 | 5044 894c | 2464 4889 | 5c24 7044 | 895c 246c | 4889 5c24 
  0x000001c83922f538: 7844 8994 | 2480 0000 | 0066 6690 

  0x000001c83922f544: ;   {runtime_call UncommonTrapBlob}
  0x000001c83922f544: c5f8 77e8 

  0x000001c83922f548: ; ImmutableOopMap {[32]=Oop [40]=Oop [48]=Oop [56]=Oop [64]=Oop [80]=Oop [100]=NarrowOop [108]=NarrowOop [112]=Oop [120]=Oop [128]=NarrowOop }
                      ;*checkcast {reexecute=0 rethrow=0 return_oop=0}
                      ; - java.lang.ClassLoader::definePackage@50
                      ; - java.lang.ClassLoader::getDefinedPackage@32
                      ; - java.lang.ClassLoader::getPackage@2
                      ; - org.eclipse.osgi.internal.loader.ModuleClassLoader::publicGetPackage@9 (line 330)
                      ; - org.eclipse.osgi.internal.loader.classpath.ClasspathManager::definePackage@26 (line 825)
                      ; - org.eclipse.osgi.internal.loader.classpath.ClasspathManager::defineClass@9 (line 733)
  0x000001c83922f548: b477 6dff 

  0x000001c83922f54c: ;   {other}
  0x000001c83922f54c: 0f1f 8400 | 3c13 0007 | 8b68 104c | 8bc5 4c3b | c30f 8480 | 0000 0085 | ed0f 8489 | 7a00 0089 
  0x000001c83922f56c: 7424 5844 | 8954 243c | 4889 7c24 | 4848 8954 | 2440 4489 | 4c24 3844 | 895c 2424 | 4889 5c24 
  0x000001c83922f58c: 304c 8974 | 2428 4c89 | 6c24 504c | 8bc5 488b | e889 4424 | 5c48 8bd3 

  0x000001c83922f5a4: ;   {optimized virtual_call}
  0x000001c83922f5a4: c5f8 77e8 

  0x000001c83922f5a8: ; ImmutableOopMap {rbp=Oop [36]=NarrowOop [40]=Oop [48]=Oop [56]=NarrowOop [60]=NarrowOop [64]=Oop [72]=Oop [80]=Oop [92]=NarrowOop [96]=Oop [104]=Oop [112]=Oop [120]=Oop [128]=Oop }
                      ;*invokevirtual equals {reexecute=0 rethrow=0 return_oop=0}
                      ; - java.util.concurrent.ConcurrentHashMap::get@73
                      ; - java.lang.ClassLoader::definePackage@47
                      ; - java.lang.ClassLoader::getDefinedPackage@32
                      ; - java.lang.ClassLoader::getPackage@2
                      ; - org.eclipse.osgi.internal.loader.ModuleClassLoader::publicGetPackage@9 (line 330)
                      ; - org.eclipse.osgi.internal.loader.classpath.ClasspathManager::definePackage@26 (line 825)
                      ; - org.eclipse.osgi.internal.loader.classpath.ClasspathManager::defineClass@9 (line 733)
  0x000001c83922f5a8: 14ea 1300 

  0x000001c83922f5ac: ;   {other}
  0x000001c83922f5ac: 0f1f 8400 | 9c13 0008 | 85c0 0f84 | c846 0000 | 4c8b 6c24 | 504c 8b74 | 2428 488b | 5c24 3044 
  0x000001c83922f5cc: 8b5c 2424 | 448b 4c24 | 3848 8b7c | 2448 448b | 5424 3c8b | 4424 5c8b | 6814 85ed | 0f84 f8fe 
  0x000001c83922f5ec: ffff 8b4d 

  0x000001c83922f5f0: ;   {metadata('java/lang/Package')}
  0x000001c83922f5f0: 0881 f9e8 | bd01 000f | 853b 8d00 | 0048 8bf5 | 488d 8424 | 0001 0000 | 4883 3800 | 0f84 7900 
  0x000001c83922f610: 0000 4c8b | 1741 f6c2 | 020f 8462 | 0000 0049 | 83ba 8600 | 0000 0074 | 0949 ff8a | 8600 0000 
  0x000001c83922f630: eb4b 498b | 8296 0000 | 0049 0b82 | 8e00 0000 | 750a 49c7 | 423e 0000 | 0000 eb3d | 4983 ba9e 
  0x000001c83922f650: 0000 0000 | 7422 4833 | c049 c742 | 3e00 0000 | 00f0 8304 | 2400 4983 | ba9e 0000 | 0000 750d 
  0x000001c83922f670: f04d 0fb1 | 7a3e 7505 | 83c8 01eb | 0ca8 00eb | 084c 8b10 | f04c 0fb1 | 1775 0a49 | ff8f 5005 
  0x000001c83922f690: 0000 4533 | d20f 85d2 | 5900 0048 | 85f6 0f84 | cc2e 0000 | 458b 5528 

  0x000001c83922f6a8: ; implicit exception: dispatches to 0x000001c8392385d8
  0x000001c83922f6a8: 458b 5a08 

  0x000001c83922f6ac: ;   {metadata('java/lang/ThreadLocal')}
  0x000001c83922f6ac: 4181 fb58 | 0912 000f | 85df 5900 | 0045 8b5e | 4c49 8bca | 4585 db0f | 8451 3c00 | 0041 8b6b 
  0x000001c83922f6cc: 1444 8b4d | 0c44 8b51 | 0c45 8d41 | ff45 23d0 | 4585 c90f | 86a7 5b00 | 0046 8b44 | 9510 4585 
  0x000001c83922f6ec: c00f 84ac | 3b00 0045 | 8b48 0c49 | 8bf8 4d8b | c14c 3bc1 | 7437 4889 | 4c24 2849 | 8bee 4c89 
  0x000001c83922f70c: 6c24 5049 | 8bd3 4c8b | c145 8bca 

  0x000001c83922f718: ;   {optimized virtual_call}
  0x000001c83922f718: c5f8 77e8 

  0x000001c83922f71c: ; ImmutableOopMap {rbp=Oop [40]=Oop [80]=Oop [96]=Oop [104]=Oop [112]=Oop [120]=Oop [128]=Oop }
                      ;*invokevirtual getEntryAfterMiss {reexecute=0 rethrow=0 return_oop=1}
                      ; - java.lang.ThreadLocal$ThreadLocalMap::getEntry@38
                      ; - java.lang.ThreadLocal::get@12
                      ; - java.lang.ThreadLocal::get@4
                      ; - org.eclipse.osgi.internal.loader.classpath.ClasspathManager::defineClass@16 (line 734)
  0x000001c83922f71c: a00c 33f8 

  0x000001c83922f720: ;   {other}
  0x000001c83922f720: 0f1f 8400 | 1015 0009 | 4885 c00f | 84dc 3b00 | 0048 8bf8 | 4c8b 6c24 | 5044 8b57 | 1c4d 8bc2 
  0x000001c83922f740: 4d85 c00f | 8457 3c00 | 0045 8b58 

  0x000001c83922f74c: ;   {metadata('org/eclipse/osgi/internal/loader/classpath/ClasspathManager$DefineContext')}
  0x000001c83922f74c: 0841 81fb | c834 1201 | 0f85 4e8c | 0000 4d8b | d845 8b45 | 1445 8b50 | 1041 0fb6 | 6a0d 85ed 
  0x000001c83922f76c: 0f84 2e67 | 0000 488b | 4c24 7844 

  0x000001c83922f778: ;   {metadata('java/util/Collections$UnmodifiableRandomAccessList')}
  0x000001c83922f778: 8b51 0841 | 81fa e8a5 | 1c00 0f85 | 3059 0000 | 488b f144 | 8b56 0c45 | 8b4a 0849 

  0x000001c83922f794: ;   {metadata('java/util/HashSet')}
  0x000001c83922f794: 8bd2 4181 | f978 c40d | 000f 85c0 | 3800 008b | 6a0c 448b | 5508 4c8b 

  0x000001c83922f7ac: ;   {metadata('java/util/HashMap')}
  0x000001c83922f7ac: cd41 81fa | 68a9 0800 | 0f85 2d3f | 0000 458b | 410c 4585 | c00f 8455 | 3a00 0045 

  0x000001c83922f7c8: ;   {metadata('java/util/HashMap$KeySet')}
  0x000001c83922f7c8: 8b48 0841 | 81f9 8812 | 1a00 0f85 | 643e 0000 | 4d8b 97b8 | 0100 004d | 8b8f c801 | 0000 498b 
  0x000001c83922f7e8: da48 83c3 | 2049 3bd9 | 0f83 f84a | 0000 4989 | 9fb8 0100 | 004d 8bca | 4983 c110 | 49c7 0201 
  0x000001c83922f808: 0000 000f | 0d8b c000 

  0x000001c83922f810: ;   {metadata('java/util/HashMap$KeyIterator')}
  0x000001c83922f810: 0000 41c7 | 4208 8855 | 1a00 4589 | 620c c5fd | efc0 62d1 | fe08 7f01 | 458b 480c | 4589 4a1c 
  0x000001c83922f830: ; implicit exception: dispatches to 0x000001c8392389f8
  0x000001c83922f830: 458b 4124 | 418b 7918 | 4189 7a0c | 4585 c00f | 840f 3800 | 0041 8b59 | 1485 db0f | 8e27 3600 
  0x000001c83922f850: 0045 8b48 | 0c45 85c9 | 0f86 e668 | 0000 4181 | f9fe ffff | 7f0f 8fe9 | 5d00 00c4 | c179 6ec0 
  0x000001c83922f870: 498b c249 | 8bdb 458b | f141 ffc1 | 41bb 0200 | 0000 453b | d9bf 0200 | 0000 410f | 4ff9 4533 
  0x000001c83922f890: d241 bb01 | 0000 0041 | b802 0000 | 00ba 0100 | 0000 c4c1 | 796e dbc4 | c179 6ec8 | 8950 1045 
  0x000001c83922f8b0: 3bd6 0f83 | e453 0000 | c4c1 797e | c347 8b5c | 9310 4489 | 5814 4c8b | d049 c1ea | 0949 b800 
  0x000001c83922f8d0: 0072 2dc8 | 0100 0047 | 8824 1045 | 85db 0f85 | 7802 0000 | 8bea 448d | 5201 418b | d244 3bd7 
  0x000001c83922f8f0: 7d05 448b | d5eb b54d | 63d6 4d63 | d949 ffcb | 4981 fb00 | 0000 8049 | c7c0 0000 | 0080 4d0f 
  0x000001c83922f910: ;   {no_reloc}
  0x000001c83922f910: 4cd8 4d3b | d34d 0f4c | da45 8bd3 | 413b d20f | 8d84 0000 | 0044 8bdd | 41ff c341 | 8bd3 6690 
  0x000001c83922f930: 8950 1041 | 3bee 0f83 | 6353 0000 | c4c1 797e | c345 8b5c | ab10 4489 | 5814 4c8b | c049 c1e8 
  0x000001c83922f950: 0948 bf00 | 0072 2dc8 | 0100 0046 | 8824 0745 | 85db 0f85 | f401 0000 | c4c1 797e | c341 8b7c 
  0x000001c83922f970: 9310 8978 | 144c 8bc0 | 448d 5a01 | 418b eb44 | 8958 1049 | c1e8 0949 | bb00 0072 | 2dc8 0100 
  0x000001c83922f990: 0047 8824 | 0385 ff0f | 85bf 0100 | 0044 8d5a | 0241 8bd3 | 453b da7c | 8744 8bd2 | 413b d17d 
  0x000001c83922f9b0: 564c 8bc0 | 4489 5010 | 448b dd41 | 3bee 0f83 | e152 0000 | c4c1 796e | d2c5 f97e | c744 8b54 
  0x000001c83922f9d0: af10 4489 | 5014 4c8b | d849 c1eb | 0949 b800 | 0072 2dc8 | 0100 0047 | 8824 1845 | 85d2 0f85 
  0x000001c83922f9f0: 6801 0000 | c4c1 797e | d241 ffc2 | 453b d10f | 8c07 f4ff | ffeb 04c5 | f96e d5ba | 45ff ffff 
  0x000001c83922fa10: ;   {no_reloc}
  0x000001c83922fa10: 498b ed4c | 8b54 2460 | 4c89 5424 | 2848 895c | 2448 4889 | 7424 5048 | 8944 2458 | c5fa 1154 
  0x000001c83922fa30: 2460 4489 | 7424 6490 

  0x000001c83922fa38: ;   {runtime_call UncommonTrapBlob}
  0x000001c83922fa38: c5f8 77e8 

  0x000001c83922fa3c: ; ImmutableOopMap {rbp=Oop [40]=Oop [72]=Oop [80]=Oop [88]=Oop [104]=Oop [112]=Oop [128]=Oop }
                      ;*if_icmpge {reexecute=1 rethrow=0 return_oop=0}
                      ; - (reexecute) java.util.HashMap$HashIterator::<init>@54
                      ; - java.util.HashMap$KeyIterator::<init>@2
                      ; - java.util.HashMap$KeySet::iterator@8
                      ; - java.util.HashSet::iterator@7
                      ; - java.util.Collections$UnmodifiableCollection$1::<init>@17
                      ; - java.util.Collections$UnmodifiableCollection::iterator@5
                      ; - org.eclipse.osgi.internal.loader.classpath.ClasspathManager::defineClass@258 (line 764)
  0x000001c83922fa3c: c072 6dff 

  0x000001c83922fa40: ;   {other}
  0x000001c83922fa40: 0f1f 8400 | 3018 000a | 458b 5a10 | 498b c344 | 8b58 0849 | ba00 0000 | 45c8 0100 | 004d 03d3 
  0x000001c83922fa60: 4d8b 5238 

  0x000001c83922fa64: ;   {metadata('org/eclipse/osgi/internal/hookregistry/ClassLoaderHook')}
  0x000001c83922fa64: 49bb 78eb | 0846 c801 | 0000 4d3b | d30f 8551 | 5000 0048 | 8944 2430 | 488b d066 | 6690 c5f8 
  0x000001c83922fa84: 7748 b8ff | ffff ffff 

  0x000001c83922fa8c: ;   {virtual_call}
  0x000001c83922fa8c: ffff ffe8 

  0x000001c83922fa90: ; ImmutableOopMap {[48]=Oop [64]=Oop [72]=Oop [80]=Oop [96]=Oop [104]=Oop [112]=Oop [120]=Oop [128]=Oop [144]=Oop }
                      ;*invokevirtual isProcessClassRecursionSupported {reexecute=0 rethrow=0 return_oop=0}
                      ; - org.eclipse.osgi.internal.loader.classpath.ClasspathManager::defineClass@282 (line 765)
  0x000001c83922fa90: b4c9 78ff 

  0x000001c83922fa94: ;   {other}
  0x000001c83922fa94: 0f1f 8400 | 8418 000b | 85c0 0f84 | 5852 0000 | 488b 5424 | 304c 8b84 | 2480 0000 | 004c 8b4c 
  0x000001c83922fab4: 2460 488b | 7c24 6848 | 8b74 2470 | 488b 4c24 | 5090 c5f8 | 7748 b8ff | ffff ffff 

  0x000001c83922fad0: ;   {virtual_call}
  0x000001c83922fad0: ffff ffe8 

  0x000001c83922fad4: ; ImmutableOopMap {[48]=Oop [64]=Oop [72]=Oop [80]=Oop [96]=Oop [104]=Oop [112]=Oop [120]=Oop [128]=Oop [144]=Oop }
                      ;*invokevirtual processClass {reexecute=0 rethrow=0 return_oop=1}
                      ; - org.eclipse.osgi.internal.loader.classpath.ClasspathManager::processClass@8 (line 799)
                      ; - org.eclipse.osgi.internal.loader.classpath.ClasspathManager::defineClass@299 (line 769)
  0x000001c83922fad4: 40e4 7bff 

  0x000001c83922fad8: ;   {other}
  0x000001c83922fad8: 0f1f 8400 | c818 000c | 4885 c074 | 474c 8b54 | 2430 458b 

  0x000001c83922faec: ;   {metadata('org/eclipse/osgi/internal/weaving/WeavingHookConfigurator')}
  0x000001c83922faec: 4208 4181 | f8f0 f508 | 0174 3aba | deff ffff | 4c8b 9c24 | 8000 0000 | 4c89 5c24 | 5848 8984 
  0x000001c83922fb0c: 2480 0000 | 004c 8994 | 2488 0000 | 0066 6690 

  0x000001c83922fb1c: ;   {runtime_call UncommonTrapBlob}
  0x000001c83922fb1c: c5f8 77e8 

  0x000001c83922fb20: ; ImmutableOopMap {[64]=Oop [72]=Oop [80]=Oop [88]=Oop [96]=Oop [104]=Oop [112]=Oop [128]=Oop [136]=Oop [144]=Oop }
                      ;*instanceof {reexecute=0 rethrow=0 return_oop=0}
                      ; - org.eclipse.osgi.internal.loader.classpath.ClasspathManager::processClass@19 (line 803)
                      ; - org.eclipse.osgi.internal.loader.classpath.ClasspathManager::defineClass@299 (line 769)
  0x000001c83922fb20: dc71 6dff 

  0x000001c83922fb24: ;   {other}
  0x000001c83922fb24: 0f1f 8400 | 1419 000d | 488b 4424 | 6048 8944 | 2460 4c8b | 6c24 5048 | 8b4c 2478 | 4c8b 5c24 
  0x000001c83922fb44: 4848 8b74 | 2440 8b5c | 2424 8b7c | 2428 488b | ac24 9000 | 0000 eb1d | 4c8b dbc5 | f97e dbc5 
  0x000001c83922fb64: f97e cf4c | 8bd0 498b | ea45 8b52 | 0844 8994 | 24b0 0000 | 0044 8b84 | 24b0 0000 

  0x000001c83922fb80: ;   {metadata('java/util/HashMap$KeyIterator')}
  0x000001c83922fb80: 0041 81f8 | 8855 1a00 | 0f85 6122 | 0000 4c8b | d541 8b52 | 1433 c085 | d20f 95c0 | 85c0 0f85 
  0x000001c83922fba0: 7317 0000 | 418b 6b10 

  0x000001c83922fba8: ; implicit exception: dispatches to 0x000001c839238674
  0x000001c83922fba8: 448b 5508 

  0x000001c83922fbac: ;   {metadata('java/util/ArrayList')}
  0x000001c83922fbac: 4181 fad0 | 890b 000f | 8523 5500 | 0044 8b55 | 1044 8b4d | 1445 85d2 | 0f8e b001 | 0000 418b 
  0x000001c83922fbcc: 410c 85c0 | 0f86 425b | 0000 4d63 | c248 63d0 | 49ff c84c | 3bc2 0f83 | 305b 0000 | 4489 5424 
  0x000001c83922fbec: 58c4 e1f9 | 6edd c5f9 | 6ecf c5f9 | 6ed3 c4e1 | f96e c64d | 8bf3 488b | d149 8bed | 4c8b 9424 
  0x000001c83922fc0c: 8000 0000 | 458b 5214 | 4c8b 9c24 | 8000 0000 | 450f be5b | 104d 8bc2 | 4d8d 4210 | c4c1 f96e 
  0x000001c83922fc2c: e045 33ed | 438b 5ca9 | 104c 8bc3 | 488b 8c24 | 8000 0000 | 493b c80f | 8463 4e00 | 0085 db0f 
  0x000001c83922fc4c: 84fb 0000 | 008b 4b08 

  0x000001c83922fc54: ;   {metadata('java/lang/String')}
  0x000001c83922fc54: 81f9 78e8 | 0000 0f85 | 8c86 0000 | 440f be43 | 1045 3bd8 | 0f85 664f | 0000 418b | 4a0c 8b5b 
  0x000001c83922fc74: 1444 8b43 | 0c41 3bc8 | 0f85 ca00 | 0000 4c8b | c348 8d73 | 10c4 e1f9 | 7ee7 85c9 | 0f84 9d00 
  0x000001c83922fc94: 0000 8bc1 | 83e0 1f83 | e1e0 0f84 | 4b00 0000 | 488d 3c0f | 488d 340e | 48f7 d9c5 | fe6f 340f 
  0x000001c83922fcb4: c5fe 6f2c | 0ec5 cdef | f5c4 e27d | 17f6 0f85 | 7200 0000 | 4883 c120 | 75e1 85c0 | 0f84 5d00 
  0x000001c83922fcd4: 0000 c5fe | 6f74 07e0 | c5fe 6f6c | 06e0 c5cd | eff5 c4e2 | 7d17 f675 | 4deb 448b | c883 e1fc 
  0x000001c83922fcf4: 7419 488d | 3c0f 488d | 340e 48f7 | d98b 1c0f | 3b1c 0e75 | 3148 83c1 | 0475 f2a8 | 0274 120f 
  0x000001c83922fd14: b71f 0fb7 | 0e3b d975 | 1d48 8d7f | 0248 8d76 | 02a8 0174 | 0a0f b61f | 0fb6 0e3b | d975 07b8 
  0x000001c83922fd34: 0100 0000 | eb02 33c0 | c5cd eff6 | c5d5 efed | 85c0 0f85 | 604d 0000 | 41ff c544 

  0x000001c83922fd50: ;   {no_reloc}
  0x000001c83922fd50: 3b6c 2458 | 0f8c d6fe | ffff 4c8b | ed48 8bca | 4d8b dec4 | e1f9 7ec6 | c5f9 7ed3 | c5f9 7ecf 
  0x000001c83922fd70: c4e1 f97e | dd44 8b54 | 2458 8b45 | 0cff c089 | 450c 418b | 410c 418d | 5201 443b | d00f 8475 
  0x000001c83922fd90: 2500 004d | 8bc1 418b | 400c 443b | d00f 8391 | 5000 0041 

  0x000001c83922fda4: ;   {metadata('java/lang/Object'[])}
  0x000001c83922fda4: 8b40 0881 | f870 1200 | 000f 854d | 5300 0089 | 5510 4f8d | 5490 104c | 8b84 2480 | 0000 004d 
  0x000001c83922fdc4: 8bc8 4589 | 0a49 c1ea | 0949 b800 | 0072 2dc8 | 0100 0047 | 8824 1045 | 8b55 1045 | 8b42 5045 
  0x000001c83922fde4: 85c0 0f84 | 8c50 0000 | 897c 2428 | 895c 2424 | 4889 7424 | 484c 895c | 2458 4889 | 4c24 784c 
  0x000001c83922fe04: 896c 2450 | 4d8b da4c | 895c 2430 | 4489 9424 | 8800 0000 | 498b d04c | 8b84 2480 | 0000 0048 
  0x000001c83922fe24: 8b6c 2468 

  0x000001c83922fe28: ;   {optimized virtual_call}
  0x000001c83922fe28: c5f8 77e8 

  0x000001c83922fe2c: ; ImmutableOopMap {rbp=Oop [48]=Oop [72]=Oop [80]=Oop [88]=Oop [96]=Oop [104]=Oop [112]=Oop [120]=Oop [128]=Oop [136]=NarrowOop }
                      ;*invokevirtual getLock {reexecute=0 rethrow=0 return_oop=1}
                      ; - org.eclipse.osgi.internal.loader.ModuleClassLoader::getClassLoadingLock@5 (line 437)
                      ; - org.eclipse.osgi.internal.loader.ModuleClassLoader::defineClass@8 (line 312)
                      ; - org.eclipse.osgi.internal.loader.classpath.ClasspathManager::defineClass@424 (line 779)
  0x000001c83922fe2c: 3031 c7ff 

  0x000001c83922fe30: ;   {other}
  0x000001c83922fe30: 0f1f 8400 | 201c 000e | 4c8b d848 | 85c0 0f84 | 7c50 0000 | 488d 9c24 | 0001 0000 | 498b 03a8 
  0x000001c83922fe50: 020f 8523 | 0000 0048 | 83c8 0148 | 8903 f049 | 0fb1 1b0f | 8437 0000 | 0048 2bc4 | 4825 07f0 
  0x000001c83922fe70: ffff 4889 | 03e9 2400 | 0000 4c8b | d048 33c0 | f04d 0fb1 | 7a3e 48c7 | 0303 0000 | 0074 114c 
  0x000001c83922fe90: 3bf8 7515 | 49ff 8286 | 0000 0048 | 33c0 7509 | 49ff 8750 | 0500 0033 | c00f 8595 | 5200 004c 
  0x000001c83922feb0: 8b8c 2480 | 0000 0041 | 8b69 148b | 4d0c 85c9 | 0f86 a652 | 0000 450f | be41 1045 | 85c0 0f85 
  0x000001c83922fed0: 7a3c 0000 | c462 3af7 | c144 3bc1 | 440f 4fc1 | 4585 c00f | 8e9a 3300 | 0041 3bc8 | 0f82 e653 
  0x000001c83922fef0: 0000 4c8b | d548 8d7d | 1041 8bd0 | b82f 0000 | 0048 8bdf | 83fa 100f | 8c79 0000 | 0083 fa20 
  0x000001c83922ff10: 0f8c 3600 | 0000 c5f9 | 6ec8 c4e2 | 7d78 c9c5 | fdef c08b | ca83 e1e0 | 83e2 1fc5 

  0x000001c83922ff2c: ;   {no_reloc}
  0x000001c83922ff2c: fe6f 13c5 | ed74 d1c4 | e27d 17c2 | 0f83 6900 | 0000 4883 | c320 83e9 | 2075 e4e9 | 0d00 0000 
  0x000001c83922ff4c: c5f9 6ec8 | c5f9 efc0 | c4e2 7100 | c883 fa10 | 0f8c 2400 | 0000 8bca | 83e1 f083 | e20f c5fa 
  0x000001c83922ff6c: 6f13 c5e9 | 74d1 c4e2 | 7917 c20f | 832a 0000 | 0048 83c3 | 1083 e910 | 75e4 85d2 | 0f84 1200 
  0x000001c83922ff8c: 0000 0fb6 | 0b3b c174 | 1c48 83c3 | 0183 ea01 | 7402 ebee | bbff ffff | ffeb 0dc5 | fdd7 ca0f 
  0x000001c83922ffac: bcc1 4803 | d848 2bdf | 83fb ff0f | 851f 5c00 | 0041 0fbe | 4910 458b | 5114 85c9 | 0f85 1a52 
  0x000001c83922ffcc: 0000 418b | 6a0c 85ed | 0f86 5652 | 0000 450f | b652 1041 | 83fa 5b0f | 84d7 5e00 | 004c 899c 
  0x000001c83922ffec: 2490 0000 | 004c 898c | 2480 0000 | 0048 8b54 | 2430 4d8b | c14c 8b54 | 2468 4c89 | 5424 4049 
  0x000001c83923000c: 8beb 6690 

  0x000001c839230010: ;   {optimized virtual_call}
  0x000001c839230010: c5f8 77e8 

  0x000001c839230014: ; ImmutableOopMap {rbp=Oop [48]=Oop [64]=Oop [72]=Oop [80]=Oop [88]=Oop [96]=Oop [104]=Oop [112]=Oop [120]=Oop [128]=Oop [136]=NarrowOop [144]=Oop }
                      ;*invokevirtual findLoadedClass0 {reexecute=0 rethrow=0 return_oop=1}
                      ; - java.lang.ClassLoader::findLoadedClass@11
                      ; - org.eclipse.osgi.internal.loader.ModuleClassLoader::defineClass@17 (line 313)
                      ; - org.eclipse.osgi.internal.loader.classpath.ClasspathManager::defineClass@424 (line 779)
  0x000001c839230014: a842 c4ff 

  0x000001c839230018: ;   {other}
  0x000001c839230018: 0f1f 8400 | 081e 000f | 4c8b c848 | 85c0 0f85 | d631 0000 | 488b 7424 | 6044 8b56 | 0c4c 8b6c 
  0x000001c839230038: 2440 458b | 4d10 4c8b | 8424 8000 | 0000 418b | 6814 8b5d | 0c85 db0f | 8663 5300 | 0045 0fbe 
  0x000001c839230058: 5810 4585 | db0f 854c | 3b00 00c4 | 6222 f7db | 443b db44 | 0f4f db45 | 85db 0f8e | 1532 0000 
  0x000001c839230078: 413b db0f | 82c3 5400 | 0048 8bcd | 488d 7d10 | 418b d3b8 | 2f00 0000 | 488b df83 | fa10 0f8c 
  0x000001c839230098: 7900 0000 | 83fa 200f | 8c36 0000 | 00c5 f96e | c0c4 e27d | 78c0 c5ed | efd2 8bca | 83e1 e083 
  0x000001c8392300b8: e21f c5fe | 6f0b c5f5 | 74c8 c4e2 | 7d17 d10f | 8369 0000 | 0048 83c3 | 2083 e920 | 75e4 e90d 
  0x000001c8392300d8: 0000 00c5 | f96e c0c5 | e9ef d2c4 | e279 00c2 | 83fa 100f | 8c24 0000 | 008b ca83 | e1f0 83e2 
  0x000001c8392300f8: 0fc5 fa6f | 0bc5 f174 | c8c4 e279 | 17d1 0f83 | 2a00 0000 | 4883 c310 | 83e9 1075 

  0x000001c839230114: ;   {no_reloc}
  0x000001c839230114: e485 d20f | 8412 0000 | 000f b60b | 3bc1 741c | 4883 c301 | 83ea 0174 | 02eb eebb | ffff ffff 
  0x000001c839230134: eb0d c5fd | d7c9 0fbc | c148 03d8 | 482b df83 | fbff 0f85 | 085b 0000 | 410f be48 | 1045 8b58 
  0x000001c839230154: 1485 c90f | 85db 5200 | 0041 8b6b | 0c85 ed0f | 862d 5300 | 0041 0fb6 | 5b10 83fb | 5b0f 8445 
  0x000001c839230174: 5e00 0041 | 8b48 1444 | 8b59 0c44 | 895c 242c | 898c 2498 | 0000 0044 | 8994 248c | 0000 0048 
  0x000001c839230194: 8974 2460 | 4c89 6c24 | 6845 0fbe | 5810 4c89 | 8424 8000 | 0000 c4e2 | 22f7 4c24 | 2c44 8b94 
  0x000001c8392301b4: 2498 0000 | 004c 8954 | 2438 448b | 8424 9800 | 0000 4d8d | 5010 4c89 | 5424 4044 | 8d51 fb45 
  0x000001c8392301d4: 85d2 0f8c | c800 0000 | 4585 db0f | 853b 3a00 | 0044 8b54 | 242c 4183 | fa04 0f86 | a854 0000 
  0x000001c8392301f4: 4c8b 5424 | 4045 0fbe | 0241 83f8 | 6a0f 859d | 0000 0044 | 8b84 2498 | 0000 0045 | 0fbe 4011 
  0x000001c839230214: ;   {no_reloc}
  0x000001c839230214: 4183 f861 | 0f85 8600 | 0000 448b | 9424 9800 | 0000 450f | be42 1241 | 83f8 7675 | 7345 0fbe 
  0x000001c839230234: 4213 4183 | f861 7568 | 450f be42 | 1441 83f8 | 2e75 5dba | 3701 0000 | 488b 6c24 | 504c 8b94 
  0x000001c839230254: 2480 0000 | 004c 8954 | 2420 4c89 | 6c24 304c | 8b54 2470 | 4c89 5424 | 384c 8b54 | 2448 4c89 
  0x000001c839230274: 5424 404c | 8b54 2458 | 4c89 5424 | 4848 8974 | 2458 4c8b | 9424 9000 | 0000 4c89 | 5424 7090 
  0x000001c839230294: ;   {runtime_call UncommonTrapBlob}
  0x000001c839230294: c5f8 77e8 

  0x000001c839230298: ; ImmutableOopMap {rbp=Oop [32]=Oop [48]=Oop [56]=Oop [64]=Oop [72]=Oop [88]=Oop [112]=Oop [136]=NarrowOop [144]=Oop }
                      ;*new {reexecute=0 rethrow=0 return_oop=0}
                      ; - java.lang.ClassLoader::preDefineClass@56
                      ; - java.lang.ClassLoader::defineClass@4
                      ; - org.eclipse.osgi.internal.loader.ModuleClassLoader::defineClass@37 (line 315)
                      ; - org.eclipse.osgi.internal.loader.classpath.ClasspathManager::defineClass@424 (line 779)
  0x000001c839230298: 646a 6dff 

  0x000001c83923029c: ;   {other}
  0x000001c83923029c: 0f1f 8400 | 8c20 0010 | 4585 c90f | 84b4 2400 | 004d 8bd1 | 4c89 9424 | f800 0000 | 4c8b 9424 
  0x000001c8392302bc: f800 0000 | 458b 4210 | 4489 8424 | 9c00 0000 | 448d 51ff | 4585 db0f | 85fb 5900 | 008b 5c24 
  0x000001c8392302dc: 2cff cb41 | 3bda 410f | 4fda 85db | 0f8c cb00 | 0000 448b | 5424 2c45 | 85d2 0f86 | 4c50 0000 
  0x000001c8392302fc: 413b da0f | 8343 5000 | 0085 db0f | 8ea3 5200 | 0044 8d43 | ff44 8b94 | 2498 0000 | 0045 0fbe 
  0x000001c83923031c: 541a 1041 | 83fa 2e0f | 840b 2e00 | 00ff cb41 | 3bd8 7fe1 | 83fb 027e | 5d66 6666 | 0f1f 8400 
  0x000001c83923033c: 0000 0000 | 4c63 d38b | ac24 9800 | 0000 460f | be5c 1510 | 4183 fb2e | 0f84 841a | 0000 460f 
  0x000001c83923035c: be5c 150f | 4183 fb2e | 0f84 7c1a | 0000 448d | 53fe 460f | be5c 1510 | 4183 fb2e | 7445 448d 
  0x000001c83923037c: 53fd 460f | be44 1510 | 4183 f82e | 7435 83c3 | fc83 fb02 | 7fae 83fb | ff7e 2244 

  0x000001c839230398: ;   {no_reloc}
  0x000001c839230398: 8bd3 6690 | 448b 8424 | 9800 0000 | 470f be44 | 1010 4183 | f82e 740f | 41ff ca41 | 83fa ff7f 
  0x000001c8392303b8: e341 baff | ffff ff41 | 83fa ff0f | 8473 5c00 | 0045 85d2 | 0f8c 6a59 | 0000 443b | d10f 8fe5 
  0x000001c8392303d8: 5c00 0044 | 3bd1 0f84 | eb2a 0000 | 4585 d20f | 8411 3500 | 0041 8bea | 4d8b 97c8 | 0100 004d 
  0x000001c8392303f8: 8b87 b801 | 0000 4d8b | d849 83c3 | 184d 3bda | 0f83 993f | 0000 4d89 | 9fb8 0100 | 0041 0f0d 
  0x000001c839230418: 8bc0 0000 | 0049 c700 | 0100 0000 | 4d8b d849 

  0x000001c839230428: ;   {metadata('java/lang/String')}
  0x000001c839230428: 83c3 1041 | c740 0878 | e800 0045 | 8960 0cc5 | fdef c0c4 | c179 d603 | 3b6c 242c | 0f85 c700 
  0x000001c839230448: 0000 4c89 | 8424 a800 | 0000 4c63 | 5424 2c4c | 8994 24a0 | 0000 008b | 6c24 2c81 | fd00 0010 
  0x000001c839230468: 000f 87d1 | 4400 0049 | 8b9f b801 | 0000 4d8b | 97c8 0100 | 004c 8b9c | 24a0 0000 | 0049 83c3 
  0x000001c839230488: 1749 83e3 | f84c 8bc3 | 4d03 c34d | 3bc2 0f83 | a444 0000 | 4d89 87b8 | 0100 0041 | 0f0d 88c0 
  0x000001c8392304a8: 0000 0048 | c703 0100 | 0000 410f | 0d88 0001 

  0x000001c8392304b8: ;   {metadata({type array byte})}
  0x000001c8392304b8: 0000 c743 | 0818 2300 | 0044 8bdd | 4489 5b0c | 410f 0d88 | 4001 0000 | 410f 0d88 | 8001 0000 
  0x000001c8392304d8: 488b d348 | 83c2 104c | 8b84 24a0 | 0000 0049 | 83c0 0749 | c1e8 0348 | 8b4c 2440 | c5f8 7749 
  0x000001c8392304f8: ba80 9c8e | 38c8 0100 | 0041 ffd2 

  0x000001c839230504: ;   {other}
  0x000001c839230504: 0f1f 8400 | 0000 0000 | e93f 0100 | 0081 fd00 | 0010 000f | 8723 5400 | 004c 8984 | 24a8 0000 
  0x000001c839230524: 0089 ac24 | a000 0000 | 4c63 c544 | 8b54 242c | 443b 9424 | a000 0000 | 418b ea44 | 8b94 24a0 
  0x000001c839230544: 0000 0041 | 0f4f ea44 | 8b5c 242c | 443b dd0f | 82ff 5400 | 0044 3bd5 | 0f82 f654 | 0000 4983 
  0x000001c839230564: c017 4c89 | 8424 b000 | 0000 4d8b | d049 83e2 | f84c 8994 | 24b8 0000 | 0044 8b94 | 24a0 0000 
  0x000001c839230584: 0041 81fa | 0000 1000 | 0f87 e441 | 0000 498b | 9fb8 0100 | 004c 8bd3 | 4c8b 9c24 | b800 0000 
  0x000001c8392305a4: 4d03 d34d | 8b9f c801 | 0000 4d3b | d30f 83bf | 4100 004d | 8997 b801 | 0000 410f | 0d8a c000 
  0x000001c8392305c4: 0000 48c7 | 0301 0000 | 0041 0f0d | 8a00 0100 

  0x000001c8392305d4: ;   {metadata({type array byte})}
  0x000001c8392305d4: 00c7 4308 | 1823 0000 | 448b 9c24 | a000 0000 | 4489 5b0c | 410f 0d8a | 4001 0000 | 410f 0d8a 
  0x000001c8392305f4: 8001 0000 | 4c8b d349 | 83c2 104c | 8b9c 24b0 | 0000 0049 | c1eb 0385 | ed0f 8447 | 5300 003b 
  0x000001c839230614: ac24 a000 | 0000 0f8c | f531 0000 | 4c8b 8424 | b800 0000 | 4983 c0f0 | 49c1 e803 | 488b 4c24 
  0x000001c839230634: 4049 8bd2 | c5f8 7749 | ba80 9c8e | 38c8 0100 | 0041 ffd2 

  0x000001c839230648: ;   {other}
  0x000001c839230648: 0f1f 8400 | 0000 0000 | 4c8b 9424 | a800 0000 | 4588 6210 | 4c8b c345 | 8942 144d | 8bda 49c1 
  0x000001c839230668: eb09 49b8 | 0000 722d | c801 0000 | 4788 2418 | 448b 8c24 | 9c00 0000 

  0x000001c839230680: ; implicit exception: dispatches to 0x000001c839238be0
  0x000001c839230680: 458b 4114 | 4585 c00f | 8507 1e00 | 0045 8b41 | 1045 85c0 | 0f85 7a39 

  0x000001c839230698: ;   {oop(a 'java/security/cert/Certificate'[0] {0x0000000080004718})}
  0x000001c839230698: 0000 48bb | 1847 0080 | 0000 0000 | 448b 8c24 | 8800 0000 | 458b 412c | 4585 c00f | 844b 4800 
  0x000001c8392306b8: 0048 899c | 2498 0000 | 0049 8bd0 | 4d8b c24c | 8bcb 8b7c | 2424 4c8b | 9424 8000 | 0000 4c89 
  0x000001c8392306d8: 5424 384c | 8b54 2460 | 4c89 5424 | 4048 8b6c | 2438 6690 

  0x000001c8392306ec: ;   {optimized virtual_call}
  0x000001c8392306ec: c5f8 77e8 

  0x000001c8392306f0: ; ImmutableOopMap {rbp=Oop [48]=Oop [56]=Oop [64]=Oop [72]=Oop [80]=Oop [88]=Oop [96]=Oop [104]=Oop [112]=Oop [120]=Oop [128]=Oop [136]=NarrowOop [144]=Oop [152]=Oop [248]=Oop }
                      ;*invokevirtual putVal {reexecute=0 rethrow=0 return_oop=1}
                      ; - java.util.concurrent.ConcurrentHashMap::putIfAbsent@4
                      ; - java.lang.ClassLoader::checkCerts@62
                      ; - java.lang.ClassLoader::preDefineClass@113
                      ; - java.lang.ClassLoader::defineClass@4
                      ; - org.eclipse.osgi.internal.loader.ModuleClassLoader::defineClass@37 (line 315)
                      ; - org.eclipse.osgi.internal.loader.classpath.ClasspathManager::defineClass@424 (line 779)
  0x000001c8392306f0: acb0 2000 

  0x000001c8392306f4: ;   {other}
  0x000001c8392306f4: 0f1f 8400 | e424 0011 | 4885 c074 | 3344 8b58 

  0x000001c839230704: ;   {metadata('java/security/cert/Certificate'[])}
  0x000001c839230704: 0841 81fb | 2029 1000 | 0f85 6576 | 0000 4c8b | ac24 9800 | 0000 458b | 450c 448b | 480c 4585 
  0x000001c839230724: c00f 8782 | 2000 0045 | 85c9 0f87 | 485a 0000 | 4c8b 8c24 | f800 0000 | 458b 5910 

  0x000001c839230740: ; implicit exception: dispatches to 0x000001c839238c64
  0x000001c839230740: 458b 530c | 4585 d20f | 8439 2000 | 0045 8b42 | 3845 8b58 | 0849 8bca 

  0x000001c839230758: ;   {metadata('sun/net/www/protocol/file/Handler')}
  0x000001c839230758: 4181 fb50 | 3421 000f | 85c0 1f00 | 004d 8b9f | c801 0000 | 498b 87b8 | 0100 004c | 8bc0 4983 
  0x000001c839230778: c018 4d3b | c30f 8349 | 3c00 0048 | 894c 2438 | 4489 5424 | 2c48 ffb4 | 24f8 0000 | 0048 8f84 
  0x000001c839230798: 2498 0000 | 004d 8987 | b801 0000 | 410f 0d88 | c000 0000 | 48c7 0001 | 0000 004c | 8bd0 4983 
  0x000001c8392307b8: ;   {metadata('java/lang/StringBuilder')}
  0x000001c8392307b8: c210 c740 | 0840 8000 | 0044 8960 | 0cc5 fdef | c0c4 c179 | d602 4889 | 8424 a000 | 0000 41b8 
  0x000001c8392307d8: 1000 0000 | 488b d04c | 8b94 2490 | 0000 004c | 8954 2440 | 488b 6c24 | 6066 6690 

  0x000001c8392307f4: ;   {optimized virtual_call}
  0x000001c8392307f4: c5f8 77e8 

  0x000001c8392307f8: ; ImmutableOopMap {rbp=Oop [44]=NarrowOop [48]=Oop [56]=Oop [64]=Oop [72]=Oop [80]=Oop [88]=Oop [96]=Oop [104]=Oop [112]=Oop [120]=Oop [128]=Oop [136]=NarrowOop [144]=Oop [152]=Oop [160]=Oop }
                      ;*invokespecial <init> {reexecute=0 rethrow=0 return_oop=0}
                      ; - java.lang.StringBuilder::<init>@3
                      ; - java.net.URLStreamHandler::toExternalForm@4
                      ; - java.net.URL::toExternalForm@5
                      ; - java.net.URL::toString@1
                      ; - java.lang.ClassLoader::defineClassSourceLocation@22
                      ; - java.lang.ClassLoader::defineClass@12
                      ; - org.eclipse.osgi.internal.loader.ModuleClassLoader::defineClass@37 (line 315)
                      ; - org.eclipse.osgi.internal.loader.classpath.ClasspathManager::defineClass@424 (line 779)
  0x000001c8392307f8: 448b c9ff 

  0x000001c8392307fc: ;   {other}
  0x000001c8392307fc: 0f1f 8400 | ec25 0012 | 448b 5424 | 2c45 8b52 | 144d 8bc2 | 488b 9424 | a000 0000 

  0x000001c839230818: ;   {optimized virtual_call}
  0x000001c839230818: c5f8 77e8 

  0x000001c83923081c: ; ImmutableOopMap {rbp=Oop [44]=NarrowOop [48]=Oop [56]=Oop [64]=Oop [72]=Oop [80]=Oop [88]=Oop [96]=Oop [104]=Oop [112]=Oop [120]=Oop [128]=Oop [136]=NarrowOop [144]=Oop [152]=Oop [160]=Oop }
                      ;*invokespecial append {reexecute=0 rethrow=0 return_oop=1}
                      ; - java.lang.StringBuilder::append@2
                      ; - java.net.URLStreamHandler::toExternalForm@11
                      ; - java.net.URL::toExternalForm@5
                      ; - java.net.URL::toString@1
                      ; - java.lang.ClassLoader::defineClassSourceLocation@22
                      ; - java.lang.ClassLoader::defineClass@12
                      ; - org.eclipse.osgi.internal.loader.ModuleClassLoader::defineClass@37 (line 315)
                      ; - org.eclipse.osgi.internal.loader.classpath.ClasspathManager::defineClass@424 (line 779)
  0x000001c83923081c: 8037 1700 

  0x000001c839230820: ;   {other}
  0x000001c839230820: 0f1f 8400 | 1026 0013 | 41b8 3a00 | 0000 488b | 9424 a000 | 0000 6690 

  0x000001c839230838: ;   {optimized virtual_call}
  0x000001c839230838: c5f8 77e8 

  0x000001c83923083c: ; ImmutableOopMap {rbp=Oop [44]=NarrowOop [48]=Oop [56]=Oop [64]=Oop [72]=Oop [80]=Oop [88]=Oop [96]=Oop [104]=Oop [112]=Oop [120]=Oop [128]=Oop [136]=NarrowOop [144]=Oop [152]=Oop [160]=Oop }
                      ;*invokespecial append {reexecute=0 rethrow=0 return_oop=1}
                      ; - java.lang.StringBuilder::append@2
                      ; - java.net.URLStreamHandler::toExternalForm@16
                      ; - java.net.URL::toExternalForm@5
                      ; - java.net.URL::toString@1
                      ; - java.lang.ClassLoader::defineClassSourceLocation@22
                      ; - java.lang.ClassLoader::defineClass@12
                      ; - org.eclipse.osgi.internal.loader.ModuleClassLoader::defineClass@37 (line 315)
                      ; - org.eclipse.osgi.internal.loader.classpath.ClasspathManager::defineClass@424 (line 779)
  0x000001c83923083c: 60dc dfff 

  0x000001c839230840: ;   {other}
  0x000001c839230840: 0f1f 8400 | 3026 0014 | 448b 5424 | 2c45 8b5a | 2445 85db | 7411 458b | 4b14 458b | 410c 4585 
  0x000001c839230860: c00f 877b 

  0x000001c839230864: ;   {oop(""{0x0000000080001770})}
  0x000001c839230864: 3400 0049 | b870 1700 | 8000 0000 | 0048 8b94 | 24a0 0000 | 004c 8b94 | 2480 0000 | 004c 8954 
  0x000001c839230884: 2440 488b | 6c24 6090 

  0x000001c83923088c: ;   {optimized virtual_call}
  0x000001c83923088c: c5f8 77e8 

  0x000001c839230890: ; ImmutableOopMap {rbp=Oop [44]=NarrowOop [48]=Oop [56]=Oop [64]=Oop [72]=Oop [80]=Oop [88]=Oop [96]=Oop [104]=Oop [112]=Oop [120]=Oop [128]=Oop [136]=NarrowOop [144]=Oop [152]=Oop [160]=Oop }
                      ;*invokespecial append {reexecute=0 rethrow=0 return_oop=1}
                      ; - java.lang.StringBuilder::append@2
                      ; - java.net.URLStreamHandler::toExternalForm@59
                      ; - java.net.URL::toExternalForm@5
                      ; - java.net.URL::toString@1
                      ; - java.lang.ClassLoader::defineClassSourceLocation@22
                      ; - java.lang.ClassLoader::defineClass@12
                      ; - org.eclipse.osgi.internal.loader.ModuleClassLoader::defineClass@37 (line 315)
                      ; - org.eclipse.osgi.internal.loader.classpath.ClasspathManager::defineClass@424 (line 779)
  0x000001c839230890: 0c37 1700 

  0x000001c839230894: ;   {other}
  0x000001c839230894: 0f1f 8400 | 8426 0015 | 448b 4c24 | 2c41 8b69 | 2885 ed0f | 84f7 5a00 | 004c 8bc5 | 488b 9424 
  0x000001c8392308b4: a000 0000 | 488b 6c24 | 6066 6690 

  0x000001c8392308c0: ;   {optimized virtual_call}
  0x000001c8392308c0: c5f8 77e8 

  0x000001c8392308c4: ; ImmutableOopMap {rbp=Oop [44]=NarrowOop [48]=Oop [56]=Oop [64]=Oop [72]=Oop [80]=Oop [88]=Oop [96]=Oop [104]=Oop [112]=Oop [120]=Oop [128]=Oop [136]=NarrowOop [144]=Oop [152]=Oop [160]=Oop }
                      ;*invokespecial append {reexecute=0 rethrow=0 return_oop=1}
                      ; - java.lang.StringBuilder::append@2
                      ; - java.net.URLStreamHandler::toExternalForm@77
                      ; - java.net.URL::toExternalForm@5
                      ; - java.net.URL::toString@1
                      ; - java.lang.ClassLoader::defineClassSourceLocation@22
                      ; - java.lang.ClassLoader::defineClass@12
                      ; - org.eclipse.osgi.internal.loader.ModuleClassLoader::defineClass@37 (line 315)
                      ; - org.eclipse.osgi.internal.loader.classpath.ClasspathManager::defineClass@424 (line 779)
  0x000001c8392308c4: d836 1700 

  0x000001c8392308c8: ;   {other}
  0x000001c8392308c8: 0f1f 8400 | b826 0016 | 448b 4424 | 2c41 8b68 | 2085 ed0f | 852f 5b00 | 008b 6c24 | 2c48 8b94 
  0x000001c8392308e8: 24a0 0000 

  0x000001c8392308ec: ;   {oop(""{0x0000000080001770})}
  0x000001c8392308ec: 0049 b870 | 1700 8000 | 0000 004c | 8b94 2490 | 0000 004c | 8954 2440 

  0x000001c839230904: ;   {optimized virtual_call}
  0x000001c839230904: c5f8 77e8 

  0x000001c839230908: ; ImmutableOopMap {rbp=NarrowOop [48]=Oop [56]=Oop [64]=Oop [72]=Oop [80]=Oop [88]=Oop [96]=Oop [104]=Oop [112]=Oop [120]=Oop [128]=Oop [136]=NarrowOop [144]=Oop [152]=Oop [160]=Oop }
                      ;*invokespecial append {reexecute=0 rethrow=0 return_oop=1}
                      ; - java.lang.StringBuilder::append@2
                      ; - java.net.URLStreamHandler::toExternalForm@113
                      ; - java.net.URL::toExternalForm@5
                      ; - java.net.URL::toString@1
                      ; - java.lang.ClassLoader::defineClassSourceLocation@22
                      ; - java.lang.ClassLoader::defineClass@12
                      ; - org.eclipse.osgi.internal.loader.ModuleClassLoader::defineClass@37 (line 315)
                      ; - org.eclipse.osgi.internal.loader.classpath.ClasspathManager::defineClass@424 (line 779)
  0x000001c839230908: 9436 1700 

  0x000001c83923090c: ;   {other}
  0x000001c83923090c: 0f1f 8400 | fc26 0017 | 8b6d 3085 | ed0f 855d | 5b00 0048 | 8b94 24a0 

  0x000001c839230924: ;   {oop(""{0x0000000080001770})}
  0x000001c839230924: 0000 0049 | b870 1700 | 8000 0000 | 004c 8b94 | 2480 0000 | 004c 8954 | 2438 488b | 6c24 6090 
  0x000001c839230944: ;   {optimized virtual_call}
  0x000001c839230944: c5f8 77e8 

  0x000001c839230948: ; ImmutableOopMap {rbp=Oop [48]=Oop [56]=Oop [64]=Oop [72]=Oop [80]=Oop [88]=Oop [96]=Oop [104]=Oop [112]=Oop [120]=Oop [128]=Oop [136]=NarrowOop [144]=Oop [152]=Oop [160]=Oop }
                      ;*invokespecial append {reexecute=0 rethrow=0 return_oop=1}
                      ; - java.lang.StringBuilder::append@2
                      ; - java.net.URLStreamHandler::toExternalForm@149
                      ; - java.net.URL::toExternalForm@5
                      ; - java.net.URL::toString@1
                      ; - java.lang.ClassLoader::defineClassSourceLocation@22
                      ; - java.lang.ClassLoader::defineClass@12
                      ; - org.eclipse.osgi.internal.loader.ModuleClassLoader::defineClass@37 (line 315)
                      ; - org.eclipse.osgi.internal.loader.classpath.ClasspathManager::defineClass@424 (line 779)
  0x000001c839230948: 5436 1700 

  0x000001c83923094c: ;   {other}
  0x000001c83923094c: 0f1f 8400 | 3c27 0018 | 498b 87b8 | 0100 004d | 8b97 c801 | 0000 4c8b | d849 83c3 | 184d 3bda 
  0x000001c83923096c: 0f83 ab3a | 0000 4d89 | 9fb8 0100 | 004c 8bd0 | 4983 c210 | 48c7 0001 | 0000 0041 | 0f0d 8bc0 
  0x000001c83923098c: ;   {metadata('java/lang/String')}
  0x000001c83923098c: 0000 00c7 | 4008 78e8 | 0000 4489 | 600c c5fd | efc0 c4c1 | 79d6 0248 | 8be8 488b | d54c 8b84 
  0x000001c8392309ac: 24a0 0000 | 004c 8b94 | 2490 0000 | 004c 8954 | 2438 4c8b | 9424 8000 | 0000 4c89 | 5424 4090 
  0x000001c8392309cc: ;   {optimized virtual_call}
  0x000001c8392309cc: c5f8 77e8 

  0x000001c8392309d0: ; ImmutableOopMap {rbp=Oop [48]=Oop [56]=Oop [64]=Oop [72]=Oop [80]=Oop [88]=Oop [96]=Oop [104]=Oop [112]=Oop [120]=Oop [128]=Oop [136]=NarrowOop [144]=Oop [152]=Oop }
                      ;*invokespecial <init> {reexecute=0 rethrow=0 return_oop=0}
                      ; - java.lang.StringBuilder::toString@5
                      ; - java.net.URLStreamHandler::toExternalForm@152
                      ; - java.net.URL::toExternalForm@5
                      ; - java.net.URL::toString@1
                      ; - java.lang.ClassLoader::defineClassSourceLocation@22
                      ; - java.lang.ClassLoader::defineClass@12
                      ; - org.eclipse.osgi.internal.loader.ModuleClassLoader::defineClass@37 (line 315)
                      ; - org.eclipse.osgi.internal.loader.classpath.ClasspathManager::defineClass@424 (line 779)
  0x000001c8392309d0: 2c41 2e00 

  0x000001c8392309d4: ;   {other}
  0x000001c8392309d4: 0f1f 8400 | c427 0019 | 488b c54c | 8b8c 2498 | 0000 004c | 898c 2498 | 0000 0048 | 8b54 2430 
  0x000001c8392309f4: 4c8b 8424 | 8000 0000 | 4c8b 4c24 | 608b 7c24 | 208b b424 | 8c00 0000 | 488b 8c24 | 9800 0000 
  0x000001c839230a14: 4889 0424 

  0x000001c839230a18: ;   {static_call}
  0x000001c839230a18: c5f8 77e8 

  0x000001c839230a1c: ; ImmutableOopMap {[48]=Oop [72]=Oop [80]=Oop [88]=Oop [96]=Oop [104]=Oop [112]=Oop [120]=Oop [128]=Oop [136]=NarrowOop [144]=Oop [152]=Oop }
                      ;*invokestatic defineClass1 {reexecute=0 rethrow=0 return_oop=1}
                      ; - java.lang.ClassLoader::defineClass@27
                      ; - org.eclipse.osgi.internal.loader.ModuleClassLoader::defineClass@37 (line 315)
                      ; - org.eclipse.osgi.internal.loader.classpath.ClasspathManager::defineClass@424 (line 779)
  0x000001c839230a1c: c0ff c8ff 

  0x000001c839230a20: ;   {other}
  0x000001c839230a20: 0f1f 8400 | 1028 001a | 4c8b d044 | 8b58 3c45 | 85db 0f85 | 9500 0000 | 4c8b 5810 

  0x000001c839230a3c: ; implicit exception: dispatches to 0x000001c839238cd4
  0x000001c839230a3c: 458b 4b08 | 4585 c90f | 8c43 5800 | 0044 8b40 | 2c45 85c0 | 0f84 3124 | 0000 4d8b | c841 8b49 
  0x000001c839230a5c: 148b 790c | 450f be41 | 10c4 e23a | f7df 8d43 | ff45 85c0 | 0f85 7e5d | 0000 448d | 47ff 443b 
  0x000001c839230a7c: c044 0f4f | c045 85c0 | 0f8c d600 | 0000 85ff | 0f86 6257 | 0000 443b | c70f 8359 | 5700 0045 
  0x000001c839230a9c: 85c0 0f8e | 6858 0000 | 458d 58ff | 498b d244 | 8bd1 420f | be74 0110 | 83fe 2e0f | 84da 2700 
  0x000001c839230abc: 0041 ffc8 | 453b c37f | e641 83f8 | 027e 6eeb | 2649 8bc3 | e984 0300 | 0041 8bca | 458b d8eb 
  0x000001c839230adc: 0445 8d58 | ff4c 8bd2 | e97d 0000 | 000f 1f80 | 0000 0000 | 448b d14d | 63d8 430f | be4c 1a10 
  0x000001c839230afc: 83f9 2e74 | d441 8bca | 470f be54 | 1a0f 4183 | fa2e 74cd | 458d 58fe | 420f be74 | 1910 83fe 
  0x000001c839230b1c: ;   {no_reloc}
  0x000001c839230b1c: 2e74 c245 | 8d58 fd46 | 0fbe 5419 | 1041 83fa | 2e74 b241 | 83c0 fc41 | 83f8 027f | b741 83f8 
  0x000001c839230b3c: ff7e 1e46 | 0fbe 5401 | 1041 83fa | 2e0f 84e5 | 2a00 0041 | ffc8 4183 | f8ff 7fe7 | 4c8b d2eb 
  0x000001c839230b5c: 034c 8bd2 | 41bb ffff | ffff 4183 | fbff 0f84 | c45d 0000 | 4585 db0f | 8c1f 5d00 | 0044 3bdb 
  0x000001c839230b7c: 0f8f 3a5e | 0000 443b | db0f 8499 | 2500 0045 | 85db 0f84 | 7a2f 0000 | 4d8b 87c8 | 0100 004d 
  0x000001c839230b9c: 8b8f b801 | 0000 498b | d948 83c3 | 1849 3bd8 | 0f83 343c | 0000 4989 | 9fb8 0100 | 000f 0d8b 
  0x000001c839230bbc: c000 0000 | 49c7 0101 | 0000 004d | 8bc1 4983 

  0x000001c839230bcc: ;   {metadata('java/lang/String')}
  0x000001c839230bcc: c010 41c7 | 4108 78e8 | 0000 4589 | 610c c5fd | efc0 c4c1 | 79d6 004c | 8bc1 4c89 | 8424 e000 
  0x000001c839230bec: 0000 488d | 5910 443b | df0f 85cb | 0000 004c | 63c7 81ff | 0000 1000 | 0f87 263e | 0000 4c89 
  0x000001c839230c0c: 4424 3848 | 8beb 4c89 | 8c24 a800 | 0000 448b | df89 8c24 | 8c00 0000 | 4c89 9424 | a000 0000 
  0x000001c839230c2c: 4d8b 97b8 | 0100 004d | 8b87 c801 | 0000 4c8b | 4c24 3849 | 83c1 1749 | 83e1 f849 | 8bca 4903 
  0x000001c839230c4c: c949 3bc8 | 0f83 fc3d | 0000 4989 | 8fb8 0100 | 000f 0d89 | c000 0000 | 49c7 0201 | 0000 000f 
  0x000001c839230c6c: 0d89 0001 

  0x000001c839230c70: ;   {metadata({type array byte})}
  0x000001c839230c70: 0000 41c7 | 4208 1823 | 0000 4189 | 7a0c 0f0d | 8940 0100 | 000f 0d89 | 8001 0000 | 498b d248 
  0x000001c839230c90: 83c2 1049 | 8bda 4c8b | 5424 3849 | 83c2 0749 | c1ea 0348 | 8bcd 4d8b | c2c5 f877 | 49ba 809c 
  0x000001c839230cb0: 8e38 c801 | 0000 41ff 

  0x000001c839230cb8: ;   {other}
  0x000001c839230cb8: d20f 1f84 | 0000 0000 | 00e9 1501 | 0000 4181 | fb00 0010 | 000f 8721 | 5900 004d | 63c3 413b 
  0x000001c839230cd8: fb8b ef41 | 0f4f eb3b | fd0f 8288 | 5900 0044 | 3bdd 0f82 | 7f59 0000 | 4983 c017 | 498b c848 
  0x000001c839230cf8: 83e1 f841 | 81fb 0000 | 1000 0f87 | 203b 0000 | 4889 8c24 | b000 0000 | 4c89 4424 | 4048 895c 
  0x000001c839230d18: 2438 4c89 | 8c24 a800 | 0000 4489 | 5c24 2c4c | 8994 24a0 | 0000 0049 | 8b9f b801 | 0000 4c8b 
  0x000001c839230d38: d34c 03d1 | 4d8b 9fc8 | 0100 004d | 3bd3 0f83 | 033b 0000 | 4d89 97b8 | 0100 0041 | 0f0d 8ac0 
  0x000001c839230d58: 0000 0048 | c703 0100 | 0000 410f | 0d8a 0001 

  0x000001c839230d68: ;   {metadata({type array byte})}
  0x000001c839230d68: 0000 c743 | 0818 2300 | 0044 8b5c | 242c 4489 | 5b0c 410f | 0d8a 4001 | 0000 410f | 0d8a 8001 
  0x000001c839230d88: 0000 488b | d348 83c2 | 104c 8b54 | 2440 49c1 | ea03 85ed | 0f84 5a58 | 0000 413b | eb0f 8c8c 
  0x000001c839230da8: 2c00 004c | 8b94 24b0 | 0000 0049 | 83c2 f049 | c1ea 0348 | 8b4c 2438 | 4d8b c2c5 | f877 49ba 
  0x000001c839230dc8: 809c 8e38 | c801 0000 

  0x000001c839230dd0: ;   {other}
  0x000001c839230dd0: 41ff d20f | 1f84 0000 | 0000 004c | 8b84 24a8 | 0000 0045 | 8860 104c | 8bdb 4589 | 5814 4d8b 
  0x000001c839230df0: d049 c1ea | 0949 bb00 | 0072 2dc8 | 0100 0047 | 8824 134c | 8b94 24a0 | 0000 004c | 8954 2438 
  0x000001c839230e10: 498b d04c | 8b94 2490 | 0000 004c | 8954 2440 | 488b 6c24 | 3066 6690 

  0x000001c839230e28: ;   {optimized virtual_call}
  0x000001c839230e28: c5f8 77e8 

  0x000001c839230e2c: ; ImmutableOopMap {rbp=Oop [48]=Oop [56]=Oop [64]=Oop [72]=Oop [80]=Oop [88]=Oop [96]=Oop [104]=Oop [112]=Oop [120]=Oop [128]=Oop [136]=NarrowOop [144]=Oop [152]=Oop }
                      ;*invokevirtual intern {reexecute=0 rethrow=0 return_oop=1}
                      ; - java.lang.Class::getPackageName@65
                      ; - java.lang.ClassLoader::postDefineClass@2
                      ; - java.lang.ClassLoader::defineClass@37
                      ; - org.eclipse.osgi.internal.loader.ModuleClassLoader::defineClass@37 (line 315)
                      ; - org.eclipse.osgi.internal.loader.classpath.ClasspathManager::defineClass@424 (line 779)
  0x000001c839230e2c: 90f3 c3ff 

  0x000001c839230e30: ;   {other}
  0x000001c839230e30: 0f1f 8400 | 202c 001b | 4c8b d84c | 8b54 2438 | 4589 5a3c | 4d8b da49 | c1eb 0949 | b800 0072 
  0x000001c839230e50: 2dc8 0100 | 0047 8824 | 1844 8b8c | 2488 0000 | 0045 8b41 | 3845 85c0 | 0f84 f240 | 0000 488b 
  0x000001c839230e70: d88b 400c | 418b 4a30 | 85c0 0f84 | df0e 0000 | 418b 5028 | 85d2 0f84 | d80f 0000 | 448b 5a0c 
  0x000001c839230e90: 4585 db0f | 869b 5000 | 0089 8c24 | 8c00 0000 | 4889 9c24 | a800 0000 | 4c89 9424 | a000 0000 
  0x000001c839230eb0: 4489 8c24 | 8800 0000 | 448b c041 | c1e8 1044 | 33c0 41ff | cb41 81e0 | ffff ff7f | 4489 8424 
  0x000001c839230ed0: b000 0000 | 4523 d84d | 63d3 468b | 4c92 1045 | 85c9 0f84 | 6c0f 0000 | 418b 690c | 413b e80f 
  0x000001c839230ef0: 84c3 0100 | 0085 ed0f | 8ce3 5b00 | 0045 8b59 | 1845 85db | 7524 448b | 8c24 8800 | 0000 4c8b 
  0x000001c839230f10: 9424 a000 | 0000 488b | 9c24 a800 | 0000 8b8c | 248c 0000 | 00e9 3a0f | 0000 458b 

  0x000001c839230f2c: ;   {no_reloc}
  0x000001c839230f2c: 530c 4c89 | 9c24 b800 | 0000 4d8b | 9f58 0400 

  0x000001c839230f3c: ; ImmutableOopMap {[48]=Oop [72]=Oop [80]=Oop [88]=Oop [96]=Oop [104]=Oop [112]=Oop [120]=Oop [128]=Oop [136]=NarrowOop [140]=NarrowOop [144]=Oop [152]=Oop [160]=Oop [168]=Oop [184]=Oop }
                      ;*if_icmpne {reexecute=1 rethrow=0 return_oop=0}
                      ; - (reexecute) java.util.concurrent.ConcurrentHashMap::get@127
                      ; - java.lang.ClassLoader::getNamedPackage@5
                      ; - java.lang.ClassLoader::postDefineClass@9
                      ; - java.lang.ClassLoader::defineClass@37
                      ; - org.eclipse.osgi.internal.loader.ModuleClassLoader::defineClass@37 (line 315)
                      ; - org.eclipse.osgi.internal.loader.classpath.ClasspathManager::defineClass@424 (line 779)
                      ;   {poll}
  0x000001c839230f3c: 0041 8503 | 443b 9424 | b000 0000 | 743a 4c8b | 9424 b800 | 0000 458b | 5218 4585 | d275 2444 
  0x000001c839230f5c: 8b8c 2488 | 0000 004c | 8b94 24a0 | 0000 0048 | 8b9c 24a8 | 0000 008b | 8c24 8c00 | 0000 e9e5 
  0x000001c839230f7c: 0e00 004d | 8bda eba6 | 4c8b 9424 | b800 0000 | 418b 6a10 | 4c8b d54c | 8b9c 24a8 | 0000 004d 
  0x000001c839230f9c: 3bd3 0f84 | dc00 0000 | 85ed 0f84 | 6467 0000 | 4c8b c549 | 8bd3 488b | 6c24 5090 

  0x000001c839230fb8: ;   {optimized virtual_call}
  0x000001c839230fb8: c5f8 77e8 

  0x000001c839230fbc: ; ImmutableOopMap {rbp=Oop [48]=Oop [72]=Oop [80]=Oop [88]=Oop [96]=Oop [104]=Oop [112]=Oop [120]=Oop [128]=Oop [136]=NarrowOop [140]=NarrowOop [144]=Oop [152]=Oop [160]=Oop [168]=Oop [184]=Oop }
                      ;*invokevirtual equals {reexecute=0 rethrow=0 return_oop=0}
                      ; - java.util.concurrent.ConcurrentHashMap::get@149
                      ; - java.lang.ClassLoader::getNamedPackage@5
                      ; - java.lang.ClassLoader::postDefineClass@9
                      ; - java.lang.ClassLoader::defineClass@37
                      ; - org.eclipse.osgi.internal.loader.ModuleClassLoader::defineClass@37 (line 315)
                      ; - org.eclipse.osgi.internal.loader.classpath.ClasspathManager::defineClass@424 (line 779)
  0x000001c839230fbc: 00d0 1300 

  0x000001c839230fc0: ;   {other}
  0x000001c839230fc0: 0f1f 8400 | b02d 001d | 85c0 0f85 | b000 0000 | ba45 ffff | ff4c 8b94 | 2480 0000 | 004c 8954 
  0x000001c839230fe0: 2420 4c8b | 5424 604c | 8954 2428 | 4c8b 5424 | 684c 8954 | 2430 4c8b | 5424 704c | 8954 2438 
  0x000001c839231000: 4c8b 5424 | 484c 8954 | 2440 4c8b | 5424 584c | 8954 2448 | 4c8b 9424 | 9000 0000 | 4c89 5424 
  0x000001c839231020: 584c 8b94 | 24a0 0000 | 004c 8954 | 2460 448b | 9424 8800 | 0000 4489 | 5424 684c | 8b94 2498 
  0x000001c839231040: 0000 004c | 8954 2478 | 4c8b 9424 | a800 0000 | 448b 9c24 | 8c00 0000 | 4489 9c24 | 8800 0000 
  0x000001c839231060: 4c89 9424 | 9000 0000 | 8984 24a0 | 0000 0090 

  0x000001c839231070: ;   {runtime_call UncommonTrapBlob}
  0x000001c839231070: c5f8 77e8 

  0x000001c839231074: ; ImmutableOopMap {rbp=Oop [32]=Oop [40]=Oop [48]=Oop [56]=Oop [64]=Oop [72]=Oop [88]=Oop [96]=Oop [104]=NarrowOop [120]=Oop [136]=NarrowOop [144]=Oop [168]=Oop [184]=Oop }
                      ;*ifeq {reexecute=1 rethrow=0 return_oop=0}
                      ; - (reexecute) java.util.concurrent.ConcurrentHashMap::get@152
                      ; - java.lang.ClassLoader::getNamedPackage@5
                      ; - java.lang.ClassLoader::postDefineClass@9
                      ; - java.lang.ClassLoader::defineClass@37
                      ; - org.eclipse.osgi.internal.loader.ModuleClassLoader::defineClass@37 (line 315)
                      ; - org.eclipse.osgi.internal.loader.classpath.ClasspathManager::defineClass@424 (line 779)
  0x000001c839231074: 885c 6dff 

  0x000001c839231078: ;   {other}
  0x000001c839231078: 0f1f 8400 | 682e 001e | 4c8b 9424 | b800 0000 | 418b 6a14 | 85ed 0f85 | 9900 0000 | 448b 8c24 
  0x000001c839231098: 8800 0000 | 4c8b 9424 | a000 0000 | 488b 9c24 | a800 0000 | 8b8c 248c | 0000 00e9 | ac0d 0000 
  0x000001c8392310b8: 4489 8c24 | b400 0000 | 418b 6910 | 4c8b d54c | 3bd3 744d | 85ed 0f84 | 585d 0000 | 4c8b c549 
  0x000001c8392310d8: 8be9 488b | d34c 8b94 | 2490 0000 | 004c 8954 | 2438 4c8b | 9424 a000 | 0000 4c89 | 5424 4090 
  0x000001c8392310f8: ;   {optimized virtual_call}
  0x000001c8392310f8: c5f8 77e8 

  0x000001c8392310fc: ; ImmutableOopMap {rbp=Oop [48]=Oop [56]=Oop [64]=Oop [72]=Oop [80]=Oop [88]=Oop [96]=Oop [104]=Oop [112]=Oop [120]=Oop [128]=Oop [136]=NarrowOop [140]=NarrowOop [144]=Oop [152]=Oop [160]=Oop [168]=Oop [180]=NarrowOop }
                      ;*invokevirtual equals {reexecute=0 rethrow=0 return_oop=0}
                      ; - java.util.concurrent.ConcurrentHashMap::get@73
                      ; - java.lang.ClassLoader::getNamedPackage@5
                      ; - java.lang.ClassLoader::postDefineClass@9
                      ; - java.lang.ClassLoader::defineClass@37
                      ; - org.eclipse.osgi.internal.loader.ModuleClassLoader::defineClass@37 (line 315)
                      ; - org.eclipse.osgi.internal.loader.classpath.ClasspathManager::defineClass@424 (line 779)
  0x000001c8392310fc: c0ce 1300 

  0x000001c839231100: ;   {other}
  0x000001c839231100: 0f1f 8400 | f02e 001f | 85c0 750d | 448b 8c24 | b400 0000 | e9e4 fdff | ff44 8b9c | 24b4 0000 
  0x000001c839231120: 0041 8b6b | 1485 ed0f | 84d1 2800 | 0044 8b5d | 0849 ba00 | 0000 45c8 | 0100 004d | 03d3 4d8b 
  0x000001c839231140: ;   {metadata('java/lang/NamedPackage')}
  0x000001c839231140: 5238 49bb | e8c0 0145 | c801 0000 | 4d3b d30f | 8578 4800 | 004c 8b94 | 2498 0000 | 0045 8b5a 
  0x000001c839231160: 1045 8b4b | 1445 85c9 | 0f85 c914 | 0000 458b | 4310 4585 | c00f 85c6 | 3200 0041 | ba01 0000 
  0x000001c839231180: 004c 8b8c | 24a0 0000 | 004c 8b84 | 2490 0000 | 0048 8d84 | 2400 0100 | 0048 8338 | 000f 8479 
  0x000001c8392311a0: 0000 004d | 8b18 41f6 | c302 0f84 | 6200 0000 | 4983 bb86 | 0000 0000 | 7409 49ff | 8b86 0000 
  0x000001c8392311c0: 00eb 4b49 | 8b83 9600 | 0000 490b | 838e 0000 | 0075 0a49 | c743 3e00 | 0000 00eb | 3d49 83bb 
  0x000001c8392311e0: 9e00 0000 | 0074 2248 | 33c0 49c7 | 433e 0000 | 0000 f083 | 0424 0049 | 83bb 9e00 | 0000 0075 
  0x000001c839231200: 0df0 4d0f | b17b 3e75 | 0583 c801 | eb0c a800 | eb08 4c8b | 18f0 4d0f | b118 750a | 49ff 8f50 
  0x000001c839231220: 0500 0045 | 33db 0f85 | 4b46 0000 | 4d8b afb8 | 0100 004d | 8b9f c801 | 0000 4d8b | c549 83c0 
  0x000001c839231240: ;   {no_reloc}
  0x000001c839231240: 184d 3bc3 | 0f83 6834 | 0000 4d89 | 87b8 0100 | 004d 8bdd | 4983 c310 | 49c7 4500 | 0100 0000 
  0x000001c839231260: 410f 0d88 | c000 0000 

  0x000001c839231268: ;   {metadata('org/eclipse/osgi/internal/loader/ModuleClassLoader$DefineClassResult')}
  0x000001c839231268: 41c7 4508 | 2866 1201 | 4589 650c | c5fd efc0 | c4c1 79d6 | 0345 8855 | 0c4c 8b54 | 2458 418b 
  0x000001c839231288: 6a10 4d8b | d945 895d | 1044 8b5d 

  0x000001c839231294: ;   {metadata('java/util/ArrayList')}
  0x000001c839231294: 0841 81fb | d089 0b00 | 0f85 0c46 | 0000 4c8b | dd45 8b73 | 1045 85f6 | 0f8e d903 | 0000 458b 
  0x000001c8392312b4: 5314 458b | 4a0c 4489 | 4c24 2c45 | 85c9 0f86 | 8844 0000 | 4d63 c64d | 63c9 49ff | c84d 3bc1 
  0x000001c8392312d4: 0f83 7644 | 0000 4489 | 9424 8800 | 0000 4c89 | 5c24 784c | 896c 2458 | 4c8b 9424 | 8000 0000 
  0x000001c8392312f4: 458b 4214 | 450f be5a | 1044 8b8c | 2488 0000 | 004d 8be9 | 4d8b d049 | 8d68 1045 | 33d2 e905 
  0x000001c839231314: 0200 0044 | 8b94 24b0 

  0x000001c83923131c: ;   {metadata('java/util/HashMap$KeyIterator')}
  0x000001c83923131c: 0000 0041 | 81fa 8855 | 1a00 0f85 | 3406 0000 | 4c8b cd45 | 8b41 1c41 | 8b40 1845 | 8b51 0c41 
  0x000001c83923133c: 3bc2 0f85 | e039 0000 | 458b 5114 

  0x000001c839231348: ; implicit exception: dispatches to 0x000001c83923851a
  0x000001c839231348: 418b 4218 | 4889 ac24 | 9000 0000 | 897c 2428 | 895c 2424 | 4889 7424 | 404c 895c | 2448 4889 
  0x000001c839231368: 4c24 784c | 896c 2450 | 4589 5118 | 4189 4114 | 4d8b d949 | c1eb 0948 | b900 0072 | 2dc8 0100 
  0x000001c839231388: 0046 8824 | 1985 c00f | 85b3 e6ff | ff45 8b58 | 2445 8b43 | 0c41 8b59 | 1041 3bd8 | 0f8d 9ee6 
  0x000001c8392313a8: ffff 413b | d80f 8341 | 3700 0041 | 8d78 ff41 | 3bf8 0f83 | 3437 0000 | 8d7b 0141 | 8b4c 9b10 
  0x000001c8392313c8: 4189 4914 | 498b d1ff | c341 8959 | 1048 c1ea | 0948 be00 | 0072 2dc8 | 0100 0044 | 8824 1685 
  0x000001c8392313e8: c90f 8559 | e6ff ff3b | df7c d041 | 8d70 fd3b | de0f 8db6 | 0000 0090 | 418b 7c9b | 1041 8979 
  0x000001c839231408: 1449 8bd1 | 8d4b 0141 | 8949 1048 | c1ea 0948 | b900 0072 

  0x000001c83923141c: ;   {no_reloc}
  0x000001c83923141c: 2dc8 0100 | 0044 8824 | 1185 ff0f | 851b e6ff | ff49 8bd1 | 4863 fb41 | 8b4c bb14 | 4189 4914 
  0x000001c83923143c: 48c1 ea09 | 48b8 0000 | 722d c801 | 0000 4488 | 2410 8d53 | 0241 8951 | 1085 c90f | 85eb e5ff 
  0x000001c83923145c: ff41 8b4c | bb18 4189 | 4914 498b | c18d 5303 | 4189 5110 | 48c1 e809 | 48ba 0000 | 722d c801 
  0x000001c83923147c: 0000 4488 | 2402 85c9 | 0f85 bee5 | ffff 418b | 7cbb 1c41 | 8979 1449 | 8bc9 83c3 | 0441 8959 
  0x000001c83923149c: 1048 c1e9 | 0944 8824 | 0a85 ff0f | 859b e5ff | ff3b de0f | 8c4b ffff | ff41 3bd8 | 0f8d 8ae5 
  0x000001c8392314bc: ffff 6690 | 418b 4c9b | 1041 8949 | 1449 8bf9 | ffc3 4189 | 5910 48c1 | ef09 48ba | 0000 722d 
  0x000001c8392314dc: c801 0000 | 4488 243a | 85c9 0f85 | 5ce5 ffff | 413b d87c | cfe9 52e5 | ffff 6690 | 448b d58b 
  0x000001c8392314fc: ef41 8bfa | e9c6 0300 | 0066 6666 | 0f1f 8400 | 0000 0000 | 453b ce0f | 8df1 1c00 | 0045 8bd1 
  0x000001c83923151c: ;   {no_reloc}
  0x000001c83923151c: 4f8d 4c95 | 00c4 c1f9 | 6ec1 498b | d148 83c2 | 108b 0a45 | 8d4a 0148 | 8bd9 488b | bc24 8000 
  0x000001c83923153c: 0000 483b | fb0f 84f9 | 0000 0085 | c974 c58b 

  0x000001c83923154c: ;   {metadata('java/lang/String')}
  0x000001c83923154c: 5908 81fb | 78e8 0000 | 0f85 2e6d | 0000 488b | f90f be5f | 1044 3bdb | 0f85 0a36 | 0000 418b 
  0x000001c83923156c: 480c 8b5f | 148b 730c | 3bce 7598 | 488b fb48 | 8d73 1048 | 8bfd 85c9 | 0f84 9d00 | 0000 8bc1 
  0x000001c83923158c: 83e0 1f83 | e1e0 0f84 | 4b00 0000 | 488d 3c0f | 488d 340e | 48f7 d9c5 | fe6f 0c0f | c5fe 6f14 
  0x000001c8392315ac: 0ec5 f5ef | cac4 e27d | 17c9 0f85 | 7200 0000 | 4883 c120 | 75e1 85c0 | 0f84 5d00 | 0000 c5fe 
  0x000001c8392315cc: 6f4c 07e0 | c5fe 6f54 | 06e0 c5f5 | efca c4e2 | 7d17 c975 | 4deb 448b | c883 e1fc | 7419 488d 
  0x000001c8392315ec: 3c0f 488d | 340e 48f7 | d98b 1c0f | 3b1c 0e75 | 3148 83c1 | 0475 f2a8 | 0274 120f | b71f 0fb7 
  0x000001c83923160c: 0e3b d975 | 1d48 8d7f | 0248 8d76 | 02a8 0174 | 0a0f b61f | 0fb6 0e3b | d975 07b8 | 0100 0000 
  0x000001c83923162c: eb02 33c0 | c5f5 efc9 | c5ed efd2 | 85c0 0f84 | d0fe ffff | 4c8b 5c24 | 7845 8b5b | 0c41 8d5e 
  0x000001c83923164c: ;   {no_reloc}
  0x000001c83923164c: ff8b fb41 | ffc3 4c8b | 4424 7845 | 8958 0c41 | 3bda 0f8f | df1c 0000 | 4c8b 5424 | 788b df41 
  0x000001c83923166c: 895a 103b | 5c24 2c0f | 835b 4100 | 0044 8b94 | 2488 0000 | 0047 8964 | b20c 4c8b | 6c24 5845 
  0x000001c83923168c: 0fb6 5d0c | 4585 db0f | 847b 1b00 | 0045 8b5d | 104d 8bf3 | 4d8b 97c8 | 0100 0049 | 8b87 b801 
  0x000001c8392316ac: 0000 4c8b | d849 83c3 | 184d 3bda | 0f83 2630 | 0000 4d89 | 9fb8 0100 | 0041 0f0d | 8bc0 0000 
  0x000001c8392316cc: 0048 c700 | 0100 0000 

  0x000001c8392316d4: ;   {metadata('java/util/Collections$UnmodifiableCollection$1')}
  0x000001c8392316d4: c740 0830 | 761d 0044 | 8960 0c44 | 8960 144c | 8b54 2448 | 458b 4a0c | 4d8b da44 | 8958 104c 
  0x000001c8392316f4: 8bd8 458b | 4108 498b 

  0x000001c8392316fc: ;   {metadata('java/util/HashSet')}
  0x000001c8392316fc: d141 81f8 | 78c4 0d00 | 0f85 b319 | 0000 8b6a | 0c44 8b55 | 084c 8bcd 

  0x000001c839231714: ;   {metadata('java/util/HashMap')}
  0x000001c839231714: 4181 fa68 | a908 000f | 858f 2200 | 0045 8b41 | 0c45 85c0 | 0f84 781b | 0000 4d8b | d045 8b4a 
  0x000001c839231734: ;   {metadata('java/util/HashMap$KeySet')}
  0x000001c839231734: 0841 81f9 | 8812 1a00 | 0f85 cb21 | 0000 498b | 9fb8 0100 | 004d 8b87 | c801 0000 | 4c8b cb49 
  0x000001c839231754: 83c1 204d | 3bc8 0f83 | 4030 0000 | 4d89 8fb8 | 0100 004c | 8bc3 4983 | c010 48c7 | 0301 0000 
  0x000001c839231774: 0041 0f0d | 89c0 0000 

  0x000001c83923177c: ;   {metadata('java/util/HashMap$KeyIterator')}
  0x000001c83923177c: 00c7 4308 | 8855 1a00 | 4489 630c | c5fd efc0 | 62d1 fe08 | 7f00 458b | 520c 4489 | 531c 458b 
  0x000001c83923179c: 4224 418b | 4a18 894b | 0c45 85c0 | 0f84 ce02 | 0000 458b | 4a14 4585 | c90f 8ec1 | 0200 0041 
  0x000001c8392317bc: 8b48 0c85 | c90f 86e5 | 4d00 0081 | f9fe ffff | 7f0f 8f09 | 4300 0044 | 8d49 018b | 5424 2841 
  0x000001c8392317dc: 3bd1 410f | 4fd1 4533 | d28b 7c24 | 2489 7b10 | 443b d10f | 8367 3500 | 0047 8b54 | 9010 4489 
  0x000001c8392317fc: 5314 488b | f348 c1ee | 0948 b800 | 0072 2dc8 | 0100 0044 | 8824 3045 | 85d2 0f85 | 6002 0000 
  0x000001c83923181c: 8b6c 2424 | ffc5 3bea | 7d0b 448b | 5424 2489 | 6c24 24eb | b44c 63d1 | 4963 d148 | ffca 4881 
  0x000001c83923183c: fa00 0000 | 8048 c7c6 | 0000 0080 | 480f 4cd6 | 4c3b d249 | 0f4c d28b | d23b ea7d | 6d8b 6c24 
  0x000001c83923185c: 24ff c590 | 896b 103b | f90f 83f4 | 3400 0045 | 8b54 b810 | 4489 5314 | 488b fb48 | c1ef 0948 
  0x000001c83923187c: ;   {no_reloc}
  0x000001c83923187c: be00 0072 | 2dc8 0100 | 0044 8824 | 3e45 85d2 | 0f85 ea01 | 0000 458b | 54a8 1044 | 8953 1448 
  0x000001c83923189c: 8bf3 8d7d | 0189 7b10 | 48c1 ee09 | 48b8 0000 | 722d c801 | 0000 4488 | 2430 4585 | d20f 85bd 
  0x000001c8392318bc: 0100 0083 | c502 3bea | 7c9a 413b | e97d 3e89 | 6b10 3bf9 | 0f83 9a64 | 0000 418b | 7cb8 1089 
  0x000001c8392318dc: 7b14 4c8b | d349 c1ea | 0948 ba00 | 0072 2dc8 | 0100 0046 | 8824 1285 | ff0f 8581 | 0100 008d 
  0x000001c8392318fc: 7d01 413b | f90f 8cf1 | fbff ffeb | 028b efba | 45ff ffff | 4c8b 5424 | 504c 8954 | 2420 4c8b 
  0x000001c83923191c: 5424 604c | 8954 2430 | 4c8b 5424 | 684c 8954 | 2438 4c8b | 5424 704c | 8954 2440 | 4c89 6c24 
  0x000001c83923193c: 484c 8974 | 2450 4c89 | 5c24 6048 | 895c 2468 | 894c 2470 

  0x000001c839231950: ;   {runtime_call UncommonTrapBlob}
  0x000001c839231950: c5f8 77e8 

  0x000001c839231954: ; ImmutableOopMap {[32]=Oop [48]=Oop [56]=Oop [64]=Oop [72]=Oop [80]=Oop [96]=Oop [104]=Oop [128]=Oop }
                      ;*if_icmpge {reexecute=1 rethrow=0 return_oop=0}
                      ; - (reexecute) java.util.HashMap$HashIterator::<init>@54
                      ; - java.util.HashMap$KeyIterator::<init>@2
                      ; - java.util.HashMap$KeySet::iterator@8
                      ; - java.util.HashSet::iterator@7
                      ; - java.util.Collections$UnmodifiableCollection$1::<init>@17
                      ; - java.util.Collections$UnmodifiableCollection::iterator@5
                      ; - org.eclipse.osgi.internal.loader.classpath.ClasspathManager::defineClass@576 (line 788)
  0x000001c839231954: a853 6dff 

  0x000001c839231958: ;   {other}
  0x000001c839231958: 0f1f 8400 | 4837 0020 | 4889 ac24 | 9000 0000 | 897c 2428 | 895c 2424 | 4889 7424 | 404c 895c 
  0x000001c839231978: 2448 4889 | 4c24 784c | 896c 2450 | 488b d548 | 8bee c5f8 | 7748 b8a0 | 2d18 45c8 

  0x000001c839231994: ;   {virtual_call}
  0x000001c839231994: 0100 00e8 

  0x000001c839231998: ; ImmutableOopMap {rbp=Oop [64]=Oop [72]=Oop [80]=Oop [96]=Oop [104]=Oop [112]=Oop [120]=Oop [128]=Oop [144]=Oop }
                      ;*invokeinterface next {reexecute=0 rethrow=0 return_oop=1}
                      ; - java.util.Collections$UnmodifiableCollection$1::next@4
                      ; - org.eclipse.osgi.internal.loader.classpath.ClasspathManager::defineClass@270 (line 764)
  0x000001c839231998: 0446 c5ff 

  0x000001c83923199c: ;   {other}
  0x000001c83923199c: 0f1f 8400 | 8c37 0021 | e9a6 e0ff | ff45 8b51 | 1049 8bd2 

  0x000001c8392319b0: ; implicit exception: dispatches to 0x000001c839238480
  0x000001c8392319b0: 448b 5208 | 49b8 0000 | 0045 c801 | 0000 4d03 | c24d 8b50 

  0x000001c8392319c4: ;   {metadata('org/eclipse/osgi/internal/hookregistry/ClassLoaderHook')}
  0x000001c8392319c4: 3849 b878 | eb08 46c8 | 0100 004d | 3bd0 0f85 | 6c31 0000 | 4c89 5c24 | 284c 8974 | 2420 498b 
  0x000001c8392319e4: ed4c 8b84 | 2480 0000 | 004d 8bce | 488b 7c24 | 6048 8b74 | 2468 488b | 4c24 704c | 8b54 2450 
  0x000001c839231a04: 4c89 1424 | 6690 c5f8 | 7748 b8ff | ffff ffff 

  0x000001c839231a14: ;   {virtual_call}
  0x000001c839231a14: ffff ffe8 

  0x000001c839231a18: ; ImmutableOopMap {rbp=Oop [32]=Oop [40]=Oop [80]=Oop [96]=Oop [104]=Oop [112]=Oop [128]=Oop }
                      ;*invokevirtual recordClassDefine {reexecute=0 rethrow=0 return_oop=0}
                      ; - org.eclipse.osgi.internal.loader.classpath.ClasspathManager::defineClass@608 (line 789)
  0x000001c839231a18: e4c3 7bff 

  0x000001c839231a1c: ;   {other}
  0x000001c839231a1c: 0f1f 8400 | 0c38 0022 | 488b 5424 | 2866 6690 

  0x000001c839231a2c: ;   {optimized virtual_call}
  0x000001c839231a2c: c5f8 77e8 

  0x000001c839231a30: ; ImmutableOopMap {rbp=Oop [32]=Oop [40]=Oop [80]=Oop [96]=Oop [104]=Oop [112]=Oop [128]=Oop }
                      ;*invokeinterface hasNext {reexecute=0 rethrow=0 return_oop=0}
                      ; - org.eclipse.osgi.internal.loader.classpath.ClasspathManager::defineClass@613 (line 788)
  0x000001c839231a30: 8c34 c5ff 

  0x000001c839231a34: ;   {other}
  0x000001c839231a34: 0f1f 8400 | 2438 0023 | 4d8b 9758 

  0x000001c839231a40: ; ImmutableOopMap {rbp=Oop [32]=Oop [40]=Oop [80]=Oop [96]=Oop [104]=Oop [112]=Oop [128]=Oop }
                      ;*ifne {reexecute=1 rethrow=0 return_oop=0}
                      ; - (reexecute) org.eclipse.osgi.internal.loader.classpath.ClasspathManager::defineClass@618 (line 788)
                      ;   {poll}
  0x000001c839231a40: 0400 0041 | 8502 85c0 | 7523 4c8b | ed45 8b55 | 1049 8bc2 | c5f8 7748 | 81c4 1001 

  0x000001c839231a5c: ;   {poll_return}
  0x000001c839231a5c: 0000 5d49 | 3ba7 5004 | 0000 0f87 | 6c7f 0000 | c34c 8bed | 4c8b 7424 | 204c 8b5c | 2428 eb42 
  0x000001c839231a7c: 4d8b d34c | 8bcb 4589 | 4b0c 49c1 | ea09 49b8 | 0000 722d | c801 0000 | 4788 2410 | 448b 5308 
  0x000001c839231a9c: ;   {metadata('java/util/HashMap$KeyIterator')}
  0x000001c839231a9c: 4181 fa88 | 551a 000f | 8533 1400 | 0044 8b53 | 1445 85d2 | 448b 5424 | 2041 0f95 | c245 85d2 
  0x000001c839231abc: 748f 458b | 530c 458b | 4a08 498b 

  0x000001c839231ac8: ;   {metadata('java/util/HashMap$KeyIterator')}
  0x000001c839231ac8: d241 81f9 | 8855 1a00 | 0f85 a701 | 0000 448b | 521c 458b | 4a18 448b | 420c 453b | c80f 8535 
  0x000001c839231ae8: 3b00 0044 | 8b4a 1441 | 8b59 1844 | 894a 1889 | 5a14 4c8b | c249 c1e8 | 0948 b900 | 0072 2dc8 
  0x000001c839231b08: 0100 0046 | 8824 0185 | db0f 8592 | feff ff41 | 8b7a 248b | 6f0c 8b4a | 103b cd0f | 8d80 feff 
  0x000001c839231b28: ff3b cd0f | 830b 3100 | 0044 8d45 | ff44 3bc5 | 0f83 fe30 | 0000 448d | 5101 448b | 448f 1044 
  0x000001c839231b48: 8942 1448 | 8bda ffc1 | 894a 1048 | c1eb 0948 | be00 0072 | 2dc8 0100 | 0044 8824 | 1e45 85c0 
  0x000001c839231b68: 0f85 3bfe | ffff 413b | ca7c cf44 | 8d45 fd41 | 3bc8 0f8d | c000 0000 | 448b 548f | 1044 8952 
  0x000001c839231b88: 1448 8bf2 | 8d59 0189 | 5a10 48c1 | ee09 48bb | 0000 722d | c801 0000 | 4488 2433 | 4585 d20f 
  0x000001c839231ba8: 85fc fdff | ff48 8bda | 4863 f144 | 8b54 b714 | 4489 5214 | 48c1 eb09 | 48b8 0000 | 722d c801 
  0x000001c839231bc8: ;   {no_reloc}
  0x000001c839231bc8: 0000 4488 | 2418 8d59 | 0289 5a10 | 4585 d20f | 85cc fdff | ff44 8b54 | b718 4489 | 5214 488b 
  0x000001c839231be8: c28d 5903 | 895a 1048 | c1e8 0948 | bb00 0072 | 2dc8 0100 | 0044 8824 | 0345 85d2 | 0f85 9ffd 
  0x000001c839231c08: ffff 448b | 54b7 1c44 | 8952 1448 | 8bda 83c1 | 0489 4a10 | 48c1 eb09 | 48be 0000 | 722d c801 
  0x000001c839231c28: 0000 4488 | 241e 4585 | d20f 8572 | fdff ff41 | 3bc8 0f8c | 40ff ffff | 3bcd 0f8d | 61fd ffff 
  0x000001c839231c48: 448b 448f | 1044 8942 | 144c 8bd2 | ffc1 894a | 1049 c1ea | 0948 bb00 | 0072 2dc8 | 0100 0046 
  0x000001c839231c68: 8824 1345 | 85c0 0f85 | 35fd ffff | 3bcd 7cd0 | e92c fdff | ff4c 895c | 2430 4c89 | 7424 284c 
  0x000001c839231c88: 896c 2420 | 488b 6c24 | 7090 c5f8 | 7748 b8a0 | 2d18 45c8 

  0x000001c839231c9c: ;   {virtual_call}
  0x000001c839231c9c: 0100 00e8 

  0x000001c839231ca0: ; ImmutableOopMap {rbp=Oop [32]=Oop [40]=Oop [48]=Oop [80]=Oop [96]=Oop [104]=Oop [112]=Oop [128]=Oop }
                      ;*invokeinterface next {reexecute=0 rethrow=0 return_oop=1}
                      ; - java.util.Collections$UnmodifiableCollection$1::next@4
                      ; - org.eclipse.osgi.internal.loader.classpath.ClasspathManager::defineClass@588 (line 788)
  0x000001c839231ca0: fc42 c5ff 

  0x000001c839231ca4: ;   {other}
  0x000001c839231ca4: 0f1f 8400 | 943a 0025 | 488b d04c | 8b6c 2420 | 4c8b 7424 | 284c 8b5c | 2430 e9ed | fcff ff44 
  0x000001c839231cc4: 0fb6 5311 | 4585 d20f | 8551 1d00 | 0044 0fbe | 5310 4585 | d20f 85e9 | 5100 0048 | 897c 2448 
  0x000001c839231ce4: 4889 5424 | 4044 894c | 2438 4489 | 5c24 2448 | ffb4 2488 | 0000 0048 | 8f44 2430 | 4c89 7424 
  0x000001c839231d04: 284c 896c | 2450 448b | 5b14 488b | ee89 7424 | 3c49 8bd3 

  0x000001c839231d18: ;   {static_call}
  0x000001c839231d18: c5f8 77e8 

  0x000001c839231d1c: ; ImmutableOopMap {rbp=Oop [36]=NarrowOop [40]=Oop [48]=Oop [56]=NarrowOop [60]=NarrowOop [64]=Oop [72]=Oop [80]=Oop [96]=Oop [104]=Oop [112]=Oop [120]=Oop [128]=Oop }
                      ;*invokestatic hashCode {reexecute=0 rethrow=0 return_oop=0}
                      ; - java.lang.String::hashCode@27
                      ; - java.util.concurrent.ConcurrentHashMap::get@1
                      ; - java.lang.ClassLoader::getDefinedPackage@13
                      ; - java.lang.ClassLoader::getPackage@2
                      ; - org.eclipse.osgi.internal.loader.ModuleClassLoader::publicGetPackage@9 (line 330)
                      ; - org.eclipse.osgi.internal.loader.classpath.ClasspathManager::definePackage@26 (line 825)
                      ; - org.eclipse.osgi.internal.loader.classpath.ClasspathManager::defineClass@9 (line 733)
  0x000001c839231d1c: a023 c5ff 

  0x000001c839231d20: ;   {other}
  0x000001c839231d20: 0f1f 8400 | 103b 0026 | 85c0 0f84 | 8922 0000 | 488b 5c24 | 3089 430c | 4c8b 6c24 | 504c 8b74 
  0x000001c839231d40: 2428 448b | 5c24 2444 | 8b4c 2438 | 488b 5424 | 4048 8b7c | 2448 8b74 | 243c e99c | d3ff ff0f 
  0x000001c839231d60: b67b 1185 | ff0f 85be | 1c00 000f | be7b 1085 | ff0f 85d9 | 5100 0089 | 8c24 8c00 | 0000 4889 
  0x000001c839231d80: 5c24 404c | 8954 2438 | 4489 4c24 | 2c44 8b5b | 1449 8be8 | 4489 8424 | 8800 0000 | 498b d390 
  0x000001c839231da0: ;   {static_call}
  0x000001c839231da0: c5f8 77e8 

  0x000001c839231da4: ; ImmutableOopMap {rbp=Oop [44]=NarrowOop [48]=Oop [56]=Oop [64]=Oop [72]=Oop [80]=Oop [88]=Oop [96]=Oop [104]=Oop [112]=Oop [120]=Oop [128]=Oop [136]=NarrowOop [140]=NarrowOop [144]=Oop [152]=Oop }
                      ;*invokestatic hashCode {reexecute=0 rethrow=0 return_oop=0}
                      ; - java.lang.String::hashCode@27
                      ; - java.util.concurrent.ConcurrentHashMap::get@1
                      ; - java.lang.ClassLoader::getNamedPackage@5
                      ; - java.lang.ClassLoader::postDefineClass@9
                      ; - java.lang.ClassLoader::defineClass@37
                      ; - org.eclipse.osgi.internal.loader.ModuleClassLoader::defineClass@37 (line 315)
                      ; - org.eclipse.osgi.internal.loader.classpath.ClasspathManager::defineClass@424 (line 779)
  0x000001c839231da4: d8d7 6cff 

  0x000001c839231da8: ;   {other}
  0x000001c839231da8: 0f1f 8400 | 983b 0027 | 85c0 0f84 | 3322 0000 | 488b 5c24 | 4089 430c | 448b 4c24 | 2c4c 8b54 
  0x000001c839231dc8: 2438 448b | 8424 8800 | 0000 8b8c | 248c 0000 | 00e9 a2f0 | ffff 448b | d3e9 d9e5 | ffff 448d 
  0x000001c839231de8: 53ff e9d0 | e5ff ff48 | 896c 2440 | 897c 2438 | 895c 2424 | 4889 7424 | 304c 895c | 2428 4889 
  0x000001c839231e08: 4c24 784c | 896c 2450 | 488b d548 | 8bee c5f8 | 7748 b8a0 | 2d18 45c8 

  0x000001c839231e20: ;   {virtual_call}
  0x000001c839231e20: 0100 00e8 

  0x000001c839231e24: ; ImmutableOopMap {rbp=Oop [40]=Oop [48]=Oop [64]=Oop [80]=Oop [96]=Oop [104]=Oop [112]=Oop [120]=Oop [128]=Oop }
                      ;*invokeinterface hasNext {reexecute=0 rethrow=0 return_oop=0}
                      ; - java.util.Collections$UnmodifiableCollection$1::hasNext@4
                      ; - org.eclipse.osgi.internal.loader.classpath.ClasspathManager::defineClass@305 (line 764)
  0x000001c839231e24: 782a c5ff 

  0x000001c839231e28: ;   {other}
  0x000001c839231e28: 0f1f 8400 | 183c 0028 | 4c8b 6c24 | 5048 8b4c | 2478 4c8b | 5c24 2848 | 8bf5 8b5c | 2424 8b7c 
  0x000001c839231e48: 2438 488b | 6c24 40e9 | 48dd ffff | 448b 8c24 | 8800 0000 | 4c8b 9424 | a000 0000 | 498b 87b8 
  0x000001c839231e68: 0100 004d | 8b9f c801 | 0000 4c8b | c049 83c0 | 184d 3bc3 | 0f83 fb29 | 0000 898c | 2488 0000 
  0x000001c839231e88: 0048 899c | 24a8 0000 | 004c 8994 | 24a0 0000 | 0044 894c | 242c 4d89 | 87b8 0100 | 004c 8bd0 
  0x000001c839231ea8: 4983 c210 | 48c7 0001 | 0000 0041 | 0f0d 88c0 

  0x000001c839231eb8: ;   {metadata('java/lang/NamedPackage')}
  0x000001c839231eb8: 0000 00c7 | 4008 e8c0 | 0100 4489 | 600c c5fd | efc0 c4c1 | 79d6 0248 | 8944 2438 | 488b 9424 
  0x000001c839231ed8: a800 0000 | 4c8b 9424 | 9000 0000 | 4c89 5424 | 4066 6690 

  0x000001c839231eec: ;   {optimized virtual_call}
  0x000001c839231eec: c5f8 77e8 

  0x000001c839231ef0: ; ImmutableOopMap {[44]=NarrowOop [48]=Oop [56]=Oop [64]=Oop [72]=Oop [80]=Oop [88]=Oop [96]=Oop [104]=Oop [112]=Oop [120]=Oop [128]=Oop [136]=NarrowOop [144]=Oop [152]=Oop [160]=Oop [168]=Oop }
                      ;*invokevirtual isEmpty {reexecute=0 rethrow=0 return_oop=0}
                      ; - java.lang.NamedPackage::<init>@5
                      ; - java.lang.ClassLoader::getNamedPackage@22
                      ; - java.lang.ClassLoader::postDefineClass@9
                      ; - java.lang.ClassLoader::defineClass@37
                      ; - org.eclipse.osgi.internal.loader.ModuleClassLoader::defineClass@37 (line 315)
                      ; - org.eclipse.osgi.internal.loader.classpath.ClasspathManager::defineClass@424 (line 779)
  0x000001c839231ef0: 8ccc 6cff 

  0x000001c839231ef4: ;   {other}
  0x000001c839231ef4: 0f1f 8400 | e43c 0029 | 85c0 0f84 | 2310 0000 | 448b 9c24 | 8800 0000 | 4585 db0f | 84ef 4700 
  0x000001c839231f14: 004d 8bd3 | 4c89 5424 | 4049 8bd2 

  0x000001c839231f20: ;   {optimized virtual_call}
  0x000001c839231f20: c5f8 77e8 

  0x000001c839231f24: ; ImmutableOopMap {[44]=NarrowOop [48]=Oop [56]=Oop [64]=Oop [72]=Oop [80]=Oop [88]=Oop [96]=Oop [104]=Oop [112]=Oop [120]=Oop [128]=Oop [136]=NarrowOop [144]=Oop [152]=Oop [160]=Oop [168]=Oop }
                      ;*invokevirtual isNamed {reexecute=0 rethrow=0 return_oop=0}
                      ; - java.lang.NamedPackage::<init>@12
                      ; - java.lang.ClassLoader::getNamedPackage@22
                      ; - java.lang.ClassLoader::postDefineClass@9
                      ; - java.lang.ClassLoader::defineClass@37
                      ; - org.eclipse.osgi.internal.loader.ModuleClassLoader::defineClass@37 (line 315)
                      ; - org.eclipse.osgi.internal.loader.classpath.ClasspathManager::defineClass@424 (line 779)
  0x000001c839231f24: 58cc 6cff 

  0x000001c839231f28: ;   {other}
  0x000001c839231f28: 0f1f 8400 | 183d 002a | 85c0 0f84 | ef0f 0000 | 498b 87b8 | 0100 004d | 8b97 c801 | 0000 4c8b 
  0x000001c839231f48: d849 83c3 | 284d 3bda | 0f83 3f2a | 0000 4d89 | 9fb8 0100 | 004c 8bd0 | 4983 c210 | 48c7 0001 
  0x000001c839231f68: 0000 0041 | 0f0d 8bc0 

  0x000001c839231f70: ;   {metadata('java/lang/InternalError')}
  0x000001c839231f70: 0000 00c7 | 4008 3807 | 0100 4489 | 600c c5fd | efc0 41b8 | 0700 0000 | c4c1 7892 | f862 d1fe 
  0x000001c839231f90: 2f7f 024c | 8bc0 4d8b | 97c8 0100 | 0049 8b87 | b801 0000 | 4c8b d849 | 83c3 184d | 3bda 0f83 
  0x000001c839231fb0: b829 0000 | 4d89 9fb8 | 0100 004c | 8bd0 4983 | c210 48c7 | 0001 0000 | 0041 0f0d | 8bc0 0000 
  0x000001c839231fd0: ;   {metadata('java/lang/StringBuilder')}
  0x000001c839231fd0: 00c7 4008 | 4080 0000 | 4489 600c | c5fd efc0 | c4c1 79d6 | 024c 8944 | 2420 488b | e848 8bd5 
  0x000001c839231ff0: 4c8b 9424 | 9000 0000 | 4c89 5424 | 2866 6690 

  0x000001c839232000: ;   {optimized virtual_call}
  0x000001c839232000: c5f8 77e8 

  0x000001c839232004: ; ImmutableOopMap {rbp=Oop [32]=Oop [40]=Oop [48]=Oop [56]=Oop [64]=Oop [72]=Oop [80]=Oop [88]=Oop [96]=Oop [104]=Oop [112]=Oop [120]=Oop [128]=Oop [136]=NarrowOop [144]=Oop [152]=Oop [160]=Oop [168]=Oop }
                      ;*invokespecial <init> {reexecute=0 rethrow=0 return_oop=0}
                      ; - java.lang.NamedPackage::<init>@26
                      ; - java.lang.ClassLoader::getNamedPackage@22
                      ; - java.lang.ClassLoader::postDefineClass@9
                      ; - java.lang.ClassLoader::defineClass@37
                      ; - org.eclipse.osgi.internal.loader.ModuleClassLoader::defineClass@37 (line 315)
                      ; - org.eclipse.osgi.internal.loader.classpath.ClasspathManager::defineClass@424 (line 779)
  0x000001c839232004: 78cb 6cff 

  0x000001c839232008: ;   {other}
  0x000001c839232008: 0f1f 8400 | f83d 002b 

  0x000001c839232010: ;   {oop("unnamed package in  "{0x0000000080004700})}
  0x000001c839232010: 49b8 0047 | 0080 0000 | 0000 488b | d566 6690 

  0x000001c839232020: ;   {optimized virtual_call}
  0x000001c839232020: c5f8 77e8 

  0x000001c839232024: ; ImmutableOopMap {[32]=Oop [48]=Oop [56]=Oop [64]=Oop [72]=Oop [80]=Oop [88]=Oop [96]=Oop [104]=Oop [112]=Oop [120]=Oop [128]=Oop [136]=NarrowOop [144]=Oop [152]=Oop [160]=Oop [168]=Oop }
                      ;*invokevirtual append {reexecute=0 rethrow=0 return_oop=1}
                      ; - java.lang.NamedPackage::<init>@31
                      ; - java.lang.ClassLoader::getNamedPackage@22
                      ; - java.lang.ClassLoader::postDefineClass@9
                      ; - java.lang.ClassLoader::defineClass@37
                      ; - org.eclipse.osgi.internal.loader.ModuleClassLoader::defineClass@37 (line 315)
                      ; - org.eclipse.osgi.internal.loader.classpath.ClasspathManager::defineClass@424 (line 779)
  0x000001c839232024: 58cb 6cff 

  0x000001c839232028: ;   {other}
  0x000001c839232028: 0f1f 8400 | 183e 002c | 4885 c00f | 8407 4700 | 0048 8bd0 | 4c8b 4424 | 4066 6690 

  0x000001c839232044: ;   {optimized virtual_call}
  0x000001c839232044: c5f8 77e8 

  0x000001c839232048: ; ImmutableOopMap {[32]=Oop [48]=Oop [56]=Oop [72]=Oop [80]=Oop [88]=Oop [96]=Oop [104]=Oop [112]=Oop [120]=Oop [128]=Oop [136]=NarrowOop [144]=Oop [152]=Oop [160]=Oop [168]=Oop }
                      ;*invokevirtual append {reexecute=0 rethrow=0 return_oop=1}
                      ; - java.lang.NamedPackage::<init>@35
                      ; - java.lang.ClassLoader::getNamedPackage@22
                      ; - java.lang.ClassLoader::postDefineClass@9
                      ; - java.lang.ClassLoader::defineClass@37
                      ; - org.eclipse.osgi.internal.loader.ModuleClassLoader::defineClass@37 (line 315)
                      ; - org.eclipse.osgi.internal.loader.classpath.ClasspathManager::defineClass@424 (line 779)
  0x000001c839232048: 34cb 6cff 

  0x000001c83923204c: ;   {other}
  0x000001c83923204c: 0f1f 8400 | 3c3e 002d | 4885 c00f | 842b 4700 | 0048 8bd0 

  0x000001c839232060: ;   {optimized virtual_call}
  0x000001c839232060: c5f8 77e8 

  0x000001c839232064: ; ImmutableOopMap {[32]=Oop [48]=Oop [56]=Oop [72]=Oop [80]=Oop [88]=Oop [96]=Oop [104]=Oop [112]=Oop [120]=Oop [128]=Oop [136]=NarrowOop [144]=Oop [152]=Oop [160]=Oop [168]=Oop }
                      ;*invokevirtual toString {reexecute=0 rethrow=0 return_oop=1}
                      ; - java.lang.NamedPackage::<init>@38
                      ; - java.lang.ClassLoader::getNamedPackage@22
                      ; - java.lang.ClassLoader::postDefineClass@9
                      ; - java.lang.ClassLoader::defineClass@37
                      ; - org.eclipse.osgi.internal.loader.ModuleClassLoader::defineClass@37 (line 315)
                      ; - org.eclipse.osgi.internal.loader.classpath.ClasspathManager::defineClass@424 (line 779)
  0x000001c839232064: 18cb 6cff 

  0x000001c839232068: ;   {other}
  0x000001c839232068: 0f1f 8400 | 583e 002e | 488b 5424 | 204c 8bc0 | 488b 6c24 | 3066 6690 

  0x000001c839232080: ;   {optimized virtual_call}
  0x000001c839232080: c5f8 77e8 

  0x000001c839232084: ; ImmutableOopMap {rbp=Oop [32]=Oop [56]=Oop [72]=Oop [80]=Oop [88]=Oop [96]=Oop [104]=Oop [112]=Oop [120]=Oop [128]=Oop [136]=NarrowOop [144]=Oop [152]=Oop [160]=Oop [168]=Oop }
                      ;*invokespecial <init> {reexecute=0 rethrow=0 return_oop=0}
                      ; - java.lang.NamedPackage::<init>@41
                      ; - java.lang.ClassLoader::getNamedPackage@22
                      ; - java.lang.ClassLoader::postDefineClass@9
                      ; - java.lang.ClassLoader::defineClass@37
                      ; - org.eclipse.osgi.internal.loader.ModuleClassLoader::defineClass@37 (line 315)
                      ; - org.eclipse.osgi.internal.loader.classpath.ClasspathManager::defineClass@424 (line 779)
  0x000001c839232084: f8ca 6cff 

  0x000001c839232088: ;   {other}
  0x000001c839232088: 0f1f 8400 | 783e 002f | 4c8b 9c24 | 9000 0000 | 488d 8424 | 0001 0000 | 4883 3800 | 0f84 7900 
  0x000001c8392320a8: 0000 4d8b | 1341 f6c2 | 020f 8462 | 0000 0049 | 83ba 8600 | 0000 0074 | 0949 ff8a | 8600 0000 
  0x000001c8392320c8: eb4b 498b | 8296 0000 | 0049 0b82 | 8e00 0000 | 750a 49c7 | 423e 0000 | 0000 eb3d | 4983 ba9e 
  0x000001c8392320e8: 0000 0000 | 7422 4833 | c049 c742 | 3e00 0000 | 00f0 8304 | 2400 4983 | ba9e 0000 | 0000 750d 
  0x000001c839232108: f04d 0fb1 | 7a3e 7505 | 83c8 01eb | 0ca8 00eb | 084c 8b10 | f04d 0fb1 | 1375 0a49 | ff8f 5005 
  0x000001c839232128: 0000 4533 | d20f 8591 | 4600 004c | 8b54 2458 | 458b 5a10 | 498b d34c | 8b84 2480 | 0000 0066 
  0x000001c839232148: 6690 c5f8 | 7748 b8ff | ffff ffff 

  0x000001c839232154: ;   {virtual_call}
  0x000001c839232154: ffff ffe8 

  0x000001c839232158: ; ImmutableOopMap {[32]=Oop [72]=Oop [80]=Oop [96]=Oop [104]=Oop [112]=Oop [120]=Oop [128]=Oop }
                      ;*invokeinterface remove {reexecute=0 rethrow=0 return_oop=0}
                      ; - org.eclipse.osgi.internal.loader.classpath.ClasspathManager::defineClass@440 (line 781)
  0x000001c839232158: 24cf 6cff 

  0x000001c83923215c: ;   {other}
  0x000001c83923215c: 0f1f 8400 | 4c3f 0030 | 488b 5424 | 7890 c5f8 | 7748 b8ff | ffff ffff 

  0x000001c839232174: ;   {virtual_call}
  0x000001c839232174: ffff ffe8 

  0x000001c839232178: ; ImmutableOopMap {[32]=Oop [80]=Oop [96]=Oop [104]=Oop [112]=Oop [128]=Oop }
                      ;*invokeinterface iterator {reexecute=0 rethrow=0 return_oop=1}
                      ; - org.eclipse.osgi.internal.loader.classpath.ClasspathManager::defineClass@497 (line 788)
  0x000001c839232178: 04cf 6cff 

  0x000001c83923217c: ;   {other}
  0x000001c83923217c: 0f1f 8400 | 6c3f 0031 | 4889 4424 | 4048 8bd0 | 6690 c5f8 | 7748 b8ff | ffff ffff 

  0x000001c839232198: ;   {virtual_call}
  0x000001c839232198: ffff ffe8 

  0x000001c83923219c: ; ImmutableOopMap {[32]=Oop [64]=Oop [80]=Oop [96]=Oop [104]=Oop [112]=Oop [128]=Oop }
                      ;*invokeinterface hasNext {reexecute=0 rethrow=0 return_oop=0}
                      ; - org.eclipse.osgi.internal.loader.classpath.ClasspathManager::defineClass@534 (line 788)
  0x000001c83923219c: e0ce 6cff 

  0x000001c8392321a0: ;   {other}
  0x000001c8392321a0: 0f1f 8400 | 903f 0032 | 85c0 0f84 | b000 0000 | 488b 5424 | 4090 c5f8 | 7748 b8ff | ffff ffff 
  0x000001c8392321c0: ;   {virtual_call}
  0x000001c8392321c0: ffff ffe8 

  0x000001c8392321c4: ; ImmutableOopMap {[32]=Oop [64]=Oop [80]=Oop [96]=Oop [104]=Oop [112]=Oop [128]=Oop }
                      ;*invokeinterface next {reexecute=0 rethrow=0 return_oop=1}
                      ; - org.eclipse.osgi.internal.loader.classpath.ClasspathManager::defineClass@509 (line 788)
  0x000001c8392321c4: b8ce 6cff 

  0x000001c8392321c8: ;   {other}
  0x000001c8392321c8: 0f1f 8400 | b83f 0033 

  0x000001c8392321d0: ; implicit exception: dispatches to 0x000001c8392384f8
  0x000001c8392321d0: 448b 5008 | 49bb 0000 | 0045 c801 | 0000 4d03 | da4d 8b53 

  0x000001c8392321e4: ;   {metadata('org/eclipse/osgi/internal/hookregistry/ClassLoaderHook')}
  0x000001c8392321e4: 3849 bb78 | eb08 46c8 | 0100 004d | 3bd3 0f85 | 242a 0000 | 488b d04c | 8b84 2480 | 0000 0045 
  0x000001c839232204: 33c9 488b | 7c24 6048 | 8b74 2468 | 488b 4c24 | 704c 8b54 | 2450 4c89 | 1424 c5f8 | 7748 b8ff 
  0x000001c839232224: ffff ffff 

  0x000001c839232228: ;   {virtual_call}
  0x000001c839232228: ffff ffe8 

  0x000001c83923222c: ; ImmutableOopMap {[32]=Oop [64]=Oop [80]=Oop [96]=Oop [104]=Oop [112]=Oop [128]=Oop }
                      ;*invokevirtual recordClassDefine {reexecute=0 rethrow=0 return_oop=0}
                      ; - org.eclipse.osgi.internal.loader.classpath.ClasspathManager::defineClass@529 (line 789)
  0x000001c83923222c: 50ce 6cff 

  0x000001c839232230: ;   {other}
  0x000001c839232230: 0f1f 8400 | 2040 0034 | 488b 5424 | 4090 c5f8 | 7748 b8ff | ffff ffff 

  0x000001c839232248: ;   {virtual_call}
  0x000001c839232248: ffff ffe8 

  0x000001c83923224c: ; ImmutableOopMap {[32]=Oop [64]=Oop [80]=Oop [96]=Oop [104]=Oop [112]=Oop [128]=Oop }
                      ;*invokeinterface hasNext {reexecute=0 rethrow=0 return_oop=0}
                      ; - org.eclipse.osgi.internal.loader.classpath.ClasspathManager::defineClass@534 (line 788)
  0x000001c83923224c: 30ce 6cff 

  0x000001c839232250: ;   {other}
  0x000001c839232250: 0f1f 8400 | 4040 0035 | 85c0 0f85 | 50ff ffff | 488b 5424 | 20c5 f877 | 4881 c410 | 0100 005d 
  0x000001c839232270: ;   {runtime_call _rethrow_Java}
  0x000001c839232270: e90b db78 | ff85 f60f | 85b3 1700 | 000f be43 | 1085 c00f | 8544 4e00 | 0044 8954 | 243c 4889 
  0x000001c839232290: 7c24 4848 | 8954 2440 | 4489 4c24 | 3844 895c | 2424 4889 | 5c24 304c | 8974 2428 | 4c89 6c24 
  0x000001c8392322b0: 5049 8bd0 | 488b e989 | 4c24 5890 

  0x000001c8392322bc: ;   {static_call}
  0x000001c8392322bc: c5f8 77e8 

  0x000001c8392322c0: ; ImmutableOopMap {rbp=Oop [36]=NarrowOop [40]=Oop [48]=Oop [56]=NarrowOop [60]=NarrowOop [64]=Oop [72]=Oop [80]=Oop [88]=NarrowOop [96]=Oop [104]=Oop [112]=Oop [120]=Oop [128]=Oop }
                      ;*invokestatic hashCode {reexecute=0 rethrow=0 return_oop=0}
                      ; - java.lang.String::hashCode@27
                      ; - java.util.concurrent.ConcurrentHashMap::get@1
                      ; - java.lang.ClassLoader::definePackage@47
                      ; - java.lang.ClassLoader::getDefinedPackage@32
                      ; - java.lang.ClassLoader::getPackage@2
                      ; - org.eclipse.osgi.internal.loader.ModuleClassLoader::publicGetPackage@9 (line 330)
                      ; - org.eclipse.osgi.internal.loader.classpath.ClasspathManager::definePackage@26 (line 825)
                      ; - org.eclipse.osgi.internal.loader.classpath.ClasspathManager::defineClass@9 (line 733)
  0x000001c8392322c0: bcd2 6cff 

  0x000001c8392322c4: ;   {other}
  0x000001c8392322c4: 0f1f 8400 | b440 0036 | 85c0 0f84 | e31f 0000 | 488b 5c24 | 3089 430c | 4c8b 6c24 | 504c 8b74 
  0x000001c8392322e4: 2428 448b | 5c24 2444 | 8b4c 2438 | 488b 5424 | 4048 8b7c | 2448 448b | 5424 3c8b | 4c24 58e9 
  0x000001c839232304: b1d0 ffff | 85c0 0f87 | 390e 0000 

  0x000001c839232310: ;   {oop(a 'java/lang/Object'[0] {0x0000000080000958})}
  0x000001c839232310: 4181 f958 | 0900 800f | 852c 0e00 | 0041 b80a | 0000 0044 | 3bc2 440f | 4cc2 4181 | f800 0004 
  0x000001c839232330: 000f 8729 | 4700 004d | 63c8 4181 | f800 0004 | 000f 879d | 2600 0089 | 5424 2c44 | 8994 2488 
  0x000001c839232350: 0000 0089 | 7c24 2889 | 5c24 2448 | 8974 2448 | 4c89 5c24 | 5848 894c | 2478 4c89 | 6c24 504d 
  0x000001c839232370: 8b97 b801 | 0000 4d8b | 9fc8 0100 | 004a 8d0c | 8d17 0000 | 0048 8bd9 | 4883 e3f8 | 4d8b ca4c 
  0x000001c839232390: 03cb 4d3b | cb0f 8371 | 2600 004d | 898f b801 | 0000 410f | 0d89 c000 | 0000 49c7 | 0201 0000 
  0x000001c8392323b0: 0041 0f0d | 8900 0100 

  0x000001c8392323b8: ;   {metadata('java/lang/Object'[])}
  0x000001c8392323b8: 0041 c742 | 0870 1200 | 0045 8942 | 0c41 0f0d | 8940 0100 | 0049 8bfa | 4883 c710 | 410f 0d89 
  0x000001c8392323d8: 8001 0000 | 48c1 e903 | 4883 c1fe | 4833 c048 | 83f9 087f | 1048 ffc9 | 7856 4889 | 04cf 48ff 
  0x000001c8392323f8: c97d f7eb | 4bc5 fdef | c0e9 0d00 | 0000 c5fe | 7f07 c5fe | 7f47 2048 | 83c7 4048 | 83e9 087d 
  0x000001c839232418: ed48 83c1 | 047c 0cc5 | fe7f 0748 | 83c7 2048 | 83e9 0448 | 83c1 047e | 1748 c7c0 | ffff ffff 
  0x000001c839232438: c4e2 f0f5 | c0c4 e1fb | 92f8 62f1 | fe2f 7f07 | 4d8b c24c | 8bdd 4d8b | d044 8955 | 1449 c1eb 
  0x000001c839232458: 0949 ba00 | 0072 2dc8 | 0100 0047 | 8824 1a4c | 8b6c 2450 | 488b 4c24 | 784c 8b5c | 2458 488b 
  0x000001c839232478: 7424 488b | 5c24 248b | 7c24 2844 | 8b94 2488 | 0000 008b | 5424 2ce9 | 02d9 ffff | 4c89 9424 
  0x000001c839232498: a000 0000 | 458b 580c | 458b 5008 | 4489 8424 | 9800 0000 | 4d63 c38b | 8c24 9800 | 0000 488b 
  0x000001c8392324b8: ;   {no_reloc}
  0x000001c8392324b8: e949 c1e0 | 024c 8944 | 2438 4181 | fb00 0004 | 000f 87ea | 2400 0049 | 8b9f b801 | 0000 4d8b 
  0x000001c8392324d8: 87c8 0100 | 004c 8b4c | 2438 4983 | c117 4983 | e1f8 488b | cb49 03c9 | 493b c80f | 83c0 2400 
  0x000001c8392324f8: 0049 898f | b801 0000 | 0f0d 89c0 | 0000 0048 | c703 0100 | 0000 4489 | 5308 4489 | 5b0c 0f0d 
  0x000001c839232518: 8900 0100 | 000f 0d89 | 4001 0000 | 0f0d 8980 | 0100 0044 | 8b94 2498 | 0000 0049 | 8d4a 1048 
  0x000001c839232538: 8bd3 4883 | c210 4c8b | 4424 3849 | 83c0 0749 | c1e8 03c5 | f877 49ba | 809c 8e38 | c801 0000 
  0x000001c839232558: ;   {other}
  0x000001c839232558: 41ff d20f | 1f84 0000 | 0000 004c | 8b94 24a0 | 0000 00e9 | 34e1 ffff | 458b 5d0c 

  0x000001c839232574: ; implicit exception: dispatches to 0x000001c8392390d8
  0x000001c839232574: 458b 534c 

  0x000001c839232578: ; implicit exception: dispatches to 0x000001c8392390f0
  0x000001c839232578: 458b 5a0c 

  0x000001c83923257c: ; implicit exception: dispatches to 0x000001c839239108
  0x000001c83923257c: 458b 5318 

  0x000001c839232580: ; implicit exception: dispatches to 0x000001c839239120
  0x000001c839232580: 458b 5a14 

  0x000001c839232584: ; implicit exception: dispatches to 0x000001c839239138
  0x000001c839232584: 410f b66b | 2185 ed0f | 842f 4e00 | 004c 8b54 | 2468 4d85 | d20f 84e5 | 4500 0048 | 895c 2448 
  0x000001c8392325a4: 4c89 7424 | 284c 896c | 2450 498b | d24c 8bc3 

  0x000001c8392325b4: ;   {optimized virtual_call}
  0x000001c8392325b4: c5f8 77e8 

  0x000001c8392325b8: ; ImmutableOopMap {[40]=Oop [72]=Oop [80]=Oop [96]=Oop [104]=Oop [112]=Oop [120]=Oop [128]=Oop }
                      ;*invokevirtual manifestPackageAttributesFor {reexecute=0 rethrow=0 return_oop=1}
                      ; - org.eclipse.osgi.internal.loader.classpath.ClasspathManager::definePackage@77 (line 836)
                      ; - org.eclipse.osgi.internal.loader.classpath.ClasspathManager::defineClass@9 (line 733)
  0x000001c8392325b8: 4477 2df8 

  0x000001c8392325bc: ;   {other}
  0x000001c8392325bc: 0f1f 8400 | ac43 0037 

  0x000001c8392325c4: ; implicit exception: dispatches to 0x000001c839239150
  0x000001c8392325c4: 448b 5010 

  0x000001c8392325c8: ; implicit exception: dispatches to 0x000001c83923916c
  0x000001c8392325c8: 458b 4a0c | 8b78 0c8b | 4f0c 448b | 4714 488b | 5c24 508b | 7310 458b | 5a10 8b7f | 1041 8b6a 
  0x000001c8392325e8: 1485 f60f | 84b3 4500 | 004d 8bd0 | 488b df48 | 8bd6 498b | fb48 8bf5 | 4c8b 4424 | 4848 891c 
  0x000001c839232608: 244c 8954 | 2408 4533 | d24c 8954 | 2410 6690 

  0x000001c839232618: ;   {optimized virtual_call}
  0x000001c839232618: c5f8 77e8 

  0x000001c83923261c: ; ImmutableOopMap {[40]=Oop [80]=Oop [96]=Oop [104]=Oop [112]=Oop [120]=Oop [128]=Oop }
                      ;*invokevirtual publicDefinePackage {reexecute=0 rethrow=0 return_oop=1}
                      ; - org.eclipse.osgi.internal.loader.classpath.ClasspathManager::definePackage@157 (line 849)
                      ; - org.eclipse.osgi.internal.loader.classpath.ClasspathManager::defineClass@9 (line 733)
  0x000001c83923261c: e06e 2df8 

  0x000001c839232620: ;   {other}
  0x000001c839232620: 0f1f 8400 | 1044 0038 | 4c8b 6c24 | 504c 8b74 | 2428 e96d | d0ff ff45 | 8b41 0c45 | 8b51 0849 
  0x000001c839232640: 8be9 4d63 | d849 c1e3 | 0241 81f8 | 0000 0400 | 0f87 2224 | 0000 4c89 | 5c24 3844 | 898c 248c 
  0x000001c839232660: 0000 004d | 8b9f b801 | 0000 4d8b | 8fc8 0100 | 0048 8b4c | 2438 4883 | c117 4883 | e1f8 498b 
  0x000001c839232680: db48 03d9 | 493b d90f | 83f8 2300 | 0049 899f | b801 0000 | 0f0d 8bc0 | 0000 0049 | c703 0100 
  0x000001c8392326a0: 0000 4589 | 5308 4589 | 430c 0f0d | 8b00 0100 | 000f 0d8b | 4001 0000 | 0f0d 8b80 | 0100 004d 
  0x000001c8392326c0: 8bd3 448b | 8424 8c00 | 0000 498d | 4810 498b | d248 83c2 | 1049 8bda | 4c8b 5424 | 3849 83c2 
  0x000001c8392326e0: 0749 c1ea | 034d 8bc2 | c5f8 7749 | ba80 9c8e | 38c8 0100 | 0041 ffd2 

  0x000001c8392326f8: ;   {other}
  0x000001c8392326f8: 0f1f 8400 | 0000 0000 | 488b 9424 | a000 0000 | 4c8b c348 | 8b6c 2450 

  0x000001c839232710: ;   {optimized virtual_call}
  0x000001c839232710: c5f8 77e8 

  0x000001c839232714: ; ImmutableOopMap {rbp=Oop [72]=Oop [80]=Oop [88]=Oop [96]=Oop [104]=Oop [112]=Oop [120]=Oop [128]=Oop [144]=Oop [160]=Oop }
                      ;*invokevirtual setSigners {reexecute=0 rethrow=0 return_oop=0}
                      ; - java.lang.ClassLoader::setSigners@2
                      ; - java.lang.ClassLoader::postDefineClass@35
                      ; - java.lang.ClassLoader::defineClass@37
                      ; - org.eclipse.osgi.internal.loader.ModuleClassLoader::defineClass@37 (line 315)
                      ; - org.eclipse.osgi.internal.loader.classpath.ClasspathManager::defineClass@424 (line 779)
  0x000001c839232714: 68c4 6cff 

  0x000001c839232718: ;   {other}
  0x000001c839232718: 0f1f 8400 | 0845 0039 | e956 eaff | ff48 ffb4 | 24f8 0000 | 0048 8f84 | 2498 0000 | 0049 8bd0 
  0x000001c839232738: 4c8b c18b | ac24 8c00 | 0000 c5f8 | 7748 b8ff | ffff ffff 

  0x000001c83923274c: ;   {virtual_call}
  0x000001c83923274c: ffff ffe8 

  0x000001c839232750: ; ImmutableOopMap {[48]=Oop [72]=Oop [80]=Oop [88]=Oop [96]=Oop [104]=Oop [112]=Oop [120]=Oop [128]=Oop [136]=NarrowOop [144]=Oop [152]=Oop [248]=Oop }
                      ;*invokevirtual toExternalForm {reexecute=0 rethrow=0 return_oop=1}
                      ; - java.net.URL::toExternalForm@5
                      ; - java.net.URL::toString@1
                      ; - java.lang.ClassLoader::defineClassSourceLocation@22
                      ; - java.lang.ClassLoader::defineClass@12
                      ; - org.eclipse.osgi.internal.loader.ModuleClassLoader::defineClass@37 (line 315)
                      ; - org.eclipse.osgi.internal.loader.classpath.ClasspathManager::defineClass@424 (line 779)
  0x000001c839232750: 2cc9 6cff 

  0x000001c839232754: ;   {other}
  0x000001c839232754: 0f1f 8400 | 4445 003a | e97e e2ff | ff44 8b84 | 2488 0000 | 0045 8b40 | 3445 85c0 | 0f84 d649 
  0x000001c839232774: 0000 4d8b | d04c 8994 | 24f8 0000 | 00e9 32db | ffff 33c0 | e95a e2ff | ff41 b801 | 0000 00e9 
  0x000001c839232794: ef02 0000 | 41ff c644 | 3bb4 24b8 | 0000 007c | 4c45 33f6 | e997 0300 | 0045 3bc1 | 0f85 664c 
  0x000001c8392327b4: 0000 458d | 58ff 453b | d80f 83c5 | 4900 0045 | 85c9 0f86 | bc49 0000 | 458d 51ff | 453b d10f 
  0x000001c8392327d4: 833f 4a00 | 0045 33f6 | c4e1 f96e | c844 8984 | 24b8 0000 | 0044 898c | 24c0 0000 | 0047 8b54 
  0x000001c8392327f4: b510 c4c1 | 796e c241 | 8b4a 08c4 | c1f9 7eca | 458b 4210 | c4c1 797e | c245 3bd0 | 7486 458b 
  0x000001c839232814: ;   {metadata('sun/security/x509/X509CertImpl')}
  0x000001c839232814: 5808 81f9 | 98bf 0501 | 0f85 3a56 | 0000 458b | 4a20 c4c1 | 796e d149 

  0x000001c83923282c: ;   {metadata('sun/security/x509/X509CertImpl')}
  0x000001c83923282c: 8be8 4181 | fb98 bf05 | 010f 85a9 | 5700 0044 | 8b5d 204d | 8bd1 498b | f349 8bfa | 483b fe0f 
  0x000001c83923284c: 84cb 0000 | 0048 85ff | 0f84 c900 | 0000 4885 | f60f 84c0 | 0000 008b | 4f0c 3b4e | 0c0f 85b4 
  0x000001c83923286c: 0000 0085 | c90f 84a5 | 0000 0048 | 8d7f 1048 | 8d76 108b | c183 e01f | 83e1 e00f | 844b 0000 
  0x000001c83923288c: 0048 8d3c | 0f48 8d34 | 0e48 f7d9 | c5fe 6f24 | 0fc5 fe6f | 1c0e c5dd | efe3 c4e2 | 7d17 e40f 
  0x000001c8392328ac: 8572 0000 | 0048 83c1 | 2075 e185 | c00f 845d | 0000 00c5 | fe6f 6407 | e0c5 fe6f | 5c06 e0c5 
  0x000001c8392328cc: ddef e3c4 | e27d 17e4 | 754d eb44 | 8bc8 83e1 | fc74 1948 | 8d3c 0f48 | 8d34 0e48 | f7d9 8b1c 
  0x000001c8392328ec: 0f3b 1c0e | 7531 4883 | c104 75f2 | a802 7412 | 0fb7 1f0f | b70e 3bd9 | 751d 488d | 7f02 488d 
  0x000001c83923290c: 7602 a801 | 740a 0fb6 | 1f0f b60e | 3bd9 7507 | b801 0000 | 00eb 0233 | c0c5 ddef | e4c5 e5ef 
  0x000001c83923292c: ;   {no_reloc}
  0x000001c83923292c: db85 c00f | 8563 feff | ff44 8b44 | 2424 443b | 8424 c000 | 0000 0f8d | 45fe ffff | 41b9 0100 
  0x000001c83923294c: 0000 6690 | c4c1 f97e | cb47 8b5c | 8b10 c4c1 | 797e c045 | 3bc3 0f84 | 30fe ffff 

  0x000001c839232968: ; implicit exception: dispatches to 0x000001c839238f6b
  0x000001c839232968: 458b 4308 

  0x000001c83923296c: ;   {metadata('sun/security/x509/X509CertImpl')}
  0x000001c83923296c: 498b eb41 | 81f8 98bf | 0501 0f85 | 6b56 0000 | 448b 4520 | 498b f049 | 8bfa 483b | fe0f 84cb 
  0x000001c83923298c: 0000 0048 | 85ff 0f84 | c900 0000 | 4885 f60f | 84c0 0000 | 008b 4f0c | 3b4e 0c0f | 85b4 0000 
  0x000001c8392329ac: 0085 c90f | 84a5 0000 | 0048 8d7f | 1048 8d76 | 108b c183 | e01f 83e1 | e00f 844b | 0000 0048 
  0x000001c8392329cc: 8d3c 0f48 | 8d34 0e48 | f7d9 c5fe | 6f24 0fc5 | fe6f 1c0e | c5dd efe3 | c4e2 7d17 | e40f 8572 
  0x000001c8392329ec: 0000 0048 | 83c1 2075 | e185 c00f | 845d 0000 | 00c5 fe6f | 6407 e0c5 | fe6f 5c06 | e0c5 ddef 
  0x000001c839232a0c: e3c4 e27d | 17e4 754d | eb44 8bc8 | 83e1 fc74 | 1948 8d3c | 0f48 8d34 | 0e48 f7d9 | 8b1c 0f3b 
  0x000001c839232a2c: 1c0e 7531 | 4883 c104 | 75f2 a802 | 7412 0fb7 | 1f0f b70e | 3bd9 751d | 488d 7f02 | 488d 7602 
  0x000001c839232a4c: a801 740a | 0fb6 1f0f | b60e 3bd9 | 7507 b801 | 0000 00eb | 0233 c0c5 | ddef e4c5 | e5ef db85 
  0x000001c839232a6c: ;   {no_reloc}
  0x000001c839232a6c: c00f 8525 | fdff ff41 | ffc1 443b | 8c24 c000 | 0000 0f8c | ccfe ffff | 458b c1ba | 45ff ffff 
  0x000001c839232a8c: 488b 6c24 | 504c 8b94 | 2480 0000 | 004c 8954 | 2420 4c8b | 5424 604c | 8954 2428 | 4c8b 5424 
  0x000001c839232aac: 684c 8954 | 2430 4c8b | 5424 704c | 8954 2438 | 4c8b 5424 | 484c 8954 | 2440 4c8b | 5424 584c 
  0x000001c839232acc: 8954 2448 | 4c8b 9424 | 9000 0000 | 4c89 5424 | 7044 8b94 | 2488 0000 | 0044 8954 | 2478 448b 
  0x000001c839232aec: 9424 8c00 | 0000 4489 | 5424 7cc5 | fb11 8c24 | 8800 0000 | 4c89 ac24 | 9800 0000 | 4489 b424 
  0x000001c839232b0c: a400 0000 | 4489 8424 | a800 0000 

  0x000001c839232b18: ;   {runtime_call UncommonTrapBlob}
  0x000001c839232b18: c5f8 77e8 

  0x000001c839232b1c: ; ImmutableOopMap {rbp=Oop [32]=Oop [40]=Oop [48]=Oop [56]=Oop [64]=Oop [72]=Oop [112]=Oop [120]=NarrowOop [136]=Oop [152]=Oop [248]=Oop }
                      ;*if_icmpge {reexecute=1 rethrow=0 return_oop=0}
                      ; - (reexecute) java.lang.ClassLoader::compareCerts@67
                      ; - java.lang.ClassLoader::checkCerts@80
                      ; - java.lang.ClassLoader::preDefineClass@113
                      ; - java.lang.ClassLoader::defineClass@4
                      ; - org.eclipse.osgi.internal.loader.ModuleClassLoader::defineClass@37 (line 315)
                      ; - org.eclipse.osgi.internal.loader.classpath.ClasspathManager::defineClass@424 (line 779)
  0x000001c839232b1c: e041 6dff 

  0x000001c839232b20: ;   {other}
  0x000001c839232b20: 0f1f 8400 | 1049 003b | 41b8 0100 | 0000 e9a3 | 0200 0041 | ffc6 443b | b424 c000 | 0000 0f8d 
  0x000001c839232b40: f0db ffff | c4c1 f97e | ca47 8b5c | b210 c4c1 | 796e c345 | 8b43 0841 | 8b6d 1044 | 3bdd 74d3 
  0x000001c839232b60: ; implicit exception: dispatches to 0x000001c839239028
  0x000001c839232b60: 448b 5d08 

  0x000001c839232b64: ;   {metadata('sun/security/x509/X509CertImpl')}
  0x000001c839232b64: 4181 f898 | bf05 010f | 85bf 5300 | 004c 8bcd | c4c1 797e | c04d 8bd0 | 458b 5220 | c4c1 796e 
  0x000001c839232b84: ;   {metadata('sun/security/x509/X509CertImpl')}
  0x000001c839232b84: d241 81fb | 98bf 0501 | 0f85 2255 | 0000 458b | 4120 498b | f049 8bfa | 483b fe0f | 84cb 0000 
  0x000001c839232ba4: 0048 85ff | 0f84 c900 | 0000 4885 | f60f 84c0 | 0000 008b | 4f0c 3b4e | 0c0f 85b4 | 0000 0085 
  0x000001c839232bc4: c90f 84a5 | 0000 0048 | 8d7f 1048 | 8d76 108b | c183 e01f | 83e1 e00f | 844b 0000 | 0048 8d3c 
  0x000001c839232be4: 0f48 8d34 | 0e48 f7d9 | c5fe 6f24 | 0fc5 fe6f | 1c0e c5dd | efe3 c4e2 | 7d17 e40f | 8572 0000 
  0x000001c839232c04: 0048 83c1 | 2075 e185 | c00f 845d | 0000 00c5 | fe6f 6407 | e0c5 fe6f | 5c06 e0c5 | ddef e3c4 
  0x000001c839232c24: e27d 17e4 | 754d eb44 | 8bc8 83e1 | fc74 1948 | 8d3c 0f48 | 8d34 0e48 | f7d9 8b1c | 0f3b 1c0e 
  0x000001c839232c44: 7531 4883 | c104 75f2 | a802 7412 | 0fb7 1f0f | b70e 3bd9 | 751d 488d | 7f02 488d | 7602 a801 
  0x000001c839232c64: 740a 0fb6 | 1f0f b60e | 3bd9 7507 | b801 0000 | 00eb 0233 | c0c5 ddef | e4c5 e5ef | db85 c00f 
  0x000001c839232c84: ;   {no_reloc}
  0x000001c839232c84: 85aa feff | ff44 8b44 | 2424 443b | 8424 b800 | 0000 0f8d | 8cfe ffff | 41bb 0100 | 0000 478b 
  0x000001c839232ca4: 4c9d 10c4 | c179 7ec0 | 453b c10f | 847e feff | ff41 8b49 | 084d 8bc1 

  0x000001c839232cbc: ;   {metadata('sun/security/x509/X509CertImpl')}
  0x000001c839232cbc: 4d8b c881 | f998 bf05 | 010f 85ec | 5300 0045 | 8b48 2049 | 8bf1 498b | fa48 3bfe | 0f84 cb00 
  0x000001c839232cdc: 0000 4885 | ff0f 84c9 | 0000 0048 | 85f6 0f84 | c000 0000 | 8b4f 0c3b | 4e0c 0f85 | b400 0000 
  0x000001c839232cfc: 85c9 0f84 | a500 0000 | 488d 7f10 | 488d 7610 | 8bc1 83e0 | 1f83 e1e0 | 0f84 4b00 | 0000 488d 
  0x000001c839232d1c: 3c0f 488d | 340e 48f7 | d9c5 fe6f | 240f c5fe | 6f1c 0ec5 | ddef e3c4 | e27d 17e4 | 0f85 7200 
  0x000001c839232d3c: 0000 4883 | c120 75e1 | 85c0 0f84 | 5d00 0000 | c5fe 6f64 | 07e0 c5fe | 6f5c 06e0 | c5dd efe3 
  0x000001c839232d5c: c4e2 7d17 | e475 4deb | 448b c883 | e1fc 7419 | 488d 3c0f | 488d 340e | 48f7 d98b | 1c0f 3b1c 
  0x000001c839232d7c: 0e75 3148 | 83c1 0475 | f2a8 0274 | 120f b71f | 0fb7 0e3b | d975 1d48 | 8d7f 0248 | 8d76 02a8 
  0x000001c839232d9c: 0174 0a0f | b61f 0fb6 | 0e3b d975 | 07b8 0100 | 0000 eb02 | 33c0 c5dd | efe4 c5e5 | efdb 85c0 
  0x000001c839232dbc: ;   {no_reloc}
  0x000001c839232dbc: 0f85 71fd | ffff 41ff | c344 3b9c | 24b8 0000 | 000f 8ccf | feff ff45 | 8bc3 ba45 | ffff ff48 
  0x000001c839232ddc: 8b6c 2450 | 4c8b 9424 | 8000 0000 | 4c89 5424 | 204c 8b54 | 2460 4c89 | 5424 284c | 8b54 2468 
  0x000001c839232dfc: 4c89 5424 | 304c 8b54 | 2470 4c89 | 5424 384c | 8b54 2448 | 4c89 5424 | 404c 8b54 | 2458 4c89 
  0x000001c839232e1c: 5424 484c | 8b94 2490 | 0000 004c | 8954 2470 | 448b 9424 | 8800 0000 | 4489 5424 | 7844 8b94 
  0x000001c839232e3c: 248c 0000 | 0044 8954 | 247c 4c89 | ac24 8800 | 0000 c5fb | 118c 2490 | 0000 0044 | 89b4 249c 
  0x000001c839232e5c: 0000 0044 | 8984 24a0 | 0000 0090 

  0x000001c839232e68: ;   {runtime_call UncommonTrapBlob}
  0x000001c839232e68: c5f8 77e8 

  0x000001c839232e6c: ; ImmutableOopMap {rbp=Oop [32]=Oop [40]=Oop [48]=Oop [56]=Oop [64]=Oop [72]=Oop [112]=Oop [120]=NarrowOop [136]=Oop [144]=Oop [248]=Oop }
                      ;*if_icmpge {reexecute=1 rethrow=0 return_oop=0}
                      ; - (reexecute) java.lang.ClassLoader::compareCerts@152
                      ; - java.lang.ClassLoader::checkCerts@80
                      ; - java.lang.ClassLoader::preDefineClass@113
                      ; - java.lang.ClassLoader::defineClass@4
                      ; - org.eclipse.osgi.internal.loader.ModuleClassLoader::defineClass@37 (line 315)
                      ; - org.eclipse.osgi.internal.loader.classpath.ClasspathManager::defineClass@424 (line 779)
  0x000001c839232e6c: 903e 6dff 

  0x000001c839232e70: ;   {other}
  0x000001c839232e70: 0f1f 8400 | 604c 003c | bb01 0000 | 00bf 0200 | 0000 e9e3 | ccff ff48 | 8944 2438 | 488b d048 
  0x000001c839232e90: 8b6c 2430 

  0x000001c839232e94: ;   {optimized virtual_call}
  0x000001c839232e94: c5f8 77e8 

  0x000001c839232e98: ; ImmutableOopMap {rbp=Oop [48]=Oop [56]=Oop [72]=Oop [80]=Oop [88]=Oop [96]=Oop [104]=Oop [112]=Oop [120]=Oop [128]=Oop [136]=NarrowOop [144]=Oop [152]=Oop }
                      ;*invokevirtual initClassName {reexecute=0 rethrow=0 return_oop=1}
                      ; - java.lang.Class::getName@14
                      ; - java.lang.Class::getPackageName@40
                      ; - java.lang.ClassLoader::postDefineClass@2
                      ; - java.lang.ClassLoader::defineClass@37
                      ; - org.eclipse.osgi.internal.loader.ModuleClassLoader::defineClass@37 (line 315)
                      ; - org.eclipse.osgi.internal.loader.classpath.ClasspathManager::defineClass@424 (line 779)
  0x000001c839232e98: a488 c4ff 

  0x000001c839232e9c: ;   {other}
  0x000001c839232e9c: 0f1f 8400 | 8c4c 003d | 4c8b c848 | 85c0 0f84 | 3045 0000 | 4c8b 5424 | 38e9 9fdb | ffff 4c8b 
  0x000001c839232ebc: 9424 8000 | 0000 4c89 | 9424 8800 | 0000 e986 | c1ff ff4c | 8b94 2480 | 0000 00e9 | 9cd7 ffff 
  0x000001c839232edc: 488b d34c | 895c 2430 | 4c89 7424 | 284c 896c | 2420 488b | 6c24 7066 | 6690 c5f8 | 7748 b8a0 
  0x000001c839232efc: 2d18 45c8 

  0x000001c839232f00: ;   {virtual_call}
  0x000001c839232f00: 0100 00e8 

  0x000001c839232f04: ; ImmutableOopMap {rbp=Oop [32]=Oop [40]=Oop [48]=Oop [80]=Oop [96]=Oop [104]=Oop [112]=Oop [128]=Oop }
                      ;*invokeinterface hasNext {reexecute=0 rethrow=0 return_oop=0}
                      ; - java.util.Collections$UnmodifiableCollection$1::hasNext@4
                      ; - org.eclipse.osgi.internal.loader.classpath.ClasspathManager::defineClass@613 (line 788)
  0x000001c839232f04: 9819 c5ff 

  0x000001c839232f08: ;   {other}
  0x000001c839232f08: 0f1f 8400 | f84c 003e | 448b d04c | 8b6c 2420 | 4c8b 7424 | 284c 8b5c | 2430 e992 | ebff ff48 
  0x000001c839232f28: 8b94 24a8 | 0000 004c | 8b54 2450 | 498b ea90 

  0x000001c839232f38: ;   {optimized virtual_call}
  0x000001c839232f38: c5f8 77e8 

  0x000001c839232f3c: ; ImmutableOopMap {rbp=Oop [44]=NarrowOop [48]=Oop [56]=Oop [72]=Oop [80]=Oop [88]=Oop [96]=Oop [104]=Oop [112]=Oop [120]=Oop [128]=Oop [136]=NarrowOop [144]=Oop [152]=Oop [160]=Oop [168]=Oop }
                      ;*invokevirtual intern {reexecute=0 rethrow=0 return_oop=1}
                      ; - java.lang.NamedPackage::<init>@47
                      ; - java.lang.ClassLoader::getNamedPackage@22
                      ; - java.lang.ClassLoader::postDefineClass@9
                      ; - java.lang.ClassLoader::defineClass@37
                      ; - org.eclipse.osgi.internal.loader.ModuleClassLoader::defineClass@37 (line 315)
                      ; - org.eclipse.osgi.internal.loader.classpath.ClasspathManager::defineClass@424 (line 779)
  0x000001c839232f3c: 40bc 6cff 

  0x000001c839232f40: ;   {other}
  0x000001c839232f40: 0f1f 8400 | 304d 003f | 4c8b 5424 | 388b 8c24 | 8800 0000 | 4189 4a10 | 4c8b c045 | 8942 0c4d 
  0x000001c839232f60: 8bda 49c1 | eb09 49b8 | 0000 722d | c801 0000 | 4788 2418 | 448b 4424 | 2c45 8b58 | 3845 85db 
  0x000001c839232f80: 0f84 6843 | 0000 4c89 | 9424 b000 | 0000 4889 | 4424 f88b | 8424 8800 | 0000 8984 | 248c 0000 
  0x000001c839232fa0: 0048 8b44 | 24f8 4889 | 4424 f88b | 4424 2c89 | 8424 8800 | 0000 488b | 4424 f849 | 8bd3 4c8b 
  0x000001c839232fc0: 8424 a800 | 0000 4d8b | ca66 6690 

  0x000001c839232fcc: ;   {optimized virtual_call}
  0x000001c839232fcc: c5f8 77e8 

  0x000001c839232fd0: ; ImmutableOopMap {rbp=Oop [48]=Oop [72]=Oop [80]=Oop [88]=Oop [96]=Oop [104]=Oop [112]=Oop [120]=Oop [128]=Oop [136]=NarrowOop [140]=NarrowOop [144]=Oop [152]=Oop [160]=Oop [176]=Oop }
                      ;*invokevirtual putIfAbsent {reexecute=0 rethrow=0 return_oop=1}
                      ; - java.lang.ClassLoader::getNamedPackage@32
                      ; - java.lang.ClassLoader::postDefineClass@9
                      ; - java.lang.ClassLoader::defineClass@37
                      ; - org.eclipse.osgi.internal.loader.ModuleClassLoader::defineClass@37 (line 315)
                      ; - org.eclipse.osgi.internal.loader.classpath.ClasspathManager::defineClass@424 (line 779)
  0x000001c839232fd0: acbb 6cff 

  0x000001c839232fd4: ;   {other}
  0x000001c839232fd4: 0f1f 8400 | c44d 0040 | 4885 c00f | 8470 e1ff | ff44 8b40 | 0849 bb00 | 0000 45c8 | 0100 004d 
  0x000001c839232ff4: 03d8 4d8b 

  0x000001c839232ff8: ;   {metadata('java/lang/NamedPackage')}
  0x000001c839232ff8: 5b38 49b8 | e8c0 0145 | c801 0000 | 4d3b d80f | 8433 4300 | 00ba deff | ffff 4c8b | 5c24 604c 
  0x000001c839233018: 895c 2428 | 4c8b 5c24 | 484c 895c | 2440 4c8b | 5c24 584c | 895c 2448 | 4c8b 9c24 | 9000 0000 
  0x000001c839233038: 4c89 5c24 | 5848 8944 | 2460 6690 

  0x000001c839233044: ;   {runtime_call UncommonTrapBlob}
  0x000001c839233044: c5f8 77e8 

  0x000001c839233048: ; ImmutableOopMap {rbp=Oop [40]=Oop [64]=Oop [72]=Oop [88]=Oop [96]=Oop [104]=Oop [112]=Oop [128]=Oop [144]=Oop }
                      ;*checkcast {reexecute=0 rethrow=0 return_oop=0}
                      ; - java.lang.ClassLoader::getNamedPackage@35
                      ; - java.lang.ClassLoader::postDefineClass@9
                      ; - java.lang.ClassLoader::defineClass@37
                      ; - org.eclipse.osgi.internal.loader.ModuleClassLoader::defineClass@37 (line 315)
                      ; - org.eclipse.osgi.internal.loader.classpath.ClasspathManager::defineClass@424 (line 779)
  0x000001c839233048: b43c 6dff 

  0x000001c83923304c: ;   {other}
  0x000001c83923304c: 0f1f 8400 | 3c4e 0041 | bb01 0000 | 00bf 0200 | 0000 e907 | cbff ff48 | 8974 2440 | 4c89 5c24 
  0x000001c83923306c: 484c 896c | 2450 488b | ee90 c5f8 | 7748 b8d0 | 890b 45c8 

  0x000001c839233080: ;   {virtual_call}
  0x000001c839233080: 0100 00e8 

  0x000001c839233084: ; ImmutableOopMap {rbp=Oop [64]=Oop [72]=Oop [80]=Oop [96]=Oop [104]=Oop [112]=Oop [120]=Oop [128]=Oop }
                      ;*invokeinterface iterator {reexecute=0 rethrow=0 return_oop=1}
                      ; - java.util.Collections$UnmodifiableCollection$1::<init>@17
                      ; - java.util.Collections$UnmodifiableCollection::iterator@5
                      ; - org.eclipse.osgi.internal.loader.classpath.ClasspathManager::defineClass@258 (line 764)
  0x000001c839233084: 182a c9ff 

  0x000001c839233088: ;   {other}
  0x000001c839233088: 0f1f 8400 | 784e 0042 | 4885 c00f | 8413 4400 | 004c 8bd0 | bb01 0000 | 00bf 0200 | 0000 4c8b 
  0x000001c8392330a8: 6c24 5048 | 8b4c 2478 | 4c8b 5c24 | 4848 8bf5 | e9ad caff | ff4c 895c | 2428 4c89 | 7424 484c 
  0x000001c8392330c8: 896c 2440 | 6690 c5f8 | 7748 b8d0 | 890b 45c8 

  0x000001c8392330d8: ;   {virtual_call}
  0x000001c8392330d8: 0100 00e8 

  0x000001c8392330dc: ; ImmutableOopMap {[40]=Oop [64]=Oop [72]=Oop [80]=Oop [96]=Oop [104]=Oop [112]=Oop [128]=Oop }
                      ;*invokeinterface iterator {reexecute=0 rethrow=0 return_oop=1}
                      ; - java.util.Collections$UnmodifiableCollection$1::<init>@17
                      ; - java.util.Collections$UnmodifiableCollection::iterator@5
                      ; - org.eclipse.osgi.internal.loader.classpath.ClasspathManager::defineClass@576 (line 788)
  0x000001c8392330dc: c029 c9ff 

  0x000001c8392330e0: ;   {other}
  0x000001c8392330e0: 0f1f 8400 | d04e 0043 | 4c8b d04c | 8b5c 2428 | 4589 530c | 4d8b d349 | c1ea 0949 | b800 0072 
  0x000001c839233100: 2dc8 0100 | 0047 8824 | 1048 85c0 | 0f84 b644 | 0000 4c8b | 6c24 404c | 8b74 2448 | 488b d8e9 
  0x000001c839233120: 74e9 ffff | 4d8b c1e9 | dfdc ffff | 458b cbe9 | eabc ffff | 448b d3e9 | 83d2 ffff | 4533 db44 
  0x000001c839233140: 895c 2420 | e9b8 bcff | ff89 5424 | 2c44 8994 | 2488 0000 | 0048 89ac | 2490 0000 | 0089 7c24 
  0x000001c839233160: 2889 5c24 | 2448 8974 | 2448 4c89 | 5c24 5848 | 894c 2478 | 4c89 6c24 | 5041 8bea | 2be8 448b 
  0x000001c839233180: d841 d1fb | ffc5 443b | dd45 8bd3 | 440f 4cd5 | 458d 1c02 | 458d 53ff | 4181 faf7 | ffff 7f0f 
  0x000001c8392331a0: 835b 4700 | 0049 8bd1 | 458b c349 | 8bed 6690 

  0x000001c8392331b0: ;   {static_call}
  0x000001c8392331b0: c5f8 77e8 

  0x000001c8392331b4: ; ImmutableOopMap {rbp=Oop [72]=Oop [80]=Oop [88]=Oop [96]=Oop [104]=Oop [112]=Oop [120]=Oop [128]=Oop [144]=Oop }
                      ;*invokestatic copyOf {reexecute=0 rethrow=0 return_oop=1}
                      ; - java.util.ArrayList::grow@37
                      ; - java.util.ArrayList::grow@7
                      ; - java.util.ArrayList::add@7
                      ; - java.util.ArrayList::add@20
                      ; - org.eclipse.osgi.internal.loader.classpath.ClasspathManager::defineClass@411 (line 777)
  0x000001c8392331b4: c8c3 6cff 

  0x000001c8392331b8: ;   {other}
  0x000001c8392331b8: 0f1f 8400 | a84f 0044 | 4c8b 9424 | 9000 0000 | 4c8b c04c | 8b9c 2490 | 0000 0045 | 8943 1449 
  0x000001c8392331d8: c1ea 0949 | bb00 0072 | 2dc8 0100 | 0047 8824 | 1348 85c0 | 0f84 ca45 | 0000 488b | ac24 9000 
  0x000001c8392331f8: 0000 4c8b | c0e9 65f2 | ffff 4533 | d2e9 7fdf | ffff 4c8b | 6c24 58e9 | 77e4 ffff | 4533 f6e9 
  0x000001c839233218: 84e4 ffff | 4d8b 97c8 | 0100 004d | 8b87 b801 | 0000 498b | d848 83c3 | 1049 3bda | 0f83 fa28 
  0x000001c839233238: 0000 4989 | 9fb8 0100 | 000f 0d8b | c000 0000 | 49c7 0001 

  0x000001c83923324c: ;   {metadata('java/util/HashMap$KeySet')}
  0x000001c83923324c: 0000 0041 | c740 0888 | 121a 0045 | 8960 0c4d | 8bd1 4589 | 500c 4d8b | d045 8951 | 0c4d 8bd1 
  0x000001c83923326c: 49c1 ea09 | 49b9 0000 | 722d c801 | 0000 4788 | 2411 e944 | c5ff ffbb | ffff ffff | e927 cdff 
  0x000001c83923328c: ffbb ffff | ffff e9ac | ceff ff45 | 8bd8 e942 | d8ff ff33 | ffe9 5cc4 | ffff 4d8b | 97b8 0100 
  0x000001c8392332ac: 004d 8b87 | c801 0000 | 498b ca48 | 83c1 1049 | 3bc8 0f83 | 2c32 0000 | 4989 8fb8 | 0100 000f 
  0x000001c8392332cc: 0d89 c000 | 0000 49c7 | 0201 0000 

  0x000001c8392332d8: ;   {metadata('java/util/HashMap$KeySet')}
  0x000001c8392332d8: 0041 c742 | 0888 121a | 0045 8962 | 0c4d 8bc1 | 4589 420c | 4d8b c245 | 8941 0c4d | 8bc1 49c1 
  0x000001c8392332f8: e809 49b9 | 0000 722d | c801 0000 | 4788 2401 | e924 e4ff | ff4c 8b6c | 2450 4c8b | f548 8b4c 
  0x000001c839233318: 2428 4c89 | 6c24 5048 | 8bd1 4d8b | c649 8bed 

  0x000001c839233328: ;   {optimized virtual_call}
  0x000001c839233328: c5f8 77e8 

  0x000001c83923332c: ; ImmutableOopMap {rbp=Oop [80]=Oop [96]=Oop [104]=Oop [112]=Oop [120]=Oop [128]=Oop }
                      ;*invokevirtual setInitialValue {reexecute=0 rethrow=0 return_oop=1}
                      ; - java.lang.ThreadLocal::get@31
                      ; - java.lang.ThreadLocal::get@4
                      ; - org.eclipse.osgi.internal.loader.classpath.ClasspathManager::defineClass@16 (line 734)
  0x000001c83923332c: 50ae aaf8 

  0x000001c839233330: ;   {other}
  0x000001c839233330: 0f1f 8400 | 2051 0045 | 4c8b ed4c | 8bc0 e9fd | c3ff ff41 | 8bde 412b | da8d 6bff | 448b 5c24 
  0x000001c839233350: 2c45 3bde | 0f82 fe45 | 0000 443b | df0f 82f5 | 4500 0085 | ed0f 8ced | 4500 0083 | fb01 0f84 
  0x000001c839233370: f0e2 ffff | c4c1 f97e | c249 83c2 | 144c 63c5 | 498b cac5 | f877 49ba | 80af 8e38 | c801 0000 
  0x000001c839233390: ;   {other}
  0x000001c839233390: 41ff d20f | 1f84 0000 | 0000 00e9 | c4e2 ffff | 498b 87b8 | 0100 004d | 8b97 c801 | 0000 4c8b 
  0x000001c8392333b0: d849 83c3 | 184d 3bda | 0f83 2839 | 0000 4d89 | 9fb8 0100 | 004c 8bd0 | 4983 c210 | 48c7 0001 
  0x000001c8392333d0: 0000 0041 | 0f0d 8bc0 

  0x000001c8392333d8: ;   {metadata('org/eclipse/osgi/internal/loader/classpath/ClasspathManager$DefineContext')}
  0x000001c8392333d8: 0000 00c7 | 4008 c834 | 1201 4489 | 600c c5fd | efc0 c4c1 | 79d6 024c | 8bc0 4d8b | 97c8 0100 
  0x000001c8392333f8: 0049 8b8f | b801 0000 | 4c8b d949 | 83c3 184d | 3bda 0f83 | 5838 0000 | 4d89 9fb8 | 0100 004c 
  0x000001c839233418: 8bd1 4983 | c210 48c7 | 0101 0000 | 0041 0f0d | 8bc0 0000 

  0x000001c83923342c: ;   {metadata('java/util/ArrayList')}
  0x000001c83923342c: 00c7 4108 | d089 0b00 | 4489 610c | c5fd efc0 | c4c1 79d6 | 024d 8b97 | c801 0000 | 498b 87b8 
  0x000001c83923344c: 0100 004c | 8bd8 4983 | c328 4d3b | da0f 8309 | 3900 004d | 899f b801 | 0000 4c8b | d049 83c2 
  0x000001c83923346c: 1048 c700 | 0100 0000 | 410f 0d8b | c000 0000 

  0x000001c83923347c: ;   {metadata('java/lang/Object'[])}
  0x000001c83923347c: c740 0870 | 1200 0041 | 0f0d 8b00 | 0100 00c7 | 400c 0500 | 0000 410f | 0d8b 4001 | 0000 410f 
  0x000001c83923349c: 0d8b 8001 | 0000 c5fd | efc0 41bb | 0700 0000 | c4c1 7892 | fb62 d1fe | 2f7f 024c | 8bd1 4589 
  0x000001c8392334bc: 500c 4c8b | d044 8951 | 144c 8bd1 | 4d8b d849 | c1ea 0949 | b900 0072 | 2dc8 0100 | 0047 8824 
  0x000001c8392334dc: 1149 c1eb | 0949 ba00 | 0072 2dc8 | 0100 0047 | 8824 1a49 | 8b8f b801 | 0000 4d8b | 97c8 0100 
  0x000001c8392334fc: 004c 8bd9 | 4983 c318 | 4d3b da0f | 8399 3700 | 004d 899f | b801 0000 | 4c8b d149 | 83c2 1048 
  0x000001c83923351c: c701 0100 | 0000 410f | 0d8b c000 

  0x000001c839233528: ;   {metadata('java/util/ArrayList')}
  0x000001c839233528: 0000 c741 | 08d0 890b | 0044 8961 | 0cc5 fdef | c0c4 c179 | d602 4d8b | 97c8 0100 | 0049 8b87 
  0x000001c839233548: b801 0000 | 4c8b d849 | 83c3 284d | 3bda 0f83 | be37 0000 | 4d89 9fb8 | 0100 004c | 8bd0 4983 
  0x000001c839233568: c210 48c7 | 0001 0000 | 0041 0f0d | 8bc0 0000 

  0x000001c839233578: ;   {metadata('java/lang/Object'[])}
  0x000001c839233578: 00c7 4008 | 7012 0000 | 410f 0d8b | 0001 0000 | c740 0c05 | 0000 0041 | 0f0d 8b40 | 0100 0041 
  0x000001c839233598: 0f0d 8b80 | 0100 00c5 | fdef c041 | bb07 0000 | 00c4 c178 | 92fb 62d1 | fe2f 7f02 | 418b 6d28 
  0x000001c8392335b8: 4c8b d044 | 8951 144c | 8bd1 4589 | 5010 4c8b | d14d 8bd8 | 49c1 ea09 | 49b9 0000 | 722d c801 
  0x000001c8392335d8: 0000 4788 | 2411 49c1 | eb09 49ba | 0000 722d | c801 0000 | 4788 241a 

  0x000001c8392335f0: ; implicit exception: dispatches to 0x000001c8392391ba
  0x000001c8392335f0: 448b 5508 

  0x000001c8392335f4: ;   {metadata('java/lang/ThreadLocal')}
  0x000001c8392335f4: 4181 fa58 | 0912 000f | 85c3 4300 | 004c 8944 | 2428 4c89 | 6c24 5048 | 8bd5 498b | ed66 6690 
  0x000001c839233614: ;   {optimized virtual_call}
  0x000001c839233614: c5f8 77e8 

  0x000001c839233618: ; ImmutableOopMap {rbp=Oop [40]=Oop [80]=Oop [96]=Oop [104]=Oop [112]=Oop [120]=Oop [128]=Oop }
                      ;*invokevirtual set {reexecute=0 rethrow=0 return_oop=0}
                      ; - org.eclipse.osgi.internal.loader.classpath.ClasspathManager::defineClass@44 (line 737)
  0x000001c839233618: 04e1 b7f9 

  0x000001c83923361c: ;   {other}
  0x000001c83923361c: 0f1f 8400 | 0c54 0046 | 4c8b 5424 | 284c 8bed | 4d8b dae9 | 29c1 ffff | 458b d8e9 | a5d4 ffff 
  0x000001c83923363c: ;   {metadata('java/util/LinkedHashMap$LinkedKeySet')}
  0x000001c83923363c: 4181 f9b0 | 6405 010f | 85db 4300 | 004d 8b8f | c801 0000 | 4d8b 97b8 | 0100 0049 | 8bda 4883 
  0x000001c83923365c: c320 493b | d90f 8309 | 3a00 0049 | 899f b801 | 0000 0f0d | 8bc0 0000 | 0049 c702 | 0100 0000 
  0x000001c83923367c: 498b da48 

  0x000001c839233680: ;   {metadata('java/util/LinkedHashMap$LinkedKeyIterator')}
  0x000001c839233680: 83c3 1041 | c742 08f8 | 6905 0145 | 8962 0cc5 | fdef c062 | f1fe 087f | 0345 0fb6 | 480c 4588 
  0x000001c8392336a0: 4a10 418b | 6810 4189 | 6a1c 4585 | c90f 85c1 | 4400 0044 | 8b45 1845 | 8942 0c44 | 8b4d 3445 
  0x000001c8392336c0: 894a 144d | 8bc2 49c1 | e809 49b9 | 0000 722d | c801 0000 | 4788 2401 | bb01 0000 | 00bf 0200 
  0x000001c8392336e0: 0000 e983 

  0x000001c8392336e4: ;   {metadata('java/util/LinkedHashMap')}
  0x000001c8392336e4: c4ff ff41 | 81fa e8a1 | 0f00 0f85 | 0c43 0000 | 4889 7424 | 404c 895c | 2448 8b6c | 2420 4c89 
  0x000001c839233704: 6c24 5049 | 8bd1 6690 

  0x000001c83923370c: ;   {optimized virtual_call}
  0x000001c83923370c: c5f8 77e8 

  0x000001c839233710: ; ImmutableOopMap {[64]=Oop [72]=Oop [80]=Oop [96]=Oop [104]=Oop [112]=Oop [120]=Oop [128]=Oop }
                      ;*invokevirtual sequencedKeySet {reexecute=0 rethrow=0 return_oop=1}
                      ; - java.util.LinkedHashMap::keySet@1
                      ; - java.util.HashSet::iterator@4
                      ; - java.util.Collections$UnmodifiableCollection$1::<init>@17
                      ; - java.util.Collections$UnmodifiableCollection::iterator@5
                      ; - org.eclipse.osgi.internal.loader.classpath.ClasspathManager::defineClass@258 (line 764)
  0x000001c839233710: 6cb4 6cff 

  0x000001c839233714: ;   {other}
  0x000001c839233714: 0f1f 8400 | 0455 0047 | 4c8b c048 | 85c0 0f84 | bc42 0000 | 4c8b 6c24 | 5048 8b4c | 2478 896c 
  0x000001c839233734: 2420 4c8b | 5c24 4848 | 8b74 2440 | e982 c0ff | ff4c 63c5 | 4d8d 5810 | 498b cb48 | 83e1 f848 
  0x000001c839233754: 8bfe 4803 | f949 c1eb | 034d 2bcb | 498b c948 | 33c0 4883 | f908 7f10 | 48ff c978 | 5648 8904 
  0x000001c839233774: cf48 ffc9 | 7df7 eb4b | c5fd efc0 | e90d 0000 | 00c5 fe7f | 07c5 fe7f | 4720 4883 | c740 4883 
  0x000001c839233794: e908 7ded | 4883 c104 | 7c0c c5fe | 7f07 4883 | c720 4883 | e904 4883 | c104 7e17 | 48c7 c0ff 
  0x000001c8392337b4: ffff ffc4 | e2f0 f5c0 | c4e1 fb92 | f862 f1fe | 2f7f 0749 | 83f8 2077 | 284c 63dd | 49b8 ffff 
  0x000001c8392337d4: ffff ffff | ffff c442 | a0f5 c0c4 | c1fb 92f8 | 62d1 7faf | 6f02 62f1 | 7f2f 7f02 | e938 b8ff 
  0x000001c8392337f4: ff49 8bca | c5f8 7749 | bac0 798e | 38c8 0100 | 0041 ffd2 

  0x000001c839233808: ;   {other}
  0x000001c839233808: 0f1f 8400 | 0000 0000 | e918 b8ff | ff4c 63c5 | 4d8d 4810 | 498b c948 | 83e1 f848 | 8bfb 4803 
  0x000001c839233828: f949 c1e9 | 034d 2bd9 | 498b cb48 | 33c0 4883 | f908 7f10 | 48ff c978 | 5648 8904 | cf48 ffc9 
  0x000001c839233848: 7df7 eb4b | c5fd efc0 | e90d 0000 | 00c5 fe7f | 07c5 fe7f | 4720 4883 | c740 4883 | e908 7ded 
  0x000001c839233868: 4883 c104 | 7c0c c5fe | 7f07 4883 | c720 4883 | e904 4883 | c104 7e17 | 48c7 c0ff | ffff ffc4 
  0x000001c839233888: e2f0 f5c0 | c4e1 fb92 | f862 f1fe | 2f7f 0749 | 83f8 2077 | 2d4c 63dd | 49b8 ffff | ffff ffff 
  0x000001c8392338a8: ffff c442 | a0f5 c0c4 | c1fb 92f8 | 4c8b 5c24 | 4062 d17f | af6f 0362 | d17f 2f7f | 02e9 86cd 
  0x000001c8392338c8: ffff 488b | 4c24 4049 | 8bd2 c5f8 | 7749 bac0 | 798e 38c8 | 0100 0041 

  0x000001c8392338e0: ;   {other}
  0x000001c8392338e0: ffd2 0f1f | 8400 0000 | 0000 e961 

  0x000001c8392338ec: ;   {oop(""{0x0000000080001770})}
  0x000001c8392338ec: cdff ff48 | bb70 1700 | 8000 0000 | 00e9 4fb7 

  0x000001c8392338fc: ;   {oop(""{0x0000000080001770})}
  0x000001c8392338fc: ffff 49ba | 7017 0080 | 0000 0000 | e96b cdff 

  0x000001c83923390c: ;   {metadata('java/util/LinkedHashMap$LinkedKeySet')}
  0x000001c83923390c: ff41 81f9 | b064 0501 | 0f85 8641 | 0000 4d8b | 87c8 0100 | 0049 8b8f | b801 0000 | 4c8b c949 
  0x000001c83923392c: 83c1 204d | 3bc8 0f83 | 7039 0000 | 4d89 8fb8 | 0100 0041 | 0f0d 89c0 | 0000 0048 | c701 0100 
  0x000001c83923394c: 0000 4c8b | c149 83c0 

  0x000001c839233954: ;   {metadata('java/util/LinkedHashMap$LinkedKeyIterator')}
  0x000001c839233954: 10c7 4108 | f869 0501 | 4489 610c | c5fd efc0 | 62d1 fe08 | 7f00 450f | b642 0c44 | 8841 1041 
  0x000001c839233974: 8b6a 1089 | 691c 4585 | c00f 85dd | 4200 0044 | 8b45 1844 | 8941 0c44 | 8b55 3444 | 8951 144c 
  0x000001c839233994: 8bd1 49c1 | ea09 49b8 | 0000 722d | c801 0000 | 4788 2410 | 488b d9e9 | cce0 ffff 

  0x000001c8392339b0: ;   {metadata('java/util/LinkedHashMap')}
  0x000001c8392339b0: 4181 fae8 | a10f 000f | 85ab 4000 | 0049 8beb | 4c89 7424 | 484c 896c | 2440 498b | d166 6690 
  0x000001c8392339d0: ;   {optimized virtual_call}
  0x000001c8392339d0: c5f8 77e8 

  0x000001c8392339d4: ; ImmutableOopMap {rbp=Oop [64]=Oop [72]=Oop [80]=Oop [96]=Oop [104]=Oop [112]=Oop [128]=Oop }
                      ;*invokevirtual sequencedKeySet {reexecute=0 rethrow=0 return_oop=1}
                      ; - java.util.LinkedHashMap::keySet@1
                      ; - java.util.HashSet::iterator@4
                      ; - java.util.Collections$UnmodifiableCollection$1::<init>@17
                      ; - java.util.Collections$UnmodifiableCollection::iterator@5
                      ; - org.eclipse.osgi.internal.loader.classpath.ClasspathManager::defineClass@576 (line 788)
  0x000001c8392339d4: a8b1 6cff 

  0x000001c8392339d8: ;   {other}
  0x000001c8392339d8: 0f1f 8400 | c857 0048 | 4c8b d048 | 85c0 0f84 | 6040 0000 | 4c8b 6c24 | 404c 8b74 | 2448 4c8b 
  0x000001c8392339f8: dde9 33dd | ffff 448b | 8c24 8800 | 0000 4c8b | 9424 a000 | 0000 488b | 9c24 a800 | 0000 8b8c 
  0x000001c839233a18: 248c 0000 | 00e9 42e4 | ffff 33c0 | e9d2 b6ff | ff33 c0e9 | 50d4 ffff | 33c0 e982 | b9ff ff4c 
  0x000001c839233a38: 63c5 4d8d | 4810 498b | c948 83e1 | f848 8bfb | 4803 f949 | c1e9 034d | 2bd1 498b | ca48 33c0 
  0x000001c839233a58: 4883 f908 | 7f10 48ff | c978 5648 | 8904 cf48 | ffc9 7df7 | eb4b c5fd | efc0 e90d | 0000 00c5 
  0x000001c839233a78: fe7f 07c5 | fe7f 4720 | 4883 c740 | 4883 e908 | 7ded 4883 | c104 7c0c | c5fe 7f07 | 4883 c720 
  0x000001c839233a98: 4883 e904 | 4883 c104 | 7e17 48c7 | c0ff ffff | ffc4 e2f0 | f5c0 c4e1 | fb92 f862 | f1fe 2f7f 
  0x000001c839233ab8: 0749 83f8 | 2077 2d4c | 63d5 49b8 | ffff ffff | ffff ffff | c442 a8f5 | c0c4 c1fb 

  0x000001c839233ad4: ;   {no_reloc}
  0x000001c839233ad4: 92f8 4c8b | 5424 3862 | d17f af6f | 0262 f17f | 2f7f 02e9 | efd2 ffff | 488b 4c24 | 38c5 f877 
  0x000001c839233af4: 49ba c079 | 8e38 c801 | 0000 41ff 

  0x000001c839233b00: ;   {other}
  0x000001c839233b00: d20f 1f84 | 0000 0000 | 00e9 cdd2 

  0x000001c839233b0c: ;   {oop(""{0x0000000080001770})}
  0x000001c839233b0c: ffff 49b8 | 7017 0080 | 0000 0000 | e9ee d2ff | ff4c 8b6c | 2450 4c8b | 7424 2848 | 8b5c 2430 
  0x000001c839233b2c: 448b 5c24 | 2444 8b4c | 2438 488b | 5424 4048 | 8b7c 2448 | 448b 5424 | 3c8b 4424 | 58e9 f8b5 
  0x000001c839233b4c: ffff 4c89 | 9c24 9000 | 0000 488b | 9424 8000 | 0000 6690 

  0x000001c839233b60: ;   {optimized virtual_call}
  0x000001c839233b60: c5f8 77e8 

  0x000001c839233b64: ; ImmutableOopMap {rbp=NarrowOop [48]=Oop [72]=Oop [80]=Oop [88]=Oop [96]=Oop [104]=Oop [112]=Oop [120]=Oop [128]=Oop [136]=NarrowOop [144]=Oop }
                      ;*invokevirtual length {reexecute=0 rethrow=0 return_oop=0}
                      ; - java.lang.String::indexOf@30
                      ; - java.lang.String::indexOf@3
                      ; - java.lang.ClassLoader::checkName@16
                      ; - java.lang.ClassLoader::findLoadedClass@1
                      ; - org.eclipse.osgi.internal.loader.ModuleClassLoader::defineClass@17 (line 313)
                      ; - org.eclipse.osgi.internal.loader.classpath.ClasspathManager::defineClass@424 (line 779)
  0x000001c839233b64: 18b0 6cff 

  0x000001c839233b68: ;   {other}
  0x000001c839233b68: 0f1f 8400 | 5859 0049 | 488b d541 | b82f 0000 | 0044 8b4c | 2420 8bf8 | 488b 6c24 | 5066 6690 
  0x000001c839233b88: ;   {static_call}
  0x000001c839233b88: c5f8 77e8 

  0x000001c839233b8c: ; ImmutableOopMap {rbp=Oop [48]=Oop [72]=Oop [80]=Oop [88]=Oop [96]=Oop [104]=Oop [112]=Oop [120]=Oop [128]=Oop [136]=NarrowOop [144]=Oop }
                      ;*invokestatic indexOf {reexecute=0 rethrow=0 return_oop=0}
                      ; - java.lang.String::indexOf@33
                      ; - java.lang.String::indexOf@3
                      ; - java.lang.ClassLoader::checkName@16
                      ; - java.lang.ClassLoader::findLoadedClass@1
                      ; - org.eclipse.osgi.internal.loader.ModuleClassLoader::defineClass@17 (line 313)
                      ; - org.eclipse.osgi.internal.loader.classpath.ClasspathManager::defineClass@424 (line 779)
  0x000001c839233b8c: f0b9 6cff 

  0x000001c839233b90: ;   {other}
  0x000001c839233b90: 0f1f 8400 | 8059 004a | 4c8b 8c24 | 8000 0000 | 4c8b 9c24 | 9000 0000 | 8bd8 e905 | c4ff ff44 
  0x000001c839233bb0: 894c 2438 | 4489 5424 | 2c49 8bd0 

  0x000001c839233bbc: ;   {optimized virtual_call}
  0x000001c839233bbc: c5f8 77e8 

  0x000001c839233bc0: ; ImmutableOopMap {rbp=NarrowOop [48]=Oop [56]=NarrowOop [72]=Oop [80]=Oop [88]=Oop [96]=Oop [104]=Oop [112]=Oop [120]=Oop [128]=Oop [136]=NarrowOop [144]=Oop }
                      ;*invokevirtual length {reexecute=0 rethrow=0 return_oop=0}
                      ; - java.lang.String::indexOf@30
                      ; - java.lang.String::indexOf@3
                      ; - java.lang.ClassLoader::checkName@16
                      ; - java.lang.ClassLoader::preDefineClass@1
                      ; - java.lang.ClassLoader::defineClass@4
                      ; - org.eclipse.osgi.internal.loader.ModuleClassLoader::defineClass@37 (line 315)
                      ; - org.eclipse.osgi.internal.loader.classpath.ClasspathManager::defineClass@424 (line 779)
  0x000001c839233bc0: bcaf 6cff 

  0x000001c839233bc4: ;   {other}
  0x000001c839233bc4: 0f1f 8400 | b459 004b | 488b d541 | b82f 0000 | 0044 8b4c | 2420 8bf8 | 488b 6c24 | 504c 8b94 
  0x000001c839233be4: 2480 0000 | 004c 8954 | 2440 6690 

  0x000001c839233bf0: ;   {static_call}
  0x000001c839233bf0: c5f8 77e8 

  0x000001c839233bf4: ; ImmutableOopMap {rbp=Oop [48]=Oop [56]=NarrowOop [64]=Oop [72]=Oop [80]=Oop [88]=Oop [96]=Oop [104]=Oop [112]=Oop [120]=Oop [128]=Oop [136]=NarrowOop [144]=Oop }
                      ;*invokestatic indexOf {reexecute=0 rethrow=0 return_oop=0}
                      ; - java.lang.String::indexOf@33
                      ; - java.lang.String::indexOf@3
                      ; - java.lang.ClassLoader::checkName@16
                      ; - java.lang.ClassLoader::preDefineClass@1
                      ; - java.lang.ClassLoader::defineClass@4
                      ; - org.eclipse.osgi.internal.loader.ModuleClassLoader::defineClass@37 (line 315)
                      ; - org.eclipse.osgi.internal.loader.classpath.ClasspathManager::defineClass@424 (line 779)
  0x000001c839233bf4: 88b9 6cff 

  0x000001c839233bf8: ;   {other}
  0x000001c839233bf8: 0f1f 8400 | e859 004c | 4c8b 4424 | 404c 8b6c | 2468 488b | 7424 6044 | 8b54 242c | 448b 4c24 
  0x000001c839233c18: 388b d8e9 | 23c5 ffff | 4c8b 5424 | 4045 0fb7 | 0241 83f8 | 6a0f 8571 | c6ff ff44 | 8b84 2498 
  0x000001c839233c38: 0000 0045 | 0fb7 4012 | 4183 f861 | 0f85 5ac6 | ffff 448b | 9424 9800 | 0000 450f | b742 1441 
  0x000001c839233c58: 83f8 760f | 8543 c6ff | ff45 0fb7 | 4216 4183 | f861 0f85 | 34c6 ffff | 450f b742 | 1841 83f8 
  0x000001c839233c78: 2e0f 8525 | c6ff ffe9 | c3c5 ffff | 4c8b 6c24 | 504c 8b74 | 2428 488b | 5c24 3044 | 8b5c 2424 
  0x000001c839233c98: 448b 4c24 | 3848 8b54 | 2440 488b | 7c24 4844 | 8b54 243c | 8b74 2458 | 8b44 245c | e93e b7ff 
  0x000001c839233cb8: ff4c 8b94 | 24a8 0000 | 0041 b82f | 0000 0066 | 4589 4210 | 41bb 2f00 | 0000 6645 | 895a 1241 
  0x000001c839233cd8: bb04 0000 | 00e9 db00 | 0000 410f | be4b 1045 | 8b43 1445 | 8b48 0cc4 | 4272 f7c1 

  0x000001c839233cf4: ;   {no_reloc}
  0x000001c839233cf4: 4183 c002 | 4585 c00f | 8cdc 3f00 | 00c4 4271 | f7c0 4181 | f800 0010 | 000f 87b9 | 3f00 0089 
  0x000001c839233d14: 4c24 4444 | 895c 2440 | 4d63 d844 | 8b4c 2440 | 498b e941 | 81f8 0000 | 1000 0f87 | d538 0000 
  0x000001c839233d34: 4d8b 8fc8 | 0100 004d | 8b97 b801 | 0000 4983 | c317 4983 | e3f8 498b | ca49 03cb | 493b c90f 
  0x000001c839233d54: 83b0 3800 | 0049 898f | b801 0000 | 0f0d 89c0 | 0000 0049 | c702 0100 | 0000 0f0d | 8900 0100 
  0x000001c839233d74: ;   {metadata({type array byte})}
  0x000001c839233d74: 0041 c742 | 0818 2300 | 0045 8942 | 0c0f 0d89 | 4001 0000 | 0f0d 8980 | 0100 004c | 8994 24a8 
  0x000001c839233d94: 0000 0044 | 8b54 2444 | 4585 d20f | 8514 ffff | ff4c 8b94 | 24a8 0000 | 0041 c642 | 102f 41c6 
  0x000001c839233db4: 4211 2f41 | bb02 0000 | 004c 8b94 | 24a8 0000 | 004f 8d54 | 1a10 448b | 4424 4045 | 0fbe 4810 
  0x000001c839233dd4: 458b 5814 | 418b 530c | 4d8b c34d | 8d5b 1045 | 85c9 0f84 | 9901 0000 | d1fa 4c63 | c249 8bcb 
  0x000001c839233df4: 498b d2c5 | f877 49ba | 0085 8e38 | c801 0000 

  0x000001c839233e04: ;   {other}
  0x000001c839233e04: 41ff d20f | 1f84 0000 | 0000 00e9 | 0501 0000 | 498b f349 | 8bfa 8bca | f7c2 f0ff | ffff 0f84 
  0x000001c839233e24: 8400 0000 | f7c2 00f0 | ffff 0f84 | 5400 0000 | 83e1 1f83 | e2e0 741f | 488d 3416 | 488d 3c57 
  0x000001c839233e44: 48f7 da62 | f27d 4830 | 0416 62f1 | ff48 7f04 | 5748 83c2 | 2075 ecf7 | c1ff ffff | ff0f 84b2 
  0x000001c839233e64: 0000 00ba | ffff ffff | c4e2 71f7 | d2f7 d2c5 | fb92 fa62 | f27d cf30 | 0662 f1ff | 4f7f 07e9 
  0x000001c839233e84: 9100 0000 | 83e1 0f83 | e2f0 741c | 488d 3416 | 488d 3c57 | 48f7 dac4 | e27d 3004 | 16c5 fe7f 
  0x000001c839233ea4: 0457 4883 | c210 75ef | 8bd1 83e1 | 0783 e2f8 | 7427 c4e2 | 7930 06c5 | fa7f 0748 | 83c6 0848 
  0x000001c839233ec4: 83c7 10e9 | 1100 0000 | c4e2 7930 | 0416 c5fa | 7f04 5748 | 83c2 0875 | ef8b d183 | fa04 7c19 
  0x000001c839233ee4: c5f9 6e06 | c4e2 7930 | c0c5 f9d6 | 0748 83ea | 0448 83c6 | 0448 83c7 | 0885 d274 | 1848 8d34 
  0x000001c839233f04: ;   {no_reloc}
  0x000001c839233f04: 1648 8d3c | 5748 f7da | 0fb6 0c16 | 6689 0c57 | 48ff c275 | f34d 8b97 | c801 0000 | 498b 87b8 
  0x000001c839233f24: 0100 004c | 8bd8 4983 | c318 4d3b | da0f 83b1 | 3600 004d | 899f b801 | 0000 410f | 0d8b c000 
  0x000001c839233f44: 0000 48c7 | 0001 0000 | 004c 8bd0 | 4983 c210 

  0x000001c839233f54: ;   {metadata('java/lang/String')}
  0x000001c839233f54: c740 0878 | e800 0044 | 8960 0cc5 | fdef c0c4 | c179 d602 | 4c8b c044 | 8b5c 2444 | 4588 5810 
  0x000001c839233f74: 4c8b 9424 | a800 0000 | 4589 5014 | e9ec c8ff | ff44 8b44 | 2444 4585 | c00f 8581 | feff ff4c 
  0x000001c839233f94: 63c2 498b | cb49 8bd2 | c5f8 7749 | bac0 798e | 38c8 0100 | 0041 ffd2 

  0x000001c839233fac: ;   {other}
  0x000001c839233fac: 0f1f 8400 | 0000 0000 | e960 ffff | ff48 8b5c | 2430 c643 | 1101 33c0 | 4c8b 6c24 | 504c 8b74 
  0x000001c839233fcc: 2428 448b | 5c24 2444 | 8b4c 2438 | 488b 5424 | 4048 8b7c | 2448 8b74 | 243c e910 | b1ff ff48 
  0x000001c839233fec: 8b5c 2440 | c643 1101 | 33c0 448b | 4c24 2c4c | 8b54 2438 | 448b 8424 | 8800 0000 | 8b8c 248c 
  0x000001c83923400c: 0000 00e9 | 6cce ffff | 4489 8424 | 9c00 0000 | 4c89 9424 | a000 0000 | 4489 8c24 | 9800 0000 
  0x000001c83923402c: 4d8b 97c8 | 0100 0049 | 8b87 b801 | 0000 4c8b | d849 83c3 | 1845 8bc1 | 498b e84d | 3bda 0f83 
  0x000001c83923404c: 9837 0000 | 4d89 9fb8 | 0100 0041 | 0f0d 8bc0 | 0000 0048 | c700 0100 

  0x000001c839234064: ;   {metadata('java/util/ArrayList')}
  0x000001c839234064: 0000 c740 | 08d0 890b | 0044 8960 | 0c44 8960 | 1044 8b9c | 249c 0000 | 0045 8b5b 

  0x000001c839234080: ;   {oop(a 'java/lang/Object'[0] {0x0000000080000958})}
  0x000001c839234080: 0cc7 4014 | 5809 0080 | 4c8b d04c | 8994 24a8 | 0000 0045 | 85db 0f86 | a200 0000 | 4533 d245 
  0x000001c8392340a0: 8bc2 6666 | 0f1f 8400 | 0000 0000 | 6666 6690 | 448b 9424 | 9c00 0000 

  0x000001c8392340b8: ; implicit exception: dispatches to 0x000001c83923922c
  0x000001c8392340b8: 458b 5a0c | 453b c30f | 8313 3a00 | 0044 8b9c | 249c 0000 | 0047 8b5c | 8310 458b | 5310 458b 
  0x000001c8392340d8: 5210 4489 | 4424 2c4d | 8bc2 488b | 9424 a800 | 0000 4c8b | 9424 8000 | 0000 4c89 | 5424 4090 
  0x000001c8392340f8: ;   {optimized virtual_call}
  0x000001c8392340f8: c5f8 77e8 

  0x000001c8392340fc: ; ImmutableOopMap {rbp=Oop [48]=Oop [64]=Oop [72]=Oop [80]=Oop [88]=Oop [96]=Oop [104]=Oop [112]=Oop [120]=Oop [128]=Oop [136]=NarrowOop [144]=Oop [152]=NarrowOop [160]=Oop [168]=Oop [248]=Oop }
                      ;*invokevirtual addAll {reexecute=0 rethrow=0 return_oop=0}
                      ; - java.security.CodeSource::getCertificates@57
                      ; - java.lang.ClassLoader::checkCerts@34
                      ; - java.lang.ClassLoader::preDefineClass@113
                      ; - java.lang.ClassLoader::defineClass@4
                      ; - org.eclipse.osgi.internal.loader.ModuleClassLoader::defineClass@37 (line 315)
                      ; - org.eclipse.osgi.internal.loader.classpath.ClasspathManager::defineClass@424 (line 779)
  0x000001c8392340fc: 80aa 6cff 

  0x000001c839234100: ;   {other}
  0x000001c839234100: 0f1f 8400 | f05e 004d | 4d8b 8f58 | 0400 0044 | 8b94 2498 | 0000 0045 | 8b5a 1044 | 899c 249c 
  0x000001c839234120: 0000 0044 | 8b54 242c | 41ff c245 

  0x000001c83923412c: ; ImmutableOopMap {r11=NarrowOop rbp=Oop [48]=Oop [64]=Oop [72]=Oop [80]=Oop [88]=Oop [96]=Oop [104]=Oop [112]=Oop [120]=Oop [128]=Oop [136]=NarrowOop [144]=Oop [152]=NarrowOop [156]=NarrowOop [160]=Oop [168]=Oop [248]=Oop }
                      ;*goto {reexecute=1 rethrow=0 return_oop=0}
                      ; - (reexecute) java.security.CodeSource::getCertificates@64
                      ; - java.lang.ClassLoader::checkCerts@34
                      ; - java.lang.ClassLoader::preDefineClass@113
                      ; - java.lang.ClassLoader::defineClass@4
                      ; - org.eclipse.osgi.internal.loader.ModuleClassLoader::defineClass@37 (line 315)
                      ; - org.eclipse.osgi.internal.loader.classpath.ClasspathManager::defineClass@424 (line 779)
                      ;   {poll}
  0x000001c83923412c: 8bc2 4185 | 0145 8b53 | 0c45 3bc2 | 0f8c 72ff | ffff 4d8b | 97c8 0100 | 0049 8b87 | b801 0000 
  0x000001c83923414c: 4c8b d849 | 83c3 104d | 3bda 0f83 | b936 0000 | 4d89 9fb8 | 0100 0041 | 0f0d 8bc0 | 0000 0048 
  0x000001c83923416c: c700 0100 | 0000 410f | 0d8b 0001 

  0x000001c839234178: ;   {metadata('java/security/cert/Certificate'[])}
  0x000001c839234178: 0000 c740 | 0820 2910 | 0041 0f0d | 8b40 0100 | 0044 8960 | 0c41 0f0d | 8b80 0100 | 004c 8bc0 
  0x000001c839234198: 488b 9424 | a800 0000 | 4c8b 9424 | 8000 0000 | 4c89 5424 | 4066 6690 

  0x000001c8392341b0: ;   {optimized virtual_call}
  0x000001c8392341b0: c5f8 77e8 

  0x000001c8392341b4: ; ImmutableOopMap {rbp=Oop [48]=Oop [64]=Oop [72]=Oop [80]=Oop [88]=Oop [96]=Oop [104]=Oop [112]=Oop [120]=Oop [128]=Oop [136]=NarrowOop [144]=Oop [152]=NarrowOop [160]=Oop [248]=Oop }
                      ;*invokevirtual toArray {reexecute=0 rethrow=0 return_oop=1}
                      ; - java.security.CodeSource::getCertificates@73
                      ; - java.lang.ClassLoader::checkCerts@34
                      ; - java.lang.ClassLoader::preDefineClass@113
                      ; - java.lang.ClassLoader::defineClass@4
                      ; - org.eclipse.osgi.internal.loader.ModuleClassLoader::defineClass@37 (line 315)
                      ; - org.eclipse.osgi.internal.loader.classpath.ClasspathManager::defineClass@424 (line 779)
  0x000001c8392341b4: c8a9 6cff 

  0x000001c8392341b8: ;   {other}
  0x000001c8392341b8: 0f1f 8400 | a85f 004f | 4c8b c044 

  0x000001c8392341c4: ;   {metadata('java/security/cert/Certificate'[])}
  0x000001c8392341c4: 8b58 0841 | 81fb 2029 | 1000 0f85 | c03f 0000 | 458b 500c | 4c8b cd49 | 63ca 49c1 | e909 49bb 
  0x000001c8392341e4: 0000 722d | c801 0000 | 4788 240b | 48c1 e102 | 4d8b c844 | 8b9c 2498 | 0000 0045 | 894b 1441 
  0x000001c839234204: 81fa 0000 | 0400 0f87 | 3936 0000 | 488b e94c | 8984 2498 | 0000 004d | 8b9f b801 | 0000 4d8b 
  0x000001c839234224: 87c8 0100 | 004c 8d49 | 1749 83e1 | f849 8bcb | 4903 c949 | 3bc8 0f83 | 1436 0000 | 4989 8fb8 
  0x000001c839234244: 0100 000f | 0d89 c000 | 0000 4d8b | c349 c700 | 0100 0000 | 0f0d 8900 

  0x000001c83923425c: ;   {metadata('java/security/cert/Certificate'[])}
  0x000001c83923425c: 0100 0041 | c740 0820 | 2910 0045 | 8950 0c0f | 0d89 4001 | 0000 0f0d | 8980 0100 | 0048 8b8c 
  0x000001c83923427c: 2498 0000 | 0048 83c1 | 1049 8bd0 | 4883 c210 | 498b d84c | 8d55 0749 | c1ea 034d | 8bc2 c5f8 
  0x000001c83923429c: 7749 ba80 | 9c8e 38c8 | 0100 0041 

  0x000001c8392342a8: ;   {other}
  0x000001c8392342a8: ffd2 0f1f | 8400 0000 | 0000 e9ac | e2ff ff48 | 8b5c 2430 | c643 1101 | 33c0 4c8b | 6c24 504c 
  0x000001c8392342c8: 8b74 2428 | 448b 5c24 | 2444 8b4c | 2438 488b | 5424 4048 | 8b7c 2448 | 448b 5424 | 3c8b 4c24 
  0x000001c8392342e8: 58e9 cbb0 | ffff 4c89 | 4424 3848 | 8974 2430 | 4c89 5c24 | 288b 6c24 | 2048 894c | 2478 4c89 
  0x000001c839234308: ;   {metadata('java/util/HashMap$KeyIterator')}
  0x000001c839234308: 6c24 5048 | ba88 551a | 45c8 0100 | 0066 6690 

  0x000001c839234318: ;   {runtime_call _new_instance_Java}
  0x000001c839234318: c5f8 77e8 

  0x000001c83923431c: ; ImmutableOopMap {[40]=Oop [48]=Oop [56]=Oop [80]=Oop [96]=Oop [104]=Oop [112]=Oop [120]=Oop [128]=Oop }
                      ;*new {reexecute=0 rethrow=0 return_oop=1}
                      ; - java.util.HashMap$KeySet::iterator@0
                      ; - java.util.HashSet::iterator@7
                      ; - java.util.Collections$UnmodifiableCollection$1::<init>@17
                      ; - java.util.Collections$UnmodifiableCollection::iterator@5
                      ; - org.eclipse.osgi.internal.loader.classpath.ClasspathManager::defineClass@258 (line 764)
  0x000001c83923431c: e04a 78ff 

  0x000001c839234320: ;   {other}
  0x000001c839234320: 0f1f 8400 | 1061 0050 | 4c8b 6c24 | 5048 8b4c | 2478 896c | 2420 4c8b | 5c24 2848 | 8b74 2430 
  0x000001c839234340: 4c8b 4424 | 384c 8bd0 | e9db b4ff | ff4c 8974 | 2430 4489 | 5c24 2844 | 8b5c 2420 | 4489 5c24 
  0x000001c839234360: 2489 5424 | 2041 8be8 

  0x000001c839234368: ;   {metadata('java/lang/String')}
  0x000001c839234368: 48ba 78e8 | 0045 c801 | 0000 6690 

  0x000001c839234374: ;   {runtime_call _new_instance_Java}
  0x000001c839234374: c5f8 77e8 

  0x000001c839234378: ; ImmutableOopMap {rbp=NarrowOop [48]=Oop [80]=Oop [96]=Oop [104]=Oop [112]=Oop [120]=Oop [128]=Oop }
                      ;*new {reexecute=0 rethrow=0 return_oop=1}
                      ; - java.lang.StringLatin1::newString@7
                      ; - java.lang.String::substring@41
                      ; - org.eclipse.osgi.internal.loader.classpath.ClasspathManager::definePackage@15 (line 824)
                      ; - org.eclipse.osgi.internal.loader.classpath.ClasspathManager::defineClass@9 (line 733)
  0x000001c839234378: 844a 78ff 

  0x000001c83923437c: ;   {other}
  0x000001c83923437c: 0f1f 8400 | 6c61 0051 | 448b c58b | 5424 2044 | 8b54 2424 | 4489 5424 | 2044 8b5c | 2428 4c8b 
  0x000001c83923439c: 7424 3048 | 8bd8 e9f7 

  0x000001c8392343a4: ;   {metadata('java/lang/String')}
  0x000001c8392343a4: aaff ff48 | ba78 e800 | 45c8 0100 | 0066 6690 

  0x000001c8392343b4: ;   {runtime_call _new_instance_Java}
  0x000001c8392343b4: c5f8 77e8 

  0x000001c8392343b8: ; ImmutableOopMap {[48]=Oop [56]=Oop [64]=Derived_oop_[56] [72]=Oop [80]=Oop [88]=Oop [96]=Oop [104]=Oop [112]=Oop [120]=Oop [128]=Oop [136]=NarrowOop [144]=Oop [152]=NarrowOop [156]=NarrowOop [248]=Oop }
                      ;*new {reexecute=0 rethrow=0 return_oop=1}
                      ; - java.lang.StringLatin1::newString@7
                      ; - java.lang.String::substring@41
                      ; - java.lang.ClassLoader::checkCerts@21
                      ; - java.lang.ClassLoader::preDefineClass@113
                      ; - java.lang.ClassLoader::defineClass@4
                      ; - org.eclipse.osgi.internal.loader.ModuleClassLoader::defineClass@37 (line 315)
                      ; - org.eclipse.osgi.internal.loader.classpath.ClasspathManager::defineClass@424 (line 779)
  0x000001c8392343b8: 444a 78ff 

  0x000001c8392343bc: ;   {other}
  0x000001c8392343bc: 0f1f 8400 | ac61 0052 | 4c8b c0e9 | 74c0 ffff | 4889 4c24 | 3844 8954 | 242c 48ff | b424 f800 
  0x000001c8392343dc: 0000 488f | 8424 9800 

  0x000001c8392343e4: ;   {metadata('java/lang/StringBuilder')}
  0x000001c8392343e4: 0000 48ba | 4080 0045 | c801 0000 | 4c8b 5424 | 5049 8bea | 4c8b 9424 | 8000 0000 | 4c89 5424 
  0x000001c839234404: 4066 6690 

  0x000001c839234408: ;   {runtime_call _new_instance_Java}
  0x000001c839234408: c5f8 77e8 

  0x000001c83923440c: ; ImmutableOopMap {rbp=Oop [44]=NarrowOop [48]=Oop [56]=Oop [64]=Oop [72]=Oop [80]=Oop [88]=Oop [96]=Oop [104]=Oop [112]=Oop [120]=Oop [128]=Oop [136]=NarrowOop [144]=Oop [152]=Oop [248]=Oop }
                      ;*new {reexecute=0 rethrow=0 return_oop=1}
                      ; - java.net.URLStreamHandler::toExternalForm@0
                      ; - java.net.URL::toExternalForm@5
                      ; - java.net.URL::toString@1
                      ; - java.lang.ClassLoader::defineClassSourceLocation@22
                      ; - java.lang.ClassLoader::defineClass@12
                      ; - org.eclipse.osgi.internal.loader.ModuleClassLoader::defineClass@37 (line 315)
                      ; - org.eclipse.osgi.internal.loader.classpath.ClasspathManager::defineClass@424 (line 779)
  0x000001c83923440c: f049 78ff 

  0x000001c839234410: ;   {other}
  0x000001c839234410: 0f1f 8400 | 0062 0053 | e9b1 c3ff 

  0x000001c83923441c: ;   {metadata('java/lang/String')}
  0x000001c83923441c: ff48 ba78 | e800 45c8 | 0100 0048 | 8b6c 2450 

  0x000001c83923442c: ;   {runtime_call _new_instance_Java}
  0x000001c83923442c: c5f8 77e8 

  0x000001c839234430: ; ImmutableOopMap {rbp=Oop [48]=Oop [56]=Oop [72]=Oop [80]=Oop [88]=Oop [96]=Oop [104]=Oop [112]=Oop [120]=Oop [128]=Oop [136]=NarrowOop [144]=Oop [152]=Oop [160]=Oop }
                      ;*new {reexecute=0 rethrow=0 return_oop=1}
                      ; - java.lang.StringBuilder::toString@0
                      ; - java.net.URLStreamHandler::toExternalForm@152
                      ; - java.net.URL::toExternalForm@5
                      ; - java.net.URL::toString@1
                      ; - java.lang.ClassLoader::defineClassSourceLocation@22
                      ; - java.lang.ClassLoader::defineClass@12
                      ; - org.eclipse.osgi.internal.loader.ModuleClassLoader::defineClass@37 (line 315)
                      ; - org.eclipse.osgi.internal.loader.classpath.ClasspathManager::defineClass@424 (line 779)
  0x000001c839234430: cc49 78ff 

  0x000001c839234434: ;   {other}
  0x000001c839234434: 0f1f 8400 | 2462 0054 | e962 c5ff | ff41 8be8 | 4489 9c24 | 8c00 0000 | 4d8b 97c8 | 0100 0049 
  0x000001c839234454: 8b87 b801 | 0000 4c8b | d849 83c3 | 1844 8b8c | 248c 0000 | 004d 8bc1 | 4c89 4424 | 384d 3bda 
  0x000001c839234474: 0f83 0234 | 0000 4d89 | 9fb8 0100 | 0041 0f0d | 8bc0 0000 | 0048 c700 | 0100 0000 

  0x000001c839234490: ;   {metadata('java/util/ArrayList')}
  0x000001c839234490: c740 08d0 | 890b 0044 | 8960 0c44 | 8960 1044 | 8bc5 418b 

  0x000001c8392344a4: ;   {oop(a 'java/lang/Object'[0] {0x0000000080000958})}
  0x000001c8392344a4: 480c c740 | 1458 0900 | 804c 8bc8 | 85c9 7604 | 33c9 eb1b | 448b 9c24 | 8c00 0000 | eb72 6666 
  0x000001c8392344c4: 0f1f 8400 | 0000 0000 | 6666 6690 | 4c8b cd45 | 8b58 0c41 | 3bcb 0f83 | e836 0000 | 458b 5c88 
  0x000001c8392344e4: 1045 8b53 | 1045 8b5a | 1089 4c24 | 2c49 8be9 | 4d8b c349 | 8bd1 6690 

  0x000001c8392344fc: ;   {optimized virtual_call}
  0x000001c8392344fc: c5f8 77e8 

  0x000001c839234500: ; ImmutableOopMap {rbp=Oop [48]=Oop [56]=Oop [72]=Oop [80]=Oop [88]=Oop [96]=Oop [104]=Oop [112]=Oop [120]=Oop [128]=Oop [136]=NarrowOop [140]=NarrowOop [144]=Oop [160]=Oop }
                      ;*invokevirtual addAll {reexecute=0 rethrow=0 return_oop=0}
                      ; - java.security.CodeSource::getCertificates@57
                      ; - java.lang.ClassLoader::postDefineClass@24
                      ; - java.lang.ClassLoader::defineClass@37
                      ; - org.eclipse.osgi.internal.loader.ModuleClassLoader::defineClass@37 (line 315)
                      ; - org.eclipse.osgi.internal.loader.classpath.ClasspathManager::defineClass@424 (line 779)
  0x000001c839234500: 7ca6 6cff 

  0x000001c839234504: ;   {other}
  0x000001c839234504: 0f1f 8400 | f462 0055 | 4d8b 9758 | 0400 0044 | 8b9c 248c | 0000 0045 | 8b43 108b | 4c24 2cff 
  0x000001c839234524: ; ImmutableOopMap {r11=NarrowOop r8=NarrowOop rbp=Oop [48]=Oop [56]=Oop [72]=Oop [80]=Oop [88]=Oop [96]=Oop [104]=Oop [112]=Oop [120]=Oop [128]=Oop [136]=NarrowOop [140]=NarrowOop [144]=Oop [160]=Oop }
                      ;*goto {reexecute=1 rethrow=0 return_oop=0}
                      ; - (reexecute) java.security.CodeSource::getCertificates@64
                      ; - java.lang.ClassLoader::postDefineClass@24
                      ; - java.lang.ClassLoader::defineClass@37
                      ; - org.eclipse.osgi.internal.loader.ModuleClassLoader::defineClass@37 (line 315)
                      ; - org.eclipse.osgi.internal.loader.classpath.ClasspathManager::defineClass@424 (line 779)
                      ;   {poll}
  0x000001c839234524: c141 8502 

  0x000001c839234528: ; implicit exception: dispatches to 0x000001c8392393f0
  0x000001c839234528: 458b 480c | 413b c97c | 9f4c 8bcd | 4d8b 97c8 | 0100 0049 | 8b87 b801 | 0000 4c8b | c049 83c0 
  0x000001c839234548: 104d 3bc2 | 0f83 4b33 | 0000 4d89 | 87b8 0100 | 0041 0f0d | 88c0 0000 | 0048 c700 | 0100 0000 
  0x000001c839234568: 410f 0d88 | 0001 0000 

  0x000001c839234570: ;   {metadata('java/security/cert/Certificate'[])}
  0x000001c839234570: c740 0820 | 2910 0041 | 0f0d 8840 | 0100 0044 | 8960 0c41 | 0f0d 8880 | 0100 0044 | 899c 248c 
  0x000001c839234590: 0000 0049 | 8be9 4c8b | c048 8bd5 | 488b 6c24 | 5066 6690 

  0x000001c8392345a4: ;   {optimized virtual_call}
  0x000001c8392345a4: c5f8 77e8 

  0x000001c8392345a8: ; ImmutableOopMap {rbp=Oop [48]=Oop [56]=Oop [72]=Oop [80]=Oop [88]=Oop [96]=Oop [104]=Oop [112]=Oop [120]=Oop [128]=Oop [136]=NarrowOop [140]=NarrowOop [144]=Oop [160]=Oop }
                      ;*invokevirtual toArray {reexecute=0 rethrow=0 return_oop=1}
                      ; - java.security.CodeSource::getCertificates@73
                      ; - java.lang.ClassLoader::postDefineClass@24
                      ; - java.lang.ClassLoader::defineClass@37
                      ; - org.eclipse.osgi.internal.loader.ModuleClassLoader::defineClass@37 (line 315)
                      ; - org.eclipse.osgi.internal.loader.classpath.ClasspathManager::defineClass@424 (line 779)
  0x000001c8392345a8: d4a5 6cff 

  0x000001c8392345ac: ;   {other}
  0x000001c8392345ac: 0f1f 8400 | 9c63 0057 | 4c8b c044 

  0x000001c8392345b8: ;   {metadata('java/security/cert/Certificate'[])}
  0x000001c8392345b8: 8b58 0841 | 81fb 2029 | 1000 0f85 | 543c 0000 | 458b 480c | 4c8b 5424 | 384d 8bda | 4963 d949 
  0x000001c8392345d8: c1eb 0949 | ba00 0072 | 2dc8 0100 | 0047 8824 | 1a48 c1e3 | 024d 8bd8 | 8b8c 248c | 0000 0044 
  0x000001c8392345f8: 8959 1441 | 81f9 0000 | 0400 0f87 | c532 0000 | 458b d94c | 8984 2498 | 0000 004d | 8b97 b801 
  0x000001c839234618: 0000 4d8b | 87c8 0100 | 004c 8bcb | 488b eb49 | 83c1 1749 | 83e1 f849 | 8bca 4903 | c949 3bc8 
  0x000001c839234638: 0f83 9d32 | 0000 4989 | 8fb8 0100 | 000f 0d89 | c000 0000 | 49c7 0201 | 0000 000f | 0d89 0001 
  0x000001c839234658: ;   {metadata('java/security/cert/Certificate'[])}
  0x000001c839234658: 0000 41c7 | 4208 2029 | 1000 4589 | 5a0c 0f0d | 8940 0100 | 000f 0d89 | 8001 0000 | 488b 8c24 
  0x000001c839234678: 9800 0000 | 4883 c110 | 498b d248 | 83c2 1049 | 8bda 4c8d | 5507 49c1 | ea03 4d8b | c2c5 f877 
  0x000001c839234698: 49ba 809c | 8e38 c801 | 0000 41ff 

  0x000001c8392346a4: ;   {other}
  0x000001c8392346a4: d20f 1f84 | 0000 0000 | 00e9 4ee0 | ffff 4489 | 5424 2c49 

  0x000001c8392346b8: ;   {metadata('org/eclipse/osgi/internal/loader/ModuleClassLoader$DefineClassResult')}
  0x000001c8392346b8: 8be9 48ba | 2866 1246 | c801 0000 

  0x000001c8392346c4: ;   {runtime_call _new_instance_Java}
  0x000001c8392346c4: c5f8 77e8 

  0x000001c8392346c8: ; ImmutableOopMap {rbp=Oop [72]=Oop [80]=Oop [88]=Oop [96]=Oop [104]=Oop [112]=Oop [120]=Oop [128]=Oop }
                      ;*new {reexecute=0 rethrow=0 return_oop=1}
                      ; - org.eclipse.osgi.internal.loader.ModuleClassLoader::defineClass@55 (line 319)
                      ; - org.eclipse.osgi.internal.loader.classpath.ClasspathManager::defineClass@424 (line 779)
  0x000001c8392346c8: 3447 78ff 

  0x000001c8392346cc: ;   {other}
  0x000001c8392346cc: 0f1f 8400 | bc64 0058 | 4c8b cd44 | 8b54 242c | 4c8b e8e9 | 99cb ffff | 4c89 7424 | 3049 8bed 
  0x000001c8392346ec: ;   {metadata('java/util/Collections$UnmodifiableCollection$1')}
  0x000001c8392346ec: 48ba 3076 | 1d45 c801 | 0000 6690 

  0x000001c8392346f8: ;   {runtime_call _new_instance_Java}
  0x000001c8392346f8: c5f8 77e8 

  0x000001c8392346fc: ; ImmutableOopMap {rbp=Oop [48]=Oop [72]=Oop [80]=Oop [96]=Oop [104]=Oop [112]=Oop [128]=Oop }
                      ;*new {reexecute=0 rethrow=0 return_oop=1}
                      ; - java.util.Collections$UnmodifiableCollection::iterator@0
                      ; - org.eclipse.osgi.internal.loader.classpath.ClasspathManager::defineClass@576 (line 788)
  0x000001c8392346fc: 0047 78ff 

  0x000001c839234700: ;   {other}
  0x000001c839234700: 0f1f 8400 | f064 0059 | 4c8b ed4c | 8b74 2430 | e9ce cfff | ff48 897c | 2448 4c89 | 4c24 404c 
  0x000001c839234720: 8954 2438 | 4889 5c24 | 304c 8974 | 2428 4489 

  0x000001c839234730: ;   {metadata({type array byte})}
  0x000001c839234730: 5c24 2448 | ba18 2300 | 45c8 0100 | 0045 8bc3 

  0x000001c839234740: ;   {runtime_call _new_array_nozero_Java}
  0x000001c839234740: c5f8 77e8 

  0x000001c839234744: ; ImmutableOopMap {[40]=Oop [48]=Oop [80]=Oop [96]=Oop [104]=Oop [112]=Oop [120]=Oop [128]=Oop [160]=Oop [56]=Derived_oop_[160] }
                      ;*newarray {reexecute=0 rethrow=0 return_oop=1}
                      ; - java.util.Arrays::copyOfRangeByte@10
                      ; - java.util.Arrays::copyOfRange@13
                      ; - java.lang.StringLatin1::newString@16
                      ; - java.lang.String::substring@41
                      ; - org.eclipse.osgi.internal.loader.classpath.ClasspathManager::definePackage@15 (line 824)
                      ; - org.eclipse.osgi.internal.loader.classpath.ClasspathManager::defineClass@9 (line 733)
  0x000001c839234744: b882 78ff 

  0x000001c839234748: ;   {other}
  0x000001c839234748: 0f1f 8400 | 3865 005a | 448b 5c24 | 244c 8b74 | 2428 488b | 5c24 304c | 8b54 2438 | 4c8b 4c24 
  0x000001c839234768: 4048 8b7c | 2448 488b | f0e9 75a8 

  0x000001c839234774: ;   {metadata({type array byte})}
  0x000001c839234774: ffff 48ba | 1823 0045 | c801 0000 | 448b 8424 | a000 0000 

  0x000001c839234788: ;   {runtime_call _new_array_nozero_Java}
  0x000001c839234788: c5f8 77e8 

  0x000001c83923478c: ; ImmutableOopMap {[48]=Oop [56]=Oop [64]=Derived_oop_[56] [72]=Oop [80]=Oop [88]=Oop [96]=Oop [104]=Oop [112]=Oop [120]=Oop [128]=Oop [136]=NarrowOop [144]=Oop [156]=NarrowOop [168]=Oop [248]=Oop }
                      ;*newarray {reexecute=0 rethrow=0 return_oop=1}
                      ; - java.util.Arrays::copyOfRangeByte@10
                      ; - java.util.Arrays::copyOfRange@13
                      ; - java.lang.StringLatin1::newString@16
                      ; - java.lang.String::substring@41
                      ; - java.lang.ClassLoader::checkCerts@21
                      ; - java.lang.ClassLoader::preDefineClass@113
                      ; - java.lang.ClassLoader::defineClass@4
                      ; - org.eclipse.osgi.internal.loader.ModuleClassLoader::defineClass@37 (line 315)
                      ; - org.eclipse.osgi.internal.loader.classpath.ClasspathManager::defineClass@424 (line 779)
  0x000001c83923478c: 7082 78ff 

  0x000001c839234790: ;   {other}
  0x000001c839234790: 0f1f 8400 | 8065 005b | 488b d8e9 | 58be ffff | 4c89 5424 | 404c 895c | 2438 4c89 | 7424 3049 
  0x000001c8392347b0: ;   {metadata('java/util/HashMap$KeyIterator')}
  0x000001c8392347b0: 8bed 48ba | 8855 1a45 | c801 0000 

  0x000001c8392347bc: ;   {runtime_call _new_instance_Java}
  0x000001c8392347bc: c5f8 77e8 

  0x000001c8392347c0: ; ImmutableOopMap {rbp=Oop [48]=Oop [56]=Oop [64]=Oop [80]=Oop [96]=Oop [104]=Oop [112]=Oop [128]=Oop }
                      ;*new {reexecute=0 rethrow=0 return_oop=1}
                      ; - java.util.HashMap$KeySet::iterator@0
                      ; - java.util.HashSet::iterator@7
                      ; - java.util.Collections$UnmodifiableCollection$1::<init>@17
                      ; - java.util.Collections$UnmodifiableCollection::iterator@5
                      ; - org.eclipse.osgi.internal.loader.classpath.ClasspathManager::defineClass@576 (line 788)
  0x000001c8392347c0: 3c46 78ff 

  0x000001c8392347c4: ;   {other}
  0x000001c8392347c4: 0f1f 8400 | b465 005c | 4c8b ed4c | 8b74 2430 | 4c8b 5c24 | 384c 8b54 | 2440 488b | d8e9 accf 
  0x000001c8392347e4: ffff 4489 | 5c24 3c89 | 7c24 3889 | 4c24 2c49 

  0x000001c8392347f4: ;   {metadata('java/lang/String')}
  0x000001c8392347f4: 8bea 48ba | 78e8 0045 | c801 0000 

  0x000001c839234800: ;   {runtime_call _new_instance_Java}
  0x000001c839234800: c5f8 77e8 

  0x000001c839234804: ; ImmutableOopMap {rbp=Oop [44]=NarrowOop [48]=Oop [72]=Oop [80]=Oop [88]=Oop [96]=Oop [104]=Oop [112]=Oop [120]=Oop [128]=Oop [136]=NarrowOop [144]=Oop [152]=Oop }
                      ;*new {reexecute=0 rethrow=0 return_oop=1}
                      ; - java.lang.StringLatin1::newString@7
                      ; - java.lang.String::substring@41
                      ; - java.lang.Class::getPackageName@62
                      ; - java.lang.ClassLoader::postDefineClass@2
                      ; - java.lang.ClassLoader::defineClass@37
                      ; - org.eclipse.osgi.internal.loader.ModuleClassLoader::defineClass@37 (line 315)
                      ; - org.eclipse.osgi.internal.loader.classpath.ClasspathManager::defineClass@424 (line 779)
  0x000001c839234804: f845 78ff 

  0x000001c839234808: ;   {other}
  0x000001c839234808: 0f1f 8400 | f865 005d | 4c8b d58b | 4c24 2c8b | 7c24 3844 | 8b5c 243c | 4c8b c8e9 | bbc3 ffff 
  0x000001c839234828: 4c89 9424 | a000 0000 | 4489 5c24 | 2c4c 898c | 24a8 0000 | 0048 895c | 2438 4c89 | 4424 4048 
  0x000001c839234848: 898c 24b0 

  0x000001c83923484c: ;   {metadata({type array byte})}
  0x000001c83923484c: 0000 0048 | ba18 2300 | 45c8 0100 | 0044 8b44 | 242c 6690 

  0x000001c839234860: ;   {runtime_call _new_array_nozero_Java}
  0x000001c839234860: c5f8 77e8 

  0x000001c839234864: ; ImmutableOopMap {[48]=Oop [72]=Oop [80]=Oop [88]=Oop [96]=Oop [104]=Oop [112]=Oop [120]=Oop [128]=Oop [136]=NarrowOop [144]=Oop [152]=Oop [160]=Oop [168]=Oop [224]=Oop [56]=Derived_oop_[224] }
                      ;*newarray {reexecute=0 rethrow=0 return_oop=1}
                      ; - java.util.Arrays::copyOfRangeByte@10
                      ; - java.util.Arrays::copyOfRange@13
                      ; - java.lang.StringLatin1::newString@16
                      ; - java.lang.String::substring@41
                      ; - java.lang.Class::getPackageName@62
                      ; - java.lang.ClassLoader::postDefineClass@2
                      ; - java.lang.ClassLoader::defineClass@37
                      ; - org.eclipse.osgi.internal.loader.ModuleClassLoader::defineClass@37 (line 315)
                      ; - org.eclipse.osgi.internal.loader.classpath.ClasspathManager::defineClass@424 (line 779)
  0x000001c839234864: 9881 78ff 

  0x000001c839234868: ;   {other}
  0x000001c839234868: 0f1f 8400 | 5866 005e | 448b 5c24 | 2c48 8bd8 | e90d c5ff | ff89 8c24 | 8800 0000 | 4889 9c24 
  0x000001c839234888: a800 0000 | 4c89 9424 | a000 0000 | 4489 4c24 

  0x000001c839234898: ;   {metadata('java/lang/NamedPackage')}
  0x000001c839234898: 2c48 bae8 | c001 45c8 | 0100 004c | 8b54 2450 | 498b ea90 

  0x000001c8392348ac: ;   {runtime_call _new_instance_Java}
  0x000001c8392348ac: c5f8 77e8 

  0x000001c8392348b0: ; ImmutableOopMap {rbp=Oop [44]=NarrowOop [48]=Oop [72]=Oop [80]=Oop [88]=Oop [96]=Oop [104]=Oop [112]=Oop [120]=Oop [128]=Oop [136]=NarrowOop [144]=Oop [152]=Oop [160]=Oop [168]=Oop }
                      ;*new {reexecute=0 rethrow=0 return_oop=1}
                      ; - java.lang.ClassLoader::getNamedPackage@16
                      ; - java.lang.ClassLoader::postDefineClass@9
                      ; - java.lang.ClassLoader::defineClass@37
                      ; - org.eclipse.osgi.internal.loader.ModuleClassLoader::defineClass@37 (line 315)
                      ; - org.eclipse.osgi.internal.loader.classpath.ClasspathManager::defineClass@424 (line 779)
  0x000001c8392348b0: 4c45 78ff 

  0x000001c8392348b4: ;   {other}
  0x000001c8392348b4: 0f1f 8400 | a466 005f | e90e d6ff | ff4c 895c | 2438 4c89 | 5424 3048 | 899c 2488 | 0000 004c 
  0x000001c8392348d4: 8974 2428 | 8b6c 2420 | 448b da44 | 8944 2458 | 4c8b 9424 | 8000 0000 | 4c89 5424 

  0x000001c8392348f0: ;   {metadata({type array byte})}
  0x000001c8392348f0: 2048 ba18 | 2300 45c8 | 0100 0045 | 8bc3 6690 

  0x000001c839234900: ;   {runtime_call _new_array_nozero_Java}
  0x000001c839234900: c5f8 77e8 

  0x000001c839234904: ; ImmutableOopMap {[32]=Oop [40]=Oop [80]=Oop [88]=NarrowOop [96]=Oop [104]=Oop [112]=Oop [120]=Oop [136]=Oop [160]=Oop [48]=Derived_oop_[160] }
                      ;*invokevirtual clone {reexecute=1 rethrow=0 return_oop=1}
                      ; - (reexecute) java.util.Arrays::copyOfRange@18
                      ; - java.lang.StringLatin1::newString@16
                      ; - java.lang.String::substring@41
                      ; - org.eclipse.osgi.internal.loader.classpath.ClasspathManager::definePackage@15 (line 824)
                      ; - org.eclipse.osgi.internal.loader.classpath.ClasspathManager::defineClass@9 (line 733)
  0x000001c839234904: f880 78ff 

  0x000001c839234908: ;   {other}
  0x000001c839234908: 0f1f 8400 | f866 0060 | 4c8b 5424 | 204c 8994 | 2480 0000 | 0089 6c24 | 204c 8b74 | 2428 488b 
  0x000001c839234928: 9c24 8800 | 0000 4c8b | 5424 304c | 8b5c 2438 | 488b f8e9 | dea5 ffff 

  0x000001c839234940: ;   {metadata({type array byte})}
  0x000001c839234940: 48ba 1823 | 0045 c801 | 0000 448b | c548 8b6c | 2450 6690 

  0x000001c839234954: ;   {runtime_call _new_array_nozero_Java}
  0x000001c839234954: c5f8 77e8 

  0x000001c839234958: ; ImmutableOopMap {rbp=Oop [48]=Oop [56]=Oop [64]=Derived_oop_[56] [72]=Oop [80]=Oop [88]=Oop [96]=Oop [104]=Oop [112]=Oop [120]=Oop [128]=Oop [136]=NarrowOop [144]=Oop [152]=NarrowOop [156]=NarrowOop [168]=Oop [248]=Oop }
                      ;*invokevirtual clone {reexecute=1 rethrow=0 return_oop=1}
                      ; - (reexecute) java.util.Arrays::copyOfRange@18
                      ; - java.lang.StringLatin1::newString@16
                      ; - java.lang.String::substring@41
                      ; - java.lang.ClassLoader::checkCerts@21
                      ; - java.lang.ClassLoader::preDefineClass@113
                      ; - java.lang.ClassLoader::defineClass@4
                      ; - org.eclipse.osgi.internal.loader.ModuleClassLoader::defineClass@37 (line 315)
                      ; - org.eclipse.osgi.internal.loader.classpath.ClasspathManager::defineClass@424 (line 779)
  0x000001c839234958: a480 78ff 

  0x000001c83923495c: ;   {other}
  0x000001c83923495c: 0f1f 8400 | 4c67 0061 | 488b d8e9 | 6cbb ffff | 4c89 4424 

  0x000001c839234970: ;   {metadata('java/lang/StringBuilder')}
  0x000001c839234970: 2048 ba40 | 8000 45c8 | 0100 0048 | 8b6c 2450 

  0x000001c839234980: ;   {runtime_call _new_instance_Java}
  0x000001c839234980: c5f8 77e8 

  0x000001c839234984: ; ImmutableOopMap {rbp=Oop [32]=Oop [48]=Oop [56]=Oop [64]=Oop [72]=Oop [80]=Oop [88]=Oop [96]=Oop [104]=Oop [112]=Oop [120]=Oop [128]=Oop [136]=NarrowOop [144]=Oop [152]=Oop [160]=Oop [168]=Oop }
                      ;*new {reexecute=0 rethrow=0 return_oop=1}
                      ; - java.lang.NamedPackage::<init>@22
                      ; - java.lang.ClassLoader::getNamedPackage@22
                      ; - java.lang.ClassLoader::postDefineClass@9
                      ; - java.lang.ClassLoader::defineClass@37
                      ; - org.eclipse.osgi.internal.loader.ModuleClassLoader::defineClass@37 (line 315)
                      ; - org.eclipse.osgi.internal.loader.classpath.ClasspathManager::defineClass@424 (line 779)
  0x000001c839234984: 7844 78ff 

  0x000001c839234988: ;   {other}
  0x000001c839234988: 0f1f 8400 | 7867 0062 | e955 d6ff 

  0x000001c839234994: ;   {metadata('java/lang/InternalError')}
  0x000001c839234994: ff48 ba38 | 0701 45c8 | 0100 0048 | 8b6c 2450 

  0x000001c8392349a4: ;   {runtime_call _new_instance_Java}
  0x000001c8392349a4: c5f8 77e8 

  0x000001c8392349a8: ; ImmutableOopMap {rbp=Oop [48]=Oop [56]=Oop [64]=Oop [72]=Oop [80]=Oop [88]=Oop [96]=Oop [104]=Oop [112]=Oop [120]=Oop [128]=Oop [136]=NarrowOop [144]=Oop [152]=Oop [160]=Oop [168]=Oop }
                      ;*new {reexecute=0 rethrow=0 return_oop=1}
                      ; - java.lang.NamedPackage::<init>@18
                      ; - java.lang.ClassLoader::getNamedPackage@22
                      ; - java.lang.ClassLoader::postDefineClass@9
                      ; - java.lang.ClassLoader::defineClass@37
                      ; - org.eclipse.osgi.internal.loader.ModuleClassLoader::defineClass@37 (line 315)
                      ; - org.eclipse.osgi.internal.loader.classpath.ClasspathManager::defineClass@424 (line 779)
  0x000001c8392349a8: 5444 78ff 

  0x000001c8392349ac: ;   {other}
  0x000001c8392349ac: 0f1f 8400 | 9c67 0063 | e9da d5ff | ff48 ba00 | 0000 45c8 | 0100 0049 | 03d2 458b | c366 6690 
  0x000001c8392349cc: ;   {runtime_call _new_array_Java}
  0x000001c8392349cc: c5f8 77e8 

  0x000001c8392349d0: ; ImmutableOopMap {rbp=Oop [48]=Oop [72]=Oop [80]=Oop [88]=Oop [96]=Oop [104]=Oop [112]=Oop [120]=Oop [128]=Oop [136]=NarrowOop [144]=Oop [152]=NarrowOop [160]=Oop [248]=Oop }
                      ;*invokevirtual clone {reexecute=1 rethrow=0 return_oop=1}
                      ; - (reexecute) java.security.CodeSource::getCertificates@11
                      ; - java.lang.ClassLoader::checkCerts@34
                      ; - java.lang.ClassLoader::preDefineClass@113
                      ; - java.lang.ClassLoader::defineClass@4
                      ; - org.eclipse.osgi.internal.loader.ModuleClassLoader::defineClass@37 (line 315)
                      ; - org.eclipse.osgi.internal.loader.classpath.ClasspathManager::defineClass@424 (line 779)
  0x000001c8392349d0: ac3d 78ff 

  0x000001c8392349d4: ;   {other}
  0x000001c8392349d4: 0f1f 8400 | c467 0064 | 488b d8e9 | 47db ffff | 4c89 6c24 | 5048 894c | 2478 4c89 | 5c24 5848 
  0x000001c8392349f4: 8974 2448 | 895c 2424 | 897c 2428 | 4489 9424 | 8800 0000 | 8954 242c 

  0x000001c839234a0c: ;   {metadata('java/lang/Object'[])}
  0x000001c839234a0c: 48ba 7012 | 0045 c801 | 0000 6690 

  0x000001c839234a18: ;   {runtime_call _new_array_Java}
  0x000001c839234a18: c5f8 77e8 

  0x000001c839234a1c: ; ImmutableOopMap {rbp=Oop [72]=Oop [80]=Oop [88]=Oop [96]=Oop [104]=Oop [112]=Oop [120]=Oop [128]=Oop }
                      ;*anewarray {reexecute=0 rethrow=0 return_oop=1}
                      ; - java.util.ArrayList::grow@52
                      ; - java.util.ArrayList::grow@7
                      ; - java.util.ArrayList::add@7
                      ; - java.util.ArrayList::add@20
                      ; - org.eclipse.osgi.internal.loader.classpath.ClasspathManager::defineClass@411 (line 777)
  0x000001c839234a1c: 603d 78ff 

  0x000001c839234a20: ;   {other}
  0x000001c839234a20: 0f1f 8400 | 1068 0065 | 4c8b d0e9 | 18da ffff | 4c89 9424 | a000 0000 | 898c 248c | 0000 0044 
  0x000001c839234a40: 8bdf 4c89 | 8c24 a800 | 0000 488b | eb4c 8944 

  0x000001c839234a50: ;   {metadata({type array byte})}
  0x000001c839234a50: 2438 48ba | 1823 0045 | c801 0000 | 458b c390 

  0x000001c839234a60: ;   {runtime_call _new_array_nozero_Java}
  0x000001c839234a60: c5f8 77e8 

  0x000001c839234a64: ; ImmutableOopMap {[48]=Oop [72]=Oop [80]=Oop [88]=Oop [96]=Oop [104]=Oop [112]=Oop [120]=Oop [128]=Oop [136]=NarrowOop [140]=NarrowOop [144]=Oop [152]=Oop [160]=Oop [168]=Oop [224]=Oop rbp=Derived_oop_[224] }
                      ;*invokevirtual clone {reexecute=1 rethrow=0 return_oop=1}
                      ; - (reexecute) java.util.Arrays::copyOfRange@18
                      ; - java.lang.StringLatin1::newString@16
                      ; - java.lang.String::substring@41
                      ; - java.lang.Class::getPackageName@62
                      ; - java.lang.ClassLoader::postDefineClass@2
                      ; - java.lang.ClassLoader::defineClass@37
                      ; - org.eclipse.osgi.internal.loader.ModuleClassLoader::defineClass@37 (line 315)
                      ; - org.eclipse.osgi.internal.loader.classpath.ClasspathManager::defineClass@424 (line 779)
  0x000001c839234a64: 987f 78ff 

  0x000001c839234a68: ;   {other}
  0x000001c839234a68: 0f1f 8400 | 5868 0066 | 4c8b d0e9 | 14c2 ffff | 4489 8c24 | 8c00 0000 | 4c89 5c24 | 3848 ba00 
  0x000001c839234a88: 0000 45c8 | 0100 0049 | 03d2 6690 

  0x000001c839234a94: ;   {runtime_call _new_array_Java}
  0x000001c839234a94: c5f8 77e8 

  0x000001c839234a98: ; ImmutableOopMap {rbp=Oop [48]=Oop [72]=Oop [80]=Oop [88]=Oop [96]=Oop [104]=Oop [112]=Oop [120]=Oop [128]=Oop [136]=NarrowOop [140]=NarrowOop [144]=Oop [160]=Oop }
                      ;*invokevirtual clone {reexecute=1 rethrow=0 return_oop=1}
                      ; - (reexecute) java.security.CodeSource::getCertificates@11
                      ; - java.lang.ClassLoader::postDefineClass@24
                      ; - java.lang.ClassLoader::defineClass@37
                      ; - org.eclipse.osgi.internal.loader.ModuleClassLoader::defineClass@37 (line 315)
                      ; - org.eclipse.osgi.internal.loader.classpath.ClasspathManager::defineClass@424 (line 779)
  0x000001c839234a98: e43c 78ff 

  0x000001c839234a9c: ;   {other}
  0x000001c839234a9c: 0f1f 8400 | 8c68 0067 | 4c8b d8e9 | 13dc ffff | ba45 ffff | ffc5 fb11 | 4424 4090 

  0x000001c839234ab8: ;   {runtime_call UncommonTrapBlob}
  0x000001c839234ab8: c5f8 77e8 

  0x000001c839234abc: ; ImmutableOopMap {rbp=Oop [64]=Oop [96]=Oop [104]=Oop [112]=Oop [128]=Oop }
                      ;*ifeq {reexecute=1 rethrow=0 return_oop=0}
                      ; - (reexecute) org.eclipse.osgi.internal.loader.classpath.ClasspathManager::defineClass@324 (line 773)
  0x000001c839234abc: 4022 6dff 

  0x000001c839234ac0: ;   {other}
  0x000001c839234ac0: 0f1f 8400 | b068 0068 | bade ffff | ff48 8b6c | 2450 4c8b | 5424 604c | 8954 2428 | 4889 4424 
  0x000001c839234ae0: 5066 6690 

  0x000001c839234ae4: ;   {runtime_call UncommonTrapBlob}
  0x000001c839234ae4: c5f8 77e8 

  0x000001c839234ae8: ; ImmutableOopMap {rbp=Oop [40]=Oop [64]=Oop [72]=Oop [80]=Oop [104]=Oop [112]=Oop [128]=Oop [144]=Oop }
                      ;*checkcast {reexecute=0 rethrow=0 return_oop=0}
                      ; - org.eclipse.osgi.internal.loader.classpath.ClasspathManager::defineClass@275 (line 764)
  0x000001c839234ae8: 1422 6dff 

  0x000001c839234aec: ;   {other}
  0x000001c839234aec: 0f1f 8400 | dc68 0069 | ba76 ffff | ff49 8bed | 488b 4c24 | 6048 894c | 2428 488b | 4c24 6848 
  0x000001c839234b0c: 894c 2430 | 488b 4c24 | 7048 894c | 2438 4c89 | 4c24 5044 | 895c 2458 | 4489 5424 | 5c89 5c24 
  0x000001c839234b2c: 6044 8944 | 2464 6690 

  0x000001c839234b34: ;   {runtime_call UncommonTrapBlob}
  0x000001c839234b34: c5f8 77e8 

  0x000001c839234b38: ; ImmutableOopMap {rbp=Oop [40]=Oop [48]=Oop [56]=Oop [64]=Oop [72]=Oop [80]=Oop [88]=NarrowOop [92]=NarrowOop [128]=Oop [144]=Oop }
                      ;*if_icmpge {reexecute=1 rethrow=0 return_oop=0}
                      ; - (reexecute) java.util.HashMap$HashIterator::nextNode@74
                      ; - java.util.HashMap$KeyIterator::next@1
                      ; - java.util.Collections$UnmodifiableCollection$1::next@4
                      ; - org.eclipse.osgi.internal.loader.classpath.ClasspathManager::defineClass@270 (line 764)
  0x000001c839234b38: c421 6dff 

  0x000001c839234b3c: ;   {other}
  0x000001c839234b3c: 0f1f 8400 | 2c69 006a | 488b 6c24 | 504c 896c | 2440 4c89 | 7424 484c | 895c 2450 | 4889 5424 
  0x000001c839234b5c: 58ba deff | ffff 6690 

  0x000001c839234b64: ;   {runtime_call UncommonTrapBlob}
  0x000001c839234b64: c5f8 77e8 

  0x000001c839234b68: ; ImmutableOopMap {rbp=Oop [64]=Oop [72]=Oop [80]=Oop [88]=Oop [96]=Oop [104]=Oop [112]=Oop [128]=Oop }
                      ;*checkcast {reexecute=0 rethrow=0 return_oop=0}
                      ; - org.eclipse.osgi.internal.loader.classpath.ClasspathManager::defineClass@593 (line 788)
  0x000001c839234b68: 9421 6dff 

  0x000001c839234b6c: ;   {other}
  0x000001c839234b6c: 0f1f 8400 | 5c69 006b | ba45 ffff | ff48 8b6c | 2450 4c8b | 4424 604c | 8944 2428 | 4c8b 4424 
  0x000001c839234b8c: 684c 8944 | 2430 4c8b | 4424 704c | 8944 2438 | 4c8b 4424 | 484c 8944 | 2440 4c8b | 4424 584c 
  0x000001c839234bac: 8944 2448 | 4489 7424 | 5844 8954 | 245c 4489 | 5c24 6089 | 5c24 6490 

  0x000001c839234bc4: ;   {runtime_call UncommonTrapBlob}
  0x000001c839234bc4: c5f8 77e8 

  0x000001c839234bc8: ; ImmutableOopMap {rbp=Oop [40]=Oop [48]=Oop [56]=Oop [64]=Oop [72]=Oop [120]=Oop [128]=Oop [136]=NarrowOop }
                      ;*if_icmpne {reexecute=1 rethrow=0 return_oop=0}
                      ; - (reexecute) java.lang.String::equals@33
                      ; - java.util.ArrayList::remove@50
                      ; - org.eclipse.osgi.internal.loader.classpath.ClasspathManager::defineClass@455 (line 781)
  0x000001c839234bc8: 3421 6dff 

  0x000001c839234bcc: ;   {other}
  0x000001c839234bcc: 0f1f 8400 | bc69 006c | ba45 ffff | ff4c 8b54 | 2460 4c89 | 5424 284c | 8b54 2468 | 4c89 5424 
  0x000001c839234bec: 30c5 fb11 | 4424 404c | 8974 2448 | 4489 4c24 | 5c44 896c | 2460 4489 | 5c24 6444 | 8944 2468 
  0x000001c839234c0c: ;   {runtime_call UncommonTrapBlob}
  0x000001c839234c0c: c5f8 77e8 

  0x000001c839234c10: ; ImmutableOopMap {rbp=Oop [40]=Oop [48]=Oop [64]=Oop [72]=Oop [92]=NarrowOop [112]=Oop [128]=Oop }
                      ;*if_icmpne {reexecute=1 rethrow=0 return_oop=0}
                      ; - (reexecute) java.lang.String::equals@33
                      ; - java.util.ArrayList::indexOfRange@54
                      ; - java.util.ArrayList::indexOf@7
                      ; - java.util.ArrayList::contains@2
                      ; - org.eclipse.osgi.internal.loader.classpath.ClasspathManager::defineClass@319 (line 773)
  0x000001c839234c10: ec20 6dff 

  0x000001c839234c14: ;   {other}
  0x000001c839234c14: 0f1f 8400 | 046a 006d | bade ffff | ff48 8b6c | 2450 4889 | 4424 5090 

  0x000001c839234c2c: ;   {runtime_call UncommonTrapBlob}
  0x000001c839234c2c: c5f8 77e8 

  0x000001c839234c30: ; ImmutableOopMap {rbp=Oop [32]=Oop [64]=Oop [80]=Oop [96]=Oop [104]=Oop [112]=Oop [128]=Oop }
                      ;*checkcast {reexecute=0 rethrow=0 return_oop=0}
                      ; - org.eclipse.osgi.internal.loader.classpath.ClasspathManager::defineClass@514 (line 788)
  0x000001c839234c30: cc20 6dff 

  0x000001c839234c34: ;   {other}
  0x000001c839234c34: 0f1f 8400 | 246a 006e | 4c8b 5424 | 504c 8954 | 2420 4c8b | 5424 604c | 8954 2430 | 4c8b 5424 
  0x000001c839234c54: 684c 8954 | 2438 4c8b | 5424 704c | 8954 2440 | 4c89 6c24 | 484c 8974 | 2450 4c89 | 5c24 5848 
  0x000001c839234c74: 8954 2460 | 897c 2468 | 4489 4c24 | 6c89 4c24 | 70ba 76ff | ffff 6690 

  0x000001c839234c8c: ;   {runtime_call UncommonTrapBlob}
  0x000001c839234c8c: c5f8 77e8 

  0x000001c839234c90: ; ImmutableOopMap {[32]=Oop [48]=Oop [56]=Oop [64]=Oop [72]=Oop [80]=Oop [88]=Oop [96]=Oop [104]=NarrowOop [108]=NarrowOop [128]=Oop }
                      ;*if_icmpge {reexecute=1 rethrow=0 return_oop=0}
                      ; - (reexecute) java.util.HashMap$HashIterator::nextNode@74
                      ; - java.util.HashMap$KeyIterator::next@1
                      ; - java.util.Collections$UnmodifiableCollection$1::next@4
                      ; - org.eclipse.osgi.internal.loader.classpath.ClasspathManager::defineClass@588 (line 788)
  0x000001c839234c90: 6c20 6dff 

  0x000001c839234c94: ;   {other}
  0x000001c839234c94: 0f1f 8400 | 846a 006f | 418b ea4c | 8bc0 448b | ddba e4ff | ffff 498b | ed4c 8b54 | 2460 4c89 
  0x000001c839234cb4: 5424 284c | 8b54 2468 | 4c89 5424 | 304c 8b54 | 2470 4c89 | 5424 3848 | 895c 2448 | 4889 7424 
  0x000001c839234cd4: 504c 8944 | 2460 4c89 | 4424 70c5 | fa11 4424 | 6c44 895c | 2478 6690 

  0x000001c839234cec: ;   {runtime_call UncommonTrapBlob}
  0x000001c839234cec: c5f8 77e8 

  0x000001c839234cf0: ; ImmutableOopMap {rbp=Oop [40]=Oop [48]=Oop [56]=Oop [72]=Oop [80]=Oop [96]=Oop [108]=NarrowOop [112]=Oop [128]=Oop }
                      ;*aaload {reexecute=0 rethrow=0 return_oop=0}
                      ; - java.util.HashMap$HashIterator::<init>@70
                      ; - java.util.HashMap$KeyIterator::<init>@2
                      ; - java.util.HashMap$KeySet::iterator@8
                      ; - java.util.HashSet::iterator@7
                      ; - java.util.Collections$UnmodifiableCollection$1::<init>@17
                      ; - java.util.Collections$UnmodifiableCollection::iterator@5
                      ; - org.eclipse.osgi.internal.loader.classpath.ClasspathManager::defineClass@258 (line 764)
  0x000001c839234cf0: 0c20 6dff 

  0x000001c839234cf4: ;   {other}
  0x000001c839234cf4: 0f1f 8400 | e46a 0070 | ba45 ffff | ff48 8b6c | 2450 4c8b | 5424 604c | 8954 2428 | 8944 2450 
  0x000001c839234d14: ;   {runtime_call UncommonTrapBlob}
  0x000001c839234d14: c5f8 77e8 

  0x000001c839234d18: ; ImmutableOopMap {rbp=Oop [40]=Oop [64]=Oop [72]=Oop [104]=Oop [112]=Oop [128]=Oop [144]=Oop }
                      ;*ifeq {reexecute=1 rethrow=0 return_oop=0}
                      ; - (reexecute) org.eclipse.osgi.internal.loader.classpath.ClasspathManager::defineClass@285 (line 765)
  0x000001c839234d18: e41f 6dff 

  0x000001c839234d1c: ;   {other}
  0x000001c839234d1c: 0f1f 8400 | 0c6b 0071 | ba45 ffff | ff4c 896c | 2420 4c8b | 4424 604c | 8944 2430 | 4c89 5c24 
  0x000001c839234d3c: 5089 4424 | 5844 8954 | 245c 4889 | 7424 6090 

  0x000001c839234d4c: ;   {runtime_call UncommonTrapBlob}
  0x000001c839234d4c: c5f8 77e8 

  0x000001c839234d50: ; ImmutableOopMap {rbp=Oop [32]=Oop [48]=Oop [80]=Oop [96]=Oop [104]=Oop [112]=Oop [128]=Oop }
                      ;*if_icmpeq {reexecute=1 rethrow=0 return_oop=0}
                      ; - (reexecute) java.util.HashMap$HashIterator::nextNode@16
                      ; - java.util.HashMap$KeyIterator::next@1
                      ; - java.util.Collections$UnmodifiableCollection$1::next@4
                      ; - org.eclipse.osgi.internal.loader.classpath.ClasspathManager::defineClass@270 (line 764)
  0x000001c839234d50: ac1f 6dff 

  0x000001c839234d54: ;   {other}
  0x000001c839234d54: 0f1f 8400 | 446b 0072 | 418b fa8b | efba e4ff | ffff 4c8b | 5424 504c | 8954 2420 | 4c8b 9424 
  0x000001c839234d74: 8000 0000 | 4c89 5424 | 284c 8b54 | 2460 4c89 | 5424 304c | 8b54 2468 | 4c89 5424 | 384c 8b54 
  0x000001c839234d94: 2470 4c89 | 5424 404c | 896c 2448 | 4c89 7424 | 504c 895c | 2460 4889 | 5c24 7048 | 899c 2480 
  0x000001c839234db4: 0000 0044 | 8944 247c 

  0x000001c839234dbc: ;   {runtime_call UncommonTrapBlob}
  0x000001c839234dbc: c5f8 77e8 

  0x000001c839234dc0: ; ImmutableOopMap {[32]=Oop [40]=Oop [48]=Oop [56]=Oop [64]=Oop [72]=Oop [80]=Oop [96]=Oop [112]=Oop [124]=NarrowOop [128]=Oop }
                      ;*aaload {reexecute=0 rethrow=0 return_oop=0}
                      ; - java.util.HashMap$HashIterator::<init>@70
                      ; - java.util.HashMap$KeyIterator::<init>@2
                      ; - java.util.HashMap$KeySet::iterator@8
                      ; - java.util.HashSet::iterator@7
                      ; - java.util.Collections$UnmodifiableCollection$1::<init>@17
                      ; - java.util.Collections$UnmodifiableCollection::iterator@5
                      ; - org.eclipse.osgi.internal.loader.classpath.ClasspathManager::defineClass@576 (line 788)
  0x000001c839234dc0: 3c1f 6dff 

  0x000001c839234dc4: ;   {other}
  0x000001c839234dc4: 0f1f 8400 | b46b 0073 | baf6 ffff | ff49 8bed | 4c8b 5424 | 604c 8954 | 2428 4c8b | 5424 684c 
  0x000001c839234de4: 8954 2430 | 4489 5c24 | 6066 6690 

  0x000001c839234df0: ;   {runtime_call UncommonTrapBlob}
  0x000001c839234df0: c5f8 77e8 

  0x000001c839234df4: ; ImmutableOopMap {rbp=Oop [40]=Oop [48]=Oop [96]=NarrowOop [112]=Oop [120]=Oop [128]=Oop [136]=Oop }
                      ;*monitorenter {reexecute=0 rethrow=0 return_oop=0}
                      ; - org.eclipse.osgi.internal.loader.ModuleClassLoader::publicGetPackage@6 (line 329)
                      ; - org.eclipse.osgi.internal.loader.classpath.ClasspathManager::definePackage@26 (line 825)
                      ; - org.eclipse.osgi.internal.loader.classpath.ClasspathManager::defineClass@9 (line 733)
  0x000001c839234df4: 081f 6dff 

  0x000001c839234df8: ;   {other}
  0x000001c839234df8: 0f1f 8400 | e86b 0074 | baf6 ffff | ff4c 8b54 | 2460 4c89 | 5424 284c | 8b54 2468 | 4c89 5424 
  0x000001c839234e18: 304c 896c | 2440 4489 | 4c24 6490 

  0x000001c839234e24: ;   {runtime_call UncommonTrapBlob}
  0x000001c839234e24: c5f8 77e8 

  0x000001c839234e28: ; ImmutableOopMap {[40]=Oop [48]=Oop [64]=Oop [100]=NarrowOop [112]=Oop [120]=Oop [128]=Oop [136]=Oop }
                      ;*invokevirtual get {reexecute=0 rethrow=0 return_oop=0}
                      ; - java.lang.ClassLoader::getDefinedPackage@13
                      ; - java.lang.ClassLoader::getPackage@2
                      ; - org.eclipse.osgi.internal.loader.ModuleClassLoader::publicGetPackage@9 (line 330)
                      ; - org.eclipse.osgi.internal.loader.classpath.ClasspathManager::definePackage@26 (line 825)
                      ; - org.eclipse.osgi.internal.loader.classpath.ClasspathManager::defineClass@9 (line 733)
  0x000001c839234e28: d41e 6dff 

  0x000001c839234e2c: ;   {other}
  0x000001c839234e2c: 0f1f 8400 | 1c6c 0075 | bae4 ffff | ff4c 896c | 2420 4c8b | 4c24 604c | 894c 2430 | 4c8b 4c24 
  0x000001c839234e4c: 684c 894c | 2438 4889 | 7424 484c | 895c 2450 | 4489 5424 | 5c4c 8944 | 2468 6690 

  0x000001c839234e68: ;   {runtime_call UncommonTrapBlob}
  0x000001c839234e68: c5f8 77e8 

  0x000001c839234e6c: ; ImmutableOopMap {rbp=Oop [32]=Oop [48]=Oop [56]=Oop [72]=Oop [80]=Oop [104]=Oop [112]=Oop [128]=Oop }
                      ;*aastore {reexecute=1 rethrow=0 return_oop=0}
                      ; - (reexecute) java.util.ArrayList::add@14
                      ; - java.util.ArrayList::add@20
                      ; - org.eclipse.osgi.internal.loader.classpath.ClasspathManager::defineClass@411 (line 777)
  0x000001c839234e6c: 901e 6dff 

  0x000001c839234e70: ;   {other}
  0x000001c839234e70: 0f1f 8400 | 606c 0076 | baf6 ffff | ff49 8bed | 4c8b 4424 | 684c 8944 | 2430 4c8b | 4424 704c 
  0x000001c839234e90: 8944 2438 | 4889 7424 | 404c 895c | 2448 4c8b | 5c24 604c | 895c 2458 | 4489 5424 | 7066 6690 
  0x000001c839234eb0: ;   {runtime_call UncommonTrapBlob}
  0x000001c839234eb0: c5f8 77e8 

  0x000001c839234eb4: ; ImmutableOopMap {rbp=Oop [48]=Oop [56]=Oop [64]=Oop [72]=Oop [88]=Oop [112]=NarrowOop [128]=Oop }
                      ;*invokevirtual getLock {reexecute=0 rethrow=0 return_oop=0}
                      ; - org.eclipse.osgi.internal.loader.ModuleClassLoader::getClassLoadingLock@5 (line 437)
                      ; - org.eclipse.osgi.internal.loader.ModuleClassLoader::defineClass@8 (line 312)
                      ; - org.eclipse.osgi.internal.loader.classpath.ClasspathManager::defineClass@424 (line 779)
  0x000001c839234eb4: 481e 6dff 

  0x000001c839234eb8: ;   {other}
  0x000001c839234eb8: 0f1f 8400 | a86c 0077 | baf6 ffff | ff48 8b6c | 2450 4c8b | 5424 684c | 8954 2430 | 4c8b 5424 
  0x000001c839234ed8: 484c 8954 | 2440 4c8b | 5424 584c | 8954 2448 | 4c8b 5424 | 604c 8954 | 2458 6690 

  0x000001c839234ef4: ;   {runtime_call UncommonTrapBlob}
  0x000001c839234ef4: c5f8 77e8 

  0x000001c839234ef8: ; ImmutableOopMap {rbp=Oop [48]=Oop [64]=Oop [72]=Oop [88]=Oop [112]=Oop [128]=Oop [136]=NarrowOop }
                      ;*monitorenter {reexecute=0 rethrow=0 return_oop=0}
                      ; - org.eclipse.osgi.internal.loader.ModuleClassLoader::defineClass@14 (line 312)
                      ; - org.eclipse.osgi.internal.loader.classpath.ClasspathManager::defineClass@424 (line 779)
  0x000001c839234ef8: 041e 6dff 

  0x000001c839234efc: ;   {other}
  0x000001c839234efc: 0f1f 8400 | ec6c 0078 | baf6 ffff | ff48 8b6c | 2450 4c8b | 5c24 604c | 895c 2428 | 4c8b 5c24 
  0x000001c839234f1c: 684c 895c | 2430 4c8b | 5c24 484c | 895c 2440 | 4c8b 5c24 | 584c 895c | 2448 4c8b | 9c24 9000 
  0x000001c839234f3c: 0000 4c89 | 5c24 584c | 8954 2460 | 4889 5c24 | 6866 6690 

  0x000001c839234f50: ;   {runtime_call UncommonTrapBlob}
  0x000001c839234f50: c5f8 77e8 

  0x000001c839234f54: ; ImmutableOopMap {rbp=Oop [40]=Oop [48]=Oop [64]=Oop [72]=Oop [88]=Oop [96]=Oop [104]=Oop [112]=Oop [128]=Oop [144]=Oop }
                      ;*invokevirtual putIfAbsent {reexecute=0 rethrow=0 return_oop=0}
                      ; - java.lang.ClassLoader::checkCerts@62
                      ; - java.lang.ClassLoader::preDefineClass@113
                      ; - java.lang.ClassLoader::defineClass@4
                      ; - org.eclipse.osgi.internal.loader.ModuleClassLoader::defineClass@37 (line 315)
                      ; - org.eclipse.osgi.internal.loader.classpath.ClasspathManager::defineClass@424 (line 779)
  0x000001c839234f54: a81d 6dff 

  0x000001c839234f58: ;   {other}
  0x000001c839234f58: 0f1f 8400 | 486d 0079 | baf6 ffff | ff48 8b6c | 2450 4c8b | 5424 604c | 8954 2428 | 4c8b 5424 
  0x000001c839234f78: 484c 8954 | 2440 4c8b | 5424 584c | 8954 2448 | 4c8b 9424 | 9000 0000 | 4c89 5424 | 5848 8944 
  0x000001c839234f98: 2460 6690 

  0x000001c839234f9c: ;   {runtime_call UncommonTrapBlob}
  0x000001c839234f9c: c5f8 77e8 

  0x000001c839234fa0: ; ImmutableOopMap {rbp=Oop [40]=Oop [64]=Oop [72]=Oop [88]=Oop [96]=Oop [104]=Oop [112]=Oop [128]=Oop [144]=Oop }
                      ;*invokevirtual get {reexecute=0 rethrow=0 return_oop=0}
                      ; - java.lang.ClassLoader::getNamedPackage@5
                      ; - java.lang.ClassLoader::postDefineClass@9
                      ; - java.lang.ClassLoader::defineClass@37
                      ; - org.eclipse.osgi.internal.loader.ModuleClassLoader::defineClass@37 (line 315)
                      ; - org.eclipse.osgi.internal.loader.classpath.ClasspathManager::defineClass@424 (line 779)
  0x000001c839234fa0: 5c1d 6dff 

  0x000001c839234fa4: ;   {other}
  0x000001c839234fa4: 0f1f 8400 | 946d 007a | ba76 ffff | ff48 8b6c | 2450 4c8b | 9424 8000 | 0000 4c89 | 5424 204c 
  0x000001c839234fc4: 8b54 2460 | 4c89 5424 | 2848 897c | 2450 4489 | 4424 5844 | 895c 2460 

  0x000001c839234fdc: ;   {runtime_call UncommonTrapBlob}
  0x000001c839234fdc: c5f8 77e8 

  0x000001c839234fe0: ; ImmutableOopMap {rbp=Oop [32]=Oop [40]=Oop [80]=Oop [88]=NarrowOop [112]=Oop [120]=Oop }
                      ;*iflt {reexecute=1 rethrow=0 return_oop=0}
                      ; - (reexecute) java.lang.StringLatin1::lastIndexOf@19
                      ; - java.lang.String::lastIndexOf@13
                      ; - java.lang.String::lastIndexOf@8
                      ; - org.eclipse.osgi.internal.loader.classpath.ClasspathManager::definePackage@3 (line 820)
                      ; - org.eclipse.osgi.internal.loader.classpath.ClasspathManager::defineClass@9 (line 733)
  0x000001c839234fe0: 1c1d 6dff 

  0x000001c839234fe4: ;   {other}
  0x000001c839234fe4: 0f1f 8400 | d46d 007b | 4889 7c24 | 4848 8954 | 2440 4489 | 4c24 3844 | 895c 242c | 4c89 7424 
  0x000001c839235004: 3044 8b5c | 2420 4489 | 5c24 284c | 896c 2420 | 488b ac24 | 8000 0000 | 488b d74c | 8d84 2400 
  0x000001c839235024: 0100 0090 

  0x000001c839235028: ;   {runtime_call _complete_monitor_locking_Java}
  0x000001c839235028: c5f8 77e8 

  0x000001c83923502c: ; ImmutableOopMap {rbp=Oop [32]=Oop [44]=NarrowOop [48]=Oop [56]=NarrowOop [64]=Oop [72]=Oop [96]=Oop [104]=Oop [112]=Oop [120]=Oop [136]=Oop }
                      ;*monitorenter {reexecute=0 rethrow=0 return_oop=0}
                      ; - org.eclipse.osgi.internal.loader.ModuleClassLoader::publicGetPackage@6 (line 329)
                      ; - org.eclipse.osgi.internal.loader.classpath.ClasspathManager::definePackage@26 (line 825)
                      ; - org.eclipse.osgi.internal.loader.classpath.ClasspathManager::defineClass@9 (line 733)
  0x000001c83923502c: 50a4 78ff 

  0x000001c839235030: ;   {other}
  0x000001c839235030: 0f1f 8400 | 206e 007c | 4889 ac24 | 8000 0000 | 4c8b 6c24 | 2044 8b54 | 2428 4489 | 5424 204c 
  0x000001c839235050: 8b74 2430 | 448b 5c24 | 2c44 8b4c | 2438 488b | 5424 4048 | 8b7c 2448 | e96f a0ff | ff48 8bcf 
  0x000001c839235070: 488d 9424 | 0001 0000 | 4d8b c7c5 | f877 49ba | 40d9 5c34 | f97f 0000 

  0x000001c839235088: ;   {other}
  0x000001c839235088: 41ff d20f | 1f84 0000 | 0000 00e9 | 03a6 ffff | bade ffff | ff49 8bed | 4489 5424 | 4866 6690 
  0x000001c8392350a8: ;   {runtime_call UncommonTrapBlob}
  0x000001c8392350a8: c5f8 77e8 

  0x000001c8392350ac: ; ImmutableOopMap {rbp=Oop [72]=NarrowOop [96]=Oop [104]=Oop [112]=Oop [120]=Oop [128]=Oop }
                      ;*invokevirtual get {reexecute=0 rethrow=0 return_oop=0}
                      ; - org.eclipse.osgi.internal.loader.classpath.ClasspathManager::defineClass@16 (line 734)
  0x000001c8392350ac: 501c 6dff 

  0x000001c8392350b0: ;   {other}
  0x000001c8392350b0: 0f1f 8400 | a06e 007d | bade ffff | ff49 8bed | 4c89 5c24 | 4048 894c | 2450 6690 

  0x000001c8392350cc: ;   {runtime_call UncommonTrapBlob}
  0x000001c8392350cc: c5f8 77e8 

  0x000001c8392350d0: ; ImmutableOopMap {rbp=Oop [64]=Oop [80]=Oop [96]=Oop [104]=Oop [112]=Oop [120]=Oop [128]=Oop }
                      ;*invokeinterface iterator {reexecute=0 rethrow=0 return_oop=0}
                      ; - org.eclipse.osgi.internal.loader.classpath.ClasspathManager::defineClass@258 (line 764)
  0x000001c8392350d0: 2c1c 6dff 

  0x000001c8392350d4: ;   {other}
  0x000001c8392350d4: 0f1f 8400 | c46e 007e | bade ffff | ff4c 896c | 2420 4889 | 7424 484c | 895c 2450 

  0x000001c8392350f0: ;   {runtime_call UncommonTrapBlob}
  0x000001c8392350f0: c5f8 77e8 

  0x000001c8392350f4: ; ImmutableOopMap {rbp=NarrowOop [32]=Oop [72]=Oop [80]=Oop [96]=Oop [104]=Oop [112]=Oop [128]=Oop }
                      ;*invokeinterface contains {reexecute=0 rethrow=0 return_oop=0}
                      ; - org.eclipse.osgi.internal.loader.classpath.ClasspathManager::defineClass@319 (line 773)
  0x000001c8392350f4: 081c 6dff 

  0x000001c8392350f8: ;   {other}
  0x000001c8392350f8: 0f1f 8400 | e86e 007f | bad6 ffff | ff4c 896c | 2420 4c8b | 4c24 604c | 894c 2430 | 4c8b 4c24 
  0x000001c839235118: 684c 894c | 2438 4889 | 7424 484c | 895c 2450 | 4489 5424 | 5c4c 8944 | 2468 6690 

  0x000001c839235134: ;   {runtime_call UncommonTrapBlob}
  0x000001c839235134: c5f8 77e8 

  0x000001c839235138: ; ImmutableOopMap {rbp=Oop [32]=Oop [48]=Oop [56]=Oop [72]=Oop [80]=Oop [104]=Oop [112]=Oop [128]=Oop }
                      ;*aastore {reexecute=1 rethrow=0 return_oop=0}
                      ; - (reexecute) java.util.ArrayList::add@14
                      ; - java.util.ArrayList::add@20
                      ; - org.eclipse.osgi.internal.loader.classpath.ClasspathManager::defineClass@411 (line 777)
  0x000001c839235138: c41b 6dff 

  0x000001c83923513c: ;   {other}
  0x000001c83923513c: 0f1f 8400 | 2c6f 0080 | 498b eb49 | 8bd3 4c8d | 8424 0001 | 0000 6690 

  0x000001c839235154: ;   {runtime_call _complete_monitor_locking_Java}
  0x000001c839235154: c5f8 77e8 

  0x000001c839235158: ; ImmutableOopMap {rbp=Oop [48]=Oop [72]=Oop [80]=Oop [88]=Oop [96]=Oop [104]=Oop [112]=Oop [120]=Oop [128]=Oop [136]=NarrowOop }
                      ;*monitorenter {reexecute=0 rethrow=0 return_oop=0}
                      ; - org.eclipse.osgi.internal.loader.ModuleClassLoader::defineClass@14 (line 312)
                      ; - org.eclipse.osgi.internal.loader.classpath.ClasspathManager::defineClass@424 (line 779)
  0x000001c839235158: 24a3 78ff 

  0x000001c83923515c: ;   {other}
  0x000001c83923515c: 0f1f 8400 | 4c6f 0081 | 4c8b dde9 | 43ad ffff | ba45 ffff | ff48 8b6c | 2450 4c8b | 5424 684c 
  0x000001c83923517c: 8954 2430 | 4c8b 5424 | 704c 8954 | 2438 4c8b | 5424 484c | 8954 2440 | 4c8b 5424 | 584c 8954 
  0x000001c83923519c: 2448 48ff | b424 8000 | 0000 488f | 4424 504c | 8b54 2460 | 4c89 5424 | 5848 ffb4 | 2480 0000 
  0x000001c8392351bc: 0048 8f44 | 2468 448b | 9424 8800 | 0000 4c89 | 9c24 8000 | 0000 4489 | 5424 7490 

  0x000001c8392351d8: ;   {runtime_call UncommonTrapBlob}
  0x000001c8392351d8: c5f8 77e8 

  0x000001c8392351dc: ; ImmutableOopMap {rbp=Oop [48]=Oop [56]=Oop [64]=Oop [72]=Oop [80]=Oop [88]=Oop [104]=Oop [116]=NarrowOop [128]=Oop [136]=NarrowOop }
                      ;*ifeq {reexecute=1 rethrow=0 return_oop=0}
                      ; - (reexecute) java.lang.ClassLoader::checkName@8
                      ; - java.lang.ClassLoader::findLoadedClass@1
                      ; - org.eclipse.osgi.internal.loader.ModuleClassLoader::defineClass@17 (line 313)
                      ; - org.eclipse.osgi.internal.loader.classpath.ClasspathManager::defineClass@424 (line 779)
  0x000001c8392351dc: 201b 6dff 

  0x000001c8392351e0: ;   {other}
  0x000001c8392351e0: 0f1f 8400 | d06f 0082 | 4c89 9c24 | 9000 0000 | 4c89 8c24 | 8000 0000 | 498b d244 | 8b44 2420 
  0x000001c839235200: 488b 6c24 | 5066 6690 

  0x000001c839235208: ;   {static_call}
  0x000001c839235208: c5f8 77e8 

  0x000001c83923520c: ; ImmutableOopMap {rbp=Oop [48]=Oop [72]=Oop [80]=Oop [88]=Oop [96]=Oop [104]=Oop [112]=Oop [120]=Oop [128]=Oop [136]=NarrowOop [144]=Oop }
                      ;*invokestatic charAt {reexecute=0 rethrow=0 return_oop=0}
                      ; - java.lang.String::charAt@21
                      ; - java.lang.ClassLoader::checkName@25
                      ; - java.lang.ClassLoader::findLoadedClass@1
                      ; - org.eclipse.osgi.internal.loader.ModuleClassLoader::defineClass@17 (line 313)
                      ; - org.eclipse.osgi.internal.loader.classpath.ClasspathManager::defineClass@424 (line 779)
  0x000001c83923520c: 70a3 6cff 

  0x000001c839235210: ;   {other}
  0x000001c839235210: 0f1f 8400 | 0070 0083 | 4c8b 8c24 | 8000 0000 | 4c8b 9c24 | 9000 0000 | 448b d0e9 | afad ffff 
  0x000001c839235230: bae4 ffff | ff4c 8b44 | 2450 4c89 | 4424 204c | 8b44 2470 | 4c89 4424 | 404c 8b44 | 2458 4c89 
  0x000001c839235250: 4424 504c | 894c 2458 | 4c89 4c24 | 7044 8b84 | 2488 0000 | 004c 899c | 2490 0000 | 0044 8944 
  0x000001c839235270: 247c 4489 | 9424 8800 | 0000 6690 

  0x000001c83923527c: ;   {runtime_call UncommonTrapBlob}
  0x000001c83923527c: c5f8 77e8 

  0x000001c839235280: ; ImmutableOopMap {[32]=Oop [64]=Oop [72]=Oop [80]=Oop [88]=Oop [96]=Oop [104]=Oop [112]=Oop [124]=NarrowOop [136]=NarrowOop [144]=Oop }
                      ;*invokestatic checkIndex {reexecute=0 rethrow=0 return_oop=0}
                      ; - java.lang.String::checkIndex@5
                      ; - java.lang.StringLatin1::charAt@3
                      ; - java.lang.String::charAt@12
                      ; - java.lang.ClassLoader::checkName@25
                      ; - java.lang.ClassLoader::findLoadedClass@1
                      ; - org.eclipse.osgi.internal.loader.ModuleClassLoader::defineClass@17 (line 313)
                      ; - org.eclipse.osgi.internal.loader.classpath.ClasspathManager::defineClass@424 (line 779)
  0x000001c839235280: 7c1a 6dff 

  0x000001c839235284: ;   {other}
  0x000001c839235284: 0f1f 8400 | 7470 0084 | bae4 ffff | ff4c 896c | 2420 4c8b | 4424 604c | 8944 2430 | 4c8b 4424 
  0x000001c8392352a4: 684c 8944 | 2438 4c8b | 4424 704c | 8944 2440 | 4c89 7424 | 5844 895c | 2460 4889 | 4c24 6844 
  0x000001c8392352c4: 8954 2470 

  0x000001c8392352c8: ;   {runtime_call UncommonTrapBlob}
  0x000001c8392352c8: c5f8 77e8 

  0x000001c8392352cc: ; ImmutableOopMap {rbp=NarrowOop [32]=Oop [48]=Oop [56]=Oop [64]=Oop [88]=Oop [96]=NarrowOop [104]=Oop [120]=Oop [128]=Oop }
                      ;*aaload {reexecute=0 rethrow=0 return_oop=0}
                      ; - java.lang.ThreadLocal$ThreadLocalMap::getEntry@18
                      ; - java.lang.ThreadLocal::get@12
                      ; - java.lang.ThreadLocal::get@4
                      ; - org.eclipse.osgi.internal.loader.classpath.ClasspathManager::defineClass@16 (line 734)
  0x000001c8392352cc: 301a 6dff 

  0x000001c8392352d0: ;   {other}
  0x000001c8392352d0: 0f1f 8400 | c070 0085 | bace ffff | ff4c 8b54 | 2450 4c89 | 5424 204c | 8b54 2470 | 4c89 5424 
  0x000001c8392352f0: 404c 8b54 | 2458 4c89 | 5424 5048 | ffb4 2480 | 0000 0048 | 8f44 2458 | 48ff b424 | 8000 0000 
  0x000001c839235310: 488f 4424 | 7044 8b94 | 2488 0000 | 004c 899c | 2498 0000 | 0044 8994 | 2484 0000 | 0044 8984 
  0x000001c839235330: 2488 0000 | 0066 6690 

  0x000001c839235338: ;   {runtime_call UncommonTrapBlob}
  0x000001c839235338: c5f8 77e8 

  0x000001c83923533c: ; ImmutableOopMap {rbp=NarrowOop [32]=Oop [64]=Oop [72]=Oop [80]=Oop [88]=Oop [96]=Oop [104]=Oop [112]=Oop [132]=NarrowOop [152]=Oop }
                      ;*invokestatic indexOfChar {reexecute=0 rethrow=0 return_oop=0}
                      ; - java.lang.StringLatin1::indexOf@33
                      ; - java.lang.String::indexOf@17
                      ; - java.lang.String::indexOf@3
                      ; - java.lang.ClassLoader::checkName@16
                      ; - java.lang.ClassLoader::findLoadedClass@1
                      ; - org.eclipse.osgi.internal.loader.ModuleClassLoader::defineClass@17 (line 313)
                      ; - org.eclipse.osgi.internal.loader.classpath.ClasspathManager::defineClass@424 (line 779)
  0x000001c83923533c: c019 6dff 

  0x000001c839235340: ;   {other}
  0x000001c839235340: 0f1f 8400 | 3071 0086 | ba76 ffff | ff48 8b6c | 2450 4c8b | 9424 8000 | 0000 4c89 | 5424 204c 
  0x000001c839235360: 896c 2430 | 4c8b 5424 | 704c 8954 | 2438 4c8b | 5424 484c | 8954 2440 | 4c8b 5424 | 584c 8954 
  0x000001c839235380: 2448 4889 | 7424 5844 | 8b94 2498 | 0000 0044 | 8954 2468 | 895c 2470 | 4c8b 9424 | 9000 0000 
  0x000001c8392353a0: 4c89 9424 | 8000 0000 

  0x000001c8392353a8: ;   {runtime_call UncommonTrapBlob}
  0x000001c8392353a8: c5f8 77e8 

  0x000001c8392353ac: ; ImmutableOopMap {rbp=Oop [32]=Oop [48]=Oop [56]=Oop [64]=Oop [72]=Oop [88]=Oop [104]=NarrowOop [128]=Oop [136]=NarrowOop [156]=NarrowOop [248]=Oop }
                      ;*iflt {reexecute=1 rethrow=0 return_oop=0}
                      ; - (reexecute) java.lang.StringLatin1::lastIndexOf@19
                      ; - java.lang.String::lastIndexOf@13
                      ; - java.lang.String::lastIndexOf@8
                      ; - java.lang.ClassLoader::checkCerts@3
                      ; - java.lang.ClassLoader::preDefineClass@113
                      ; - java.lang.ClassLoader::defineClass@4
                      ; - org.eclipse.osgi.internal.loader.ModuleClassLoader::defineClass@37 (line 315)
                      ; - org.eclipse.osgi.internal.loader.classpath.ClasspathManager::defineClass@424 (line 779)
  0x000001c8392353ac: 5019 6dff 

  0x000001c8392353b0: ;   {other}
  0x000001c8392353b0: 0f1f 8400 | a071 0087 | ba45 ffff | ff48 8b6c | 2450 4c89 | 6c24 304c | 8b5c 2470 | 4c89 5c24 
  0x000001c8392353d0: 384c 8b5c | 2448 4c89 | 5c24 404c | 8b5c 2458 | 4c89 5c24 | 484c 8944 | 2450 48ff | 7424 6048 
  0x000001c8392353f0: 8f44 2458 | 4c89 4424 | 604c 8b9c | 2490 0000 | 004c 895c | 2470 448b | 9c24 8800 | 0000 4489 
  0x000001c839235410: 5424 7c45 | 8bd3 4489 | 9424 8000 | 0000 4489 | 8c24 8400 | 0000 6690 

  0x000001c839235428: ;   {runtime_call UncommonTrapBlob}
  0x000001c839235428: c5f8 77e8 

  0x000001c83923542c: ; ImmutableOopMap {rbp=Oop [48]=Oop [56]=Oop [64]=Oop [72]=Oop [80]=Oop [88]=Oop [96]=Oop [112]=Oop [128]=NarrowOop [132]=NarrowOop [136]=NarrowOop [144]=Oop }
                      ;*ifeq {reexecute=1 rethrow=0 return_oop=0}
                      ; - (reexecute) java.lang.ClassLoader::checkName@8
                      ; - java.lang.ClassLoader::preDefineClass@1
                      ; - java.lang.ClassLoader::defineClass@4
                      ; - org.eclipse.osgi.internal.loader.ModuleClassLoader::defineClass@37 (line 315)
                      ; - org.eclipse.osgi.internal.loader.classpath.ClasspathManager::defineClass@424 (line 779)
  0x000001c83923542c: d018 6dff 

  0x000001c839235430: ;   {other}
  0x000001c839235430: 0f1f 8400 | 2072 0088 | 4489 4c24 | 2c41 8bea | 4889 7424 | 604c 896c | 2468 4c89 | 8424 8000 
  0x000001c839235450: 0000 498b | d344 8b44 | 2420 4c8b | 9424 8000 | 0000 4c89 | 5424 4090 

  0x000001c839235468: ;   {static_call}
  0x000001c839235468: c5f8 77e8 

  0x000001c83923546c: ; ImmutableOopMap {[44]=NarrowOop [48]=Oop [64]=Oop [72]=Oop [80]=Oop [88]=Oop [96]=Oop [104]=Oop [112]=Oop [120]=Oop [128]=Oop [136]=NarrowOop [144]=Oop }
                      ;*invokestatic charAt {reexecute=0 rethrow=0 return_oop=0}
                      ; - java.lang.String::charAt@21
                      ; - java.lang.ClassLoader::checkName@25
                      ; - java.lang.ClassLoader::preDefineClass@1
                      ; - java.lang.ClassLoader::defineClass@4
                      ; - org.eclipse.osgi.internal.loader.ModuleClassLoader::defineClass@37 (line 315)
                      ; - org.eclipse.osgi.internal.loader.classpath.ClasspathManager::defineClass@424 (line 779)
  0x000001c83923546c: 10a1 6cff 

  0x000001c839235470: ;   {other}
  0x000001c839235470: 0f1f 8400 | 6072 0089 | 4c8b 4424 | 404c 8b6c | 2468 488b | 7424 6044 | 8bd5 448b | 4c24 2c8b 
  0x000001c839235490: d8e9 d8ac | ffff bae4 | ffff ff48 | 8b4c 2450 | 4889 4c24 | 204c 896c | 2438 488b | 4c24 7048 
  0x000001c8392354b0: 894c 2440 | 488b 4c24 | 5848 894c | 2450 4c89 | 4424 5848 | 8974 2460 | 4c89 4424 | 684c 8b84 
  0x000001c8392354d0: 2490 0000 | 004c 8944 | 2478 4489 | 9424 8400 | 0000 4489 | 8c24 8c00 | 0000 4489 | 9c24 9000 
  0x000001c8392354f0: 0000 6690 

  0x000001c8392354f4: ;   {runtime_call UncommonTrapBlob}
  0x000001c8392354f4: c5f8 77e8 

  0x000001c8392354f8: ; ImmutableOopMap {[32]=Oop [56]=Oop [64]=Oop [72]=Oop [80]=Oop [88]=Oop [96]=Oop [104]=Oop [120]=Oop [136]=NarrowOop [140]=NarrowOop [144]=NarrowOop }
                      ;*invokestatic checkIndex {reexecute=0 rethrow=0 return_oop=0}
                      ; - java.lang.String::checkIndex@5
                      ; - java.lang.StringLatin1::charAt@3
                      ; - java.lang.String::charAt@12
                      ; - java.lang.ClassLoader::checkName@25
                      ; - java.lang.ClassLoader::preDefineClass@1
                      ; - java.lang.ClassLoader::defineClass@4
                      ; - org.eclipse.osgi.internal.loader.ModuleClassLoader::defineClass@37 (line 315)
                      ; - org.eclipse.osgi.internal.loader.classpath.ClasspathManager::defineClass@424 (line 779)
  0x000001c8392354f8: 0418 6dff 

  0x000001c8392354fc: ;   {other}
  0x000001c8392354fc: 0f1f 8400 | ec72 008a | ba6e ffff | ff48 8b6c | 2450 4c8b | 9424 8000 | 0000 4c89 | 5424 204c 
  0x000001c83923551c: 8b54 2460 | 4c89 5424 | 2848 897c | 2450 4489 | 4424 5844 | 895c 2460 

  0x000001c839235534: ;   {runtime_call UncommonTrapBlob}
  0x000001c839235534: c5f8 77e8 

  0x000001c839235538: ; ImmutableOopMap {rbp=Oop [32]=Oop [40]=Oop [80]=Oop [88]=NarrowOop [112]=Oop [120]=Oop }
                      ;*iflt {reexecute=1 rethrow=0 return_oop=0}
                      ; - (reexecute) java.lang.StringLatin1::lastIndexOf@19
                      ; - java.lang.String::lastIndexOf@13
                      ; - java.lang.String::lastIndexOf@8
                      ; - org.eclipse.osgi.internal.loader.classpath.ClasspathManager::definePackage@3 (line 820)
                      ; - org.eclipse.osgi.internal.loader.classpath.ClasspathManager::defineClass@9 (line 733)
  0x000001c839235538: c417 6dff 

  0x000001c83923553c: ;   {other}
  0x000001c83923553c: 0f1f 8400 | 2c73 008b | bace ffff | ff48 8b4c | 2450 4889 | 4c24 204c | 896c 2438 | 488b 4c24 
  0x000001c83923555c: 7048 894c | 2440 488b | 4c24 5848 | 894c 2450 | 4c89 4424 | 584c 8944 | 2468 4c8b | 8424 9000 
  0x000001c83923557c: 0000 4c89 | 8424 8000 | 0000 4489 | 9424 8c00 | 0000 4489 | 8c24 9400 | 0000 4489 | 9c24 9800 
  0x000001c83923559c: 0000 6690 

  0x000001c8392355a0: ;   {runtime_call UncommonTrapBlob}
  0x000001c8392355a0: c5f8 77e8 

  0x000001c8392355a4: ; ImmutableOopMap {rbp=NarrowOop [32]=Oop [56]=Oop [64]=Oop [72]=Oop [80]=Oop [88]=Oop [96]=Oop [104]=Oop [128]=Oop [136]=NarrowOop [148]=NarrowOop }
                      ;*invokestatic indexOfChar {reexecute=0 rethrow=0 return_oop=0}
                      ; - java.lang.StringLatin1::indexOf@33
                      ; - java.lang.String::indexOf@17
                      ; - java.lang.String::indexOf@3
                      ; - java.lang.ClassLoader::checkName@16
                      ; - java.lang.ClassLoader::preDefineClass@1
                      ; - java.lang.ClassLoader::defineClass@4
                      ; - org.eclipse.osgi.internal.loader.ModuleClassLoader::defineClass@37 (line 315)
                      ; - org.eclipse.osgi.internal.loader.classpath.ClasspathManager::defineClass@424 (line 779)
  0x000001c8392355a4: 5817 6dff 

  0x000001c8392355a8: ;   {other}
  0x000001c8392355a8: 0f1f 8400 | 9873 008c | ba6e ffff | ff48 8b6c | 2450 4c8b | 9424 8000 | 0000 4c89 | 5424 204c 
  0x000001c8392355c8: 896c 2430 | 4c8b 5424 | 704c 8954 | 2438 4c8b | 5424 484c | 8954 2440 | 4c8b 5424 | 584c 8954 
  0x000001c8392355e8: 2448 4889 | 7424 5844 | 8b94 2498 | 0000 0044 | 8954 2468 | 895c 2470 | 4c8b 9424 | 9000 0000 
  0x000001c839235608: 4c89 9424 | 8000 0000 

  0x000001c839235610: ;   {runtime_call UncommonTrapBlob}
  0x000001c839235610: c5f8 77e8 

  0x000001c839235614: ; ImmutableOopMap {rbp=Oop [32]=Oop [48]=Oop [56]=Oop [64]=Oop [72]=Oop [88]=Oop [104]=NarrowOop [128]=Oop [136]=NarrowOop [156]=NarrowOop [248]=Oop }
                      ;*iflt {reexecute=1 rethrow=0 return_oop=0}
                      ; - (reexecute) java.lang.StringLatin1::lastIndexOf@19
                      ; - java.lang.String::lastIndexOf@13
                      ; - java.lang.String::lastIndexOf@8
                      ; - java.lang.ClassLoader::checkCerts@3
                      ; - java.lang.ClassLoader::preDefineClass@113
                      ; - java.lang.ClassLoader::defineClass@4
                      ; - org.eclipse.osgi.internal.loader.ModuleClassLoader::defineClass@37 (line 315)
                      ; - org.eclipse.osgi.internal.loader.classpath.ClasspathManager::defineClass@424 (line 779)
  0x000001c839235614: e816 6dff 

  0x000001c839235618: ;   {other}
  0x000001c839235618: 0f1f 8400 | 0874 008d | ba45 ffff | ff48 8b6c | 2450 4c89 | 6c24 404c | 8974 2448 | 4c89 5c24 
  0x000001c839235638: 5044 894c | 2458 4489 | 4424 5c90 

  0x000001c839235644: ;   {runtime_call UncommonTrapBlob}
  0x000001c839235644: c5f8 77e8 

  0x000001c839235648: ; ImmutableOopMap {rbp=Oop [64]=Oop [72]=Oop [80]=Oop [96]=Oop [104]=Oop [112]=Oop [128]=Oop }
                      ;*if_icmpeq {reexecute=1 rethrow=0 return_oop=0}
                      ; - (reexecute) java.util.HashMap$HashIterator::nextNode@16
                      ; - java.util.HashMap$KeyIterator::next@1
                      ; - java.util.Collections$UnmodifiableCollection$1::next@4
                      ; - org.eclipse.osgi.internal.loader.classpath.ClasspathManager::defineClass@588 (line 788)
  0x000001c839235648: b416 6dff 

  0x000001c83923564c: ;   {other}
  0x000001c83923564c: 0f1f 8400 | 3c74 008e | ba6e ffff | ff49 8bed | 488b 4c24 | 6048 894c | 2428 488b | 4c24 6848 
  0x000001c83923566c: 894c 2430 | 4c89 5c24 | 4848 8974 | 2450 4c89 | 5424 6044 | 8944 2468 | 4489 4c24 | 6c66 6690 
  0x000001c83923568c: ;   {runtime_call UncommonTrapBlob}
  0x000001c83923568c: c5f8 77e8 

  0x000001c839235690: ; ImmutableOopMap {rbp=Oop [40]=Oop [48]=Oop [72]=Oop [80]=Oop [96]=Oop [104]=NarrowOop [112]=Oop [128]=Oop }
                      ;*if_icmpge {reexecute=1 rethrow=0 return_oop=0}
                      ; - (reexecute) java.util.HashMap$HashIterator::<init>@54
                      ; - java.util.HashMap$KeyIterator::<init>@2
                      ; - java.util.HashMap$KeySet::iterator@8
                      ; - java.util.HashSet::iterator@7
                      ; - java.util.Collections$UnmodifiableCollection$1::<init>@17
                      ; - java.util.Collections$UnmodifiableCollection::iterator@5
                      ; - org.eclipse.osgi.internal.loader.classpath.ClasspathManager::defineClass@258 (line 764)
  0x000001c839235690: 6c16 6dff 

  0x000001c839235694: ;   {other}
  0x000001c839235694: 0f1f 8400 | 8474 008f | bae4 ffff | ff48 8b6c | 2450 4c8b | 9424 8000 | 0000 4c89 | 5424 204c 
  0x000001c8392356b4: 896c 2430 | 4c8b 5424 | 704c 8954 | 2438 4c8b | 5424 484c | 8954 2440 | 4c8b 5424 | 584c 8954 
  0x000001c8392356d4: 2448 4889 | 7424 5844 | 8944 246c | 4c8b 9424 | 9000 0000 | 4c89 5424 | 7844 8b9c | 248c 0000 
  0x000001c8392356f4: 0044 899c | 2484 0000 | 0044 898c | 248c 0000 | 0066 6690 

  0x000001c839235708: ;   {runtime_call UncommonTrapBlob}
  0x000001c839235708: c5f8 77e8 

  0x000001c83923570c: ; ImmutableOopMap {rbp=Oop [32]=Oop [48]=Oop [56]=Oop [64]=Oop [72]=Oop [88]=Oop [108]=NarrowOop [120]=Oop [136]=NarrowOop [140]=NarrowOop [144]=Oop [152]=NarrowOop }
                      ;*baload {reexecute=0 rethrow=0 return_oop=0}
                      ; - jdk.internal.util.ArraysSupport::mismatch@82
                      ; - java.lang.String::startsWith@70
                      ; - java.lang.String::startsWith@3
                      ; - java.lang.ClassLoader::preDefineClass@43
                      ; - java.lang.ClassLoader::defineClass@4
                      ; - org.eclipse.osgi.internal.loader.ModuleClassLoader::defineClass@37 (line 315)
                      ; - org.eclipse.osgi.internal.loader.classpath.ClasspathManager::defineClass@424 (line 779)
  0x000001c83923570c: f015 6dff 

  0x000001c839235710: ;   {other}
  0x000001c839235710: 0f1f 8400 | 0075 0090 | ba76 ffff | ff49 8bed | 4c8b 4424 | 604c 8944 | 2428 4889 | 7424 404c 
  0x000001c839235730: 895c 2448 | 4489 4c24 | 5c44 8954 | 2460 6690 

  0x000001c839235740: ;   {runtime_call UncommonTrapBlob}
  0x000001c839235740: c5f8 77e8 

  0x000001c839235744: ; ImmutableOopMap {rbp=Oop [40]=Oop [64]=Oop [72]=Oop [92]=NarrowOop [104]=Oop [112]=Oop [128]=Oop }
                      ;*if_icmpge {reexecute=1 rethrow=0 return_oop=0}
                      ; - (reexecute) java.util.ArrayList::indexOfRange@45
                      ; - java.util.ArrayList::indexOf@7
                      ; - java.util.ArrayList::contains@2
                      ; - org.eclipse.osgi.internal.loader.classpath.ClasspathManager::defineClass@319 (line 773)
  0x000001c839235744: b815 6dff 

  0x000001c839235748: ;   {other}
  0x000001c839235748: 0f1f 8400 | 3875 0091 | ba76 ffff | ff48 8b6c | 2450 4c8b | 4424 604c | 8944 2428 | 4c8b 4424 
  0x000001c839235768: 684c 8944 | 2430 4c8b | 4424 484c | 8944 2440 | 4c89 6c24 | 4844 8974 | 245c 4c89 | 5c24 6044 
  0x000001c839235788: 8954 2468 

  0x000001c83923578c: ;   {runtime_call UncommonTrapBlob}
  0x000001c83923578c: c5f8 77e8 

  0x000001c839235790: ; ImmutableOopMap {rbp=Oop [40]=Oop [48]=Oop [64]=Oop [72]=Oop [96]=Oop [104]=NarrowOop [112]=Oop [128]=Oop }
                      ;*if_icmpge {reexecute=1 rethrow=0 return_oop=0}
                      ; - (reexecute) java.util.ArrayList::remove@42
                      ; - org.eclipse.osgi.internal.loader.classpath.ClasspathManager::defineClass@455 (line 781)
  0x000001c839235790: 6c15 6dff 

  0x000001c839235794: ;   {other}
  0x000001c839235794: 0f1f 8400 | 8475 0092 | baf6 ffff | ff4c 8b54 | 2460 4c89 | 5424 284c | 8b54 2468 | 4c89 5424 
  0x000001c8392357b4: 304c 896c | 2440 4489 | 4c24 6448 | 895c 2468 

  0x000001c8392357c4: ;   {runtime_call UncommonTrapBlob}
  0x000001c8392357c4: c5f8 77e8 

  0x000001c8392357c8: ; ImmutableOopMap {[40]=Oop [48]=Oop [64]=Oop [100]=NarrowOop [104]=Oop [112]=Oop [120]=Oop [128]=Oop }
                      ;*invokevirtual get {reexecute=0 rethrow=0 return_oop=0}
                      ; - java.lang.ClassLoader::definePackage@47
                      ; - java.lang.ClassLoader::getDefinedPackage@32
                      ; - java.lang.ClassLoader::getPackage@2
                      ; - org.eclipse.osgi.internal.loader.ModuleClassLoader::publicGetPackage@9 (line 330)
                      ; - org.eclipse.osgi.internal.loader.classpath.ClasspathManager::definePackage@26 (line 825)
                      ; - org.eclipse.osgi.internal.loader.classpath.ClasspathManager::defineClass@9 (line 733)
  0x000001c8392357c8: 3415 6dff 

  0x000001c8392357cc: ;   {other}
  0x000001c8392357cc: 0f1f 8400 | bc75 0093 | bae4 ffff | ff48 8b6c | 2450 4c8b | 5424 484c | 8954 2440 | 895c 2454 
  0x000001c8392357ec: ;   {runtime_call UncommonTrapBlob}
  0x000001c8392357ec: c5f8 77e8 

  0x000001c8392357f0: ; ImmutableOopMap {rbp=Oop [64]=Oop [88]=Oop [96]=Oop [104]=Oop [112]=Oop [128]=Oop [136]=NarrowOop }
                      ;*aastore {reexecute=1 rethrow=0 return_oop=0}
                      ; - (reexecute) java.util.ArrayList::fastRemove@42
                      ; - java.util.ArrayList::remove@71
                      ; - org.eclipse.osgi.internal.loader.classpath.ClasspathManager::defineClass@455 (line 781)
  0x000001c8392357f0: 0c15 6dff 

  0x000001c8392357f4: ;   {other}
  0x000001c8392357f4: 0f1f 8400 | e475 0094 | 4d63 cbe9 | 5f97 ffff | 4983 c1fe | 498b c948 | 8bfa 4833 | c048 83f9 
  0x000001c839235814: 087f 1048 | ffc9 7856 | 4889 04cf | 48ff c97d | f7eb 4bc5 | fdef c0e9 | 0d00 0000 | c5fe 7f07 
  0x000001c839235834: c5fe 7f47 | 2048 83c7 | 4048 83e9 | 087d ed48 | 83c1 047c | 0cc5 fe7f | 0748 83c7 | 2048 83e9 
  0x000001c839235854: 0448 83c1 | 047e 1748 | c7c0 ffff | ffff c4e2 | f0f5 c0c4 | e1fb 92f8 | 62f1 fe2f | 7f07 e9b6 
  0x000001c839235874: 97ff ff41 | 8bf2 498b | d949 8bc8 | 488d 9424 | 0001 0000 | 4d8b c7c5 | f877 49ba | 40d9 5c34 
  0x000001c839235894: f97f 0000 

  0x000001c839235898: ;   {other}
  0x000001c839235898: 41ff d20f | 1f84 0000 | 0000 004c | 8bcb 448b | d6e9 7eb9 | ffff bade | ffff ff4c | 8b54 2450 
  0x000001c8392358b8: 4c89 5424 | 204c 896c | 2450 6690 

  0x000001c8392358c4: ;   {runtime_call UncommonTrapBlob}
  0x000001c8392358c4: c5f8 77e8 

  0x000001c8392358c8: ; ImmutableOopMap {rbp=NarrowOop [32]=Oop [72]=Oop [80]=Oop [96]=Oop [104]=Oop [112]=Oop [128]=Oop }
                      ;*invokeinterface remove {reexecute=0 rethrow=0 return_oop=0}
                      ; - org.eclipse.osgi.internal.loader.classpath.ClasspathManager::defineClass@455 (line 781)
  0x000001c8392358c8: 3414 6dff 

  0x000001c8392358cc: ;   {other}
  0x000001c8392358cc: 0f1f 8400 | bc76 0095 | ba45 ffff | ff4c 8b84 | 2480 0000 | 004c 8944 | 2420 4c8b | 4424 604c 
  0x000001c8392358ec: 8944 2428 | 4c8b 4424 | 684c 8944 | 2430 4c8b | 4424 704c | 8944 2438 | 4c89 6c24 | 404c 8b44 
  0x000001c83923590c: 2478 4c89 | 4424 5044 | 894c 2464 | 4889 5c24 | 7044 895c | 246c 4889 | 5c24 7844 | 8994 2480 
  0x000001c83923592c: 0000 0090 

  0x000001c839235930: ;   {runtime_call UncommonTrapBlob}
  0x000001c839235930: c5f8 77e8 

  0x000001c839235934: ; ImmutableOopMap {[32]=Oop [40]=Oop [48]=Oop [56]=Oop [64]=Oop [80]=Oop [100]=NarrowOop [108]=NarrowOop [112]=Oop [120]=Oop [128]=NarrowOop }
                      ;*ifeq {reexecute=1 rethrow=0 return_oop=0}
                      ; - (reexecute) java.lang.ClassLoader::definePackage@4
                      ; - java.lang.ClassLoader::getDefinedPackage@32
                      ; - java.lang.ClassLoader::getPackage@2
                      ; - org.eclipse.osgi.internal.loader.ModuleClassLoader::publicGetPackage@9 (line 330)
                      ; - org.eclipse.osgi.internal.loader.classpath.ClasspathManager::definePackage@26 (line 825)
                      ; - org.eclipse.osgi.internal.loader.classpath.ClasspathManager::defineClass@9 (line 733)
  0x000001c839235934: c813 6dff 

  0x000001c839235938: ;   {other}
  0x000001c839235938: 0f1f 8400 | 2877 0096 | 4c89 8424 | a800 0000 | 89ac 24a0 | 0000 004c | 63d5 4d8b | c2e9 d5ab 
  0x000001c839235958: ffff 4983 | c3fe 498b | cb49 8bfa | 4833 c048 | 83f9 087f | 1048 ffc9 | 7856 4889 | 04cf 48ff 
  0x000001c839235978: c97d f7eb | 4bc5 fdef | c0e9 0d00 | 0000 c5fe | 7f07 c5fe | 7f47 2048 | 83c7 4048 | 83e9 087d 
  0x000001c839235998: ed48 83c1 | 047c 0cc5 | fe7f 0748 | 83c7 2048 | 83e9 0448 | 83c1 047e | 1748 c7c0 | ffff ffff 
  0x000001c8392359b8: c4e2 f0f5 | c0c4 e1fb | 92f8 62f1 | fe2f 7f07 | e983 acff | ffba deff | ffff 4c8b | 5424 504c 
  0x000001c8392359d8: 8954 2420 | 4c8b 5424 | 604c 8954 | 2430 4c8b | 5424 584c | 8954 2450 | 4c8b 9424 | 9000 0000 
  0x000001c8392359f8: 4c89 5424 | 6066 6690 

  0x000001c839235a00: ;   {runtime_call UncommonTrapBlob}
  0x000001c839235a00: c5f8 77e8 

  0x000001c839235a04: ; ImmutableOopMap {rbp=NarrowOop [32]=Oop [48]=Oop [72]=Oop [80]=Oop [96]=Oop [104]=Oop [112]=Oop [128]=Oop [144]=Oop }
                      ;*checkcast {reexecute=0 rethrow=0 return_oop=0}
                      ; - java.lang.ClassLoader::getNamedPackage@8
                      ; - java.lang.ClassLoader::postDefineClass@9
                      ; - java.lang.ClassLoader::defineClass@37
                      ; - org.eclipse.osgi.internal.loader.ModuleClassLoader::defineClass@37 (line 315)
                      ; - org.eclipse.osgi.internal.loader.classpath.ClasspathManager::defineClass@424 (line 779)
  0x000001c839235a04: f812 6dff 

  0x000001c839235a08: ;   {other}
  0x000001c839235a08: 0f1f 8400 | f877 0097 | bacc ffff | ff48 8b6c | 2450 4c8b | 5424 604c | 8954 2428 | 4c8b 5424 
  0x000001c839235a28: 684c 8954 | 2430 4c8b | 5424 704c | 8954 2438 | 4489 4424 | 5044 895c | 2458 4889 | 5c24 7090 
  0x000001c839235a48: ;   {runtime_call UncommonTrapBlob}
  0x000001c839235a48: c5f8 77e8 

  0x000001c839235a4c: ; ImmutableOopMap {rbp=Oop [40]=Oop [48]=Oop [56]=Oop [80]=NarrowOop [112]=Oop [120]=Oop [128]=Oop }
                      ;*newarray {reexecute=1 rethrow=0 return_oop=0}
                      ; - (reexecute) java.util.Arrays::copyOfRangeByte@10
                      ; - java.util.Arrays::copyOfRange@13
                      ; - java.lang.StringLatin1::newString@16
                      ; - java.lang.String::substring@41
                      ; - org.eclipse.osgi.internal.loader.classpath.ClasspathManager::definePackage@15 (line 824)
                      ; - org.eclipse.osgi.internal.loader.classpath.ClasspathManager::defineClass@9 (line 733)
  0x000001c839235a4c: b012 6dff 

  0x000001c839235a50: ;   {other}
  0x000001c839235a50: 0f1f 8400 | 4078 0098 | bacc ffff | ff48 8b6c | 2450 4c8b | 9424 8000 | 0000 4c89 | 5424 204c 
  0x000001c839235a70: 8b54 2460 | 4c89 5424 | 284c 8b54 | 2468 4c89 | 5424 304c | 8b54 2470 | 4c89 5424 | 384c 8b54 
  0x000001c839235a90: 2448 4c89 | 5424 404c | 8b54 2458 | 4c89 5424 | 4844 8b94 | 2498 0000 | 0044 8954 | 2468 448b 
  0x000001c839235ab0: 9c24 a000 | 0000 4489 | 5c24 704c | 8b94 2490 | 0000 004c | 8994 2480 | 0000 0090 

  0x000001c839235acc: ;   {runtime_call UncommonTrapBlob}
  0x000001c839235acc: c5f8 77e8 

  0x000001c839235ad0: ; ImmutableOopMap {rbp=Oop [32]=Oop [40]=Oop [48]=Oop [56]=Oop [64]=Oop [72]=Oop [104]=NarrowOop [128]=Oop [136]=NarrowOop [156]=NarrowOop [168]=Oop [248]=Oop }
                      ;*newarray {reexecute=1 rethrow=0 return_oop=0}
                      ; - (reexecute) java.util.Arrays::copyOfRangeByte@10
                      ; - java.util.Arrays::copyOfRange@13
                      ; - java.lang.StringLatin1::newString@16
                      ; - java.lang.String::substring@41
                      ; - java.lang.ClassLoader::checkCerts@21
                      ; - java.lang.ClassLoader::preDefineClass@113
                      ; - java.lang.ClassLoader::defineClass@4
                      ; - org.eclipse.osgi.internal.loader.ModuleClassLoader::defineClass@37 (line 315)
                      ; - org.eclipse.osgi.internal.loader.classpath.ClasspathManager::defineClass@424 (line 779)
  0x000001c839235ad0: 2c12 6dff 

  0x000001c839235ad4: ;   {other}
  0x000001c839235ad4: 0f1f 8400 | c478 0099 | ba6e ffff | ff48 8b6c | 2450 4c8b | 5424 604c | 8954 2428 | 4c8b 5424 
  0x000001c839235af4: 684c 8954 | 2430 4c8b | 5424 704c | 8954 2438 | 4c89 6c24 | 404c 8974 | 2448 4c89 | 5c24 5848 
  0x000001c839235b14: 895c 2468 | 4489 4424 | 7089 4c24 | 7466 6690 

  0x000001c839235b24: ;   {runtime_call UncommonTrapBlob}
  0x000001c839235b24: c5f8 77e8 

  0x000001c839235b28: ; ImmutableOopMap {rbp=Oop [40]=Oop [48]=Oop [56]=Oop [64]=Oop [72]=Oop [88]=Oop [104]=Oop [112]=NarrowOop [128]=Oop }
                      ;*if_icmpge {reexecute=1 rethrow=0 return_oop=0}
                      ; - (reexecute) java.util.HashMap$HashIterator::<init>@54
                      ; - java.util.HashMap$KeyIterator::<init>@2
                      ; - java.util.HashMap$KeySet::iterator@8
                      ; - java.util.HashSet::iterator@7
                      ; - java.util.Collections$UnmodifiableCollection$1::<init>@17
                      ; - java.util.Collections$UnmodifiableCollection::iterator@5
                      ; - org.eclipse.osgi.internal.loader.classpath.ClasspathManager::defineClass@576 (line 788)
  0x000001c839235b28: d411 6dff 

  0x000001c839235b2c: ;   {other}
  0x000001c839235b2c: 0f1f 8400 | 1c79 009a | 4c89 4c24 | 3848 8974 | 2430 4c89 | 5c24 288b | 6c24 204c | 896c 2450 
  0x000001c839235b4c: ;   {metadata('java/util/HashMap$KeySet')}
  0x000001c839235b4c: 48ba 8812 | 1a45 c801 | 0000 6690 

  0x000001c839235b58: ;   {runtime_call _new_instance_Java}
  0x000001c839235b58: c5f8 77e8 

  0x000001c839235b5c: ; ImmutableOopMap {[40]=Oop [48]=Oop [56]=Oop [80]=Oop [96]=Oop [104]=Oop [112]=Oop [120]=Oop [128]=Oop }
                      ;*new {reexecute=0 rethrow=0 return_oop=1}
                      ; - java.util.HashMap::keySet@9
                      ; - java.util.HashSet::iterator@4
                      ; - java.util.Collections$UnmodifiableCollection$1::<init>@17
                      ; - java.util.Collections$UnmodifiableCollection::iterator@5
                      ; - org.eclipse.osgi.internal.loader.classpath.ClasspathManager::defineClass@258 (line 764)
  0x000001c839235b5c: a032 78ff 

  0x000001c839235b60: ;   {other}
  0x000001c839235b60: 0f1f 8400 | 5079 009b | 4c8b 6c24 | 5048 8b4c | 2478 896c | 2420 4c8b | 5c24 2848 | 8b74 2430 
  0x000001c839235b80: 4c8b 4c24 | 384c 8bc0 | e9ce d6ff | ff33 ed45 | 85d2 400f | 94c5 ba45 | ffff ff4c | 8b54 2450 
  0x000001c839235ba0: 4c89 5424 | 204c 8b94 | 2480 0000 | 004c 8954 | 2428 4c8b | 5424 604c | 8954 2430 | 4889 7424 
  0x000001c839235bc0: 4048 897c | 2458 4489 | 4c24 7090 

  0x000001c839235bcc: ;   {runtime_call UncommonTrapBlob}
  0x000001c839235bcc: c5f8 77e8 

  0x000001c839235bd0: ; ImmutableOopMap {[32]=Oop [40]=Oop [48]=Oop [64]=Oop [88]=Oop [120]=Oop }
                      ;*ifeq {reexecute=1 rethrow=0 return_oop=0}
                      ; - (reexecute) java.lang.String::lastIndexOf@4
                      ; - java.lang.String::lastIndexOf@8
                      ; - org.eclipse.osgi.internal.loader.classpath.ClasspathManager::definePackage@3 (line 820)
                      ; - org.eclipse.osgi.internal.loader.classpath.ClasspathManager::defineClass@9 (line 733)
  0x000001c839235bd0: 2c11 6dff 

  0x000001c839235bd4: ;   {other}
  0x000001c839235bd4: 0f1f 8400 | c479 009c | ba45 ffff | ff48 8b6c | 2450 4c8b | 5424 684c | 8954 2430 | 4c8b 5424 
  0x000001c839235bf4: 704c 8954 | 2438 4c8b | 5424 484c | 8954 2440 | 4c8b 5424 | 584c 8954 | 2448 4c89 | 4c24 504c 
  0x000001c839235c14: 8b54 2460 | 4c89 5424 | 584c 894c | 2468 448b | 8424 8800 | 0000 4c89 | 9c24 8000 | 0000 458b 
  0x000001c839235c34: d044 8954 | 2474 899c | 2488 0000 | 0066 6690 

  0x000001c839235c44: ;   {runtime_call UncommonTrapBlob}
  0x000001c839235c44: c5f8 77e8 

  0x000001c839235c48: ; ImmutableOopMap {rbp=Oop [48]=Oop [56]=Oop [64]=Oop [72]=Oop [80]=Oop [88]=Oop [104]=Oop [116]=NarrowOop [128]=Oop }
                      ;*if_icmpne {reexecute=1 rethrow=0 return_oop=0}
                      ; - (reexecute) java.lang.ClassLoader::checkName@20
                      ; - java.lang.ClassLoader::findLoadedClass@1
                      ; - org.eclipse.osgi.internal.loader.ModuleClassLoader::defineClass@17 (line 313)
                      ; - org.eclipse.osgi.internal.loader.classpath.ClasspathManager::defineClass@424 (line 779)
  0x000001c839235c48: b410 6dff 

  0x000001c839235c4c: ;   {other}
  0x000001c839235c4c: 0f1f 8400 | 3c7a 009d | ba45 ffff | ff48 8b6c | 2450 4c89 | 6c24 304c | 8b5c 2470 | 4c89 5c24 
  0x000001c839235c6c: 384c 8b5c | 2448 4c89 | 5c24 404c | 8b5c 2458 | 4c89 5c24 | 484c 8944 | 2450 4889 | 7424 584c 
  0x000001c839235c8c: 8944 2460 | 4c8b 9c24 | 9000 0000 | 4c89 5c24 | 7044 8b84 | 2488 0000 | 0044 8954 | 247c 458b 
  0x000001c839235cac: d044 8994 | 2480 0000 | 0044 898c | 2484 0000 | 0089 9c24 | 8800 0000 

  0x000001c839235cc4: ;   {runtime_call UncommonTrapBlob}
  0x000001c839235cc4: c5f8 77e8 

  0x000001c839235cc8: ; ImmutableOopMap {rbp=Oop [48]=Oop [56]=Oop [64]=Oop [72]=Oop [80]=Oop [88]=Oop [96]=Oop [112]=Oop [128]=NarrowOop [132]=NarrowOop [144]=Oop }
                      ;*if_icmpne {reexecute=1 rethrow=0 return_oop=0}
                      ; - (reexecute) java.lang.ClassLoader::checkName@20
                      ; - java.lang.ClassLoader::preDefineClass@1
                      ; - java.lang.ClassLoader::defineClass@4
                      ; - org.eclipse.osgi.internal.loader.ModuleClassLoader::defineClass@37 (line 315)
                      ; - org.eclipse.osgi.internal.loader.classpath.ClasspathManager::defineClass@424 (line 779)
  0x000001c839235cc8: 3410 6dff 

  0x000001c839235ccc: ;   {other}
  0x000001c839235ccc: 0f1f 8400 | bc7a 009e | 33ed 4585 | db40 0f94 | c5ba 45ff | ffff 4c8b | 5c24 504c | 895c 2420 
  0x000001c839235cec: 4c8b 9c24 | 8000 0000 | 4c89 5c24 | 284c 896c | 2438 4c8b | 5c24 704c | 895c 2440 | 4c8b 5c24 
  0x000001c839235d0c: 584c 895c | 2450 4c8b | 9c24 9000 | 0000 4c89 | 9c24 8000 | 0000 4489 | 9424 a000 | 0000 6690 
  0x000001c839235d2c: ;   {runtime_call UncommonTrapBlob}
  0x000001c839235d2c: c5f8 77e8 

  0x000001c839235d30: ; ImmutableOopMap {[32]=Oop [40]=Oop [56]=Oop [64]=Oop [72]=Oop [80]=Oop [96]=Oop [128]=Oop [136]=NarrowOop [156]=NarrowOop [248]=Oop }
                      ;*ifeq {reexecute=1 rethrow=0 return_oop=0}
                      ; - (reexecute) java.lang.String::lastIndexOf@4
                      ; - java.lang.String::lastIndexOf@8
                      ; - java.lang.ClassLoader::checkCerts@3
                      ; - java.lang.ClassLoader::preDefineClass@113
                      ; - java.lang.ClassLoader::defineClass@4
                      ; - org.eclipse.osgi.internal.loader.ModuleClassLoader::defineClass@37 (line 315)
                      ; - org.eclipse.osgi.internal.loader.classpath.ClasspathManager::defineClass@424 (line 779)
  0x000001c839235d30: cc0f 6dff 

  0x000001c839235d34: ;   {other}
  0x000001c839235d34: 0f1f 8400 | 247b 009f | ba45 ffff | ff4c 8b5c | 2450 498b | eb4c 8b9c | 2480 0000 | 004c 895c 
  0x000001c839235d54: 2420 4c8b | 5c24 604c | 895c 2428 | 4c8b 5c24 | 684c 895c | 2430 4c8b | 5c24 704c | 895c 2438 
  0x000001c839235d74: 4c8b 5c24 | 484c 895c | 2440 4c8b | 5c24 584c | 895c 2448 | 4489 5424 | 7444 8954 | 2478 448b 
  0x000001c839235d94: 9c24 9c00 | 0000 4489 | 9c24 9800 | 0000 898c | 24a8 0000 | 0066 6690 

  0x000001c839235dac: ;   {runtime_call UncommonTrapBlob}
  0x000001c839235dac: c5f8 77e8 

  0x000001c839235db0: ; ImmutableOopMap {rbp=Oop [32]=Oop [40]=Oop [48]=Oop [56]=Oop [64]=Oop [72]=Oop [136]=NarrowOop [144]=Oop [152]=NarrowOop [248]=Oop }
                      ;*if_icmpgt {reexecute=1 rethrow=0 return_oop=0}
                      ; - (reexecute) jdk.internal.util.Preconditions::checkFromToIndex@6
                      ; - java.lang.String::checkBoundsBeginEnd@6
                      ; - java.lang.String::substring@8
                      ; - java.lang.ClassLoader::checkCerts@21
                      ; - java.lang.ClassLoader::preDefineClass@113
                      ; - java.lang.ClassLoader::defineClass@4
                      ; - org.eclipse.osgi.internal.loader.ModuleClassLoader::defineClass@37 (line 315)
                      ; - org.eclipse.osgi.internal.loader.classpath.ClasspathManager::defineClass@424 (line 779)
  0x000001c839235db0: 4c0f 6dff 

  0x000001c839235db4: ;   {other}
  0x000001c839235db4: 0f1f 8400 | a47b 00a0 | ba45 ffff | ff4c 8b94 | 2480 0000 | 004c 8954 | 2420 4c8b | 5424 604c 
  0x000001c839235dd4: 8954 2428 | 4c8b 5424 | 684c 8954 | 2430 4c8b | 5424 704c | 8954 2438 | 4c89 6c24 | 404c 8b54 
  0x000001c839235df4: 2478 4c89 | 5424 5044 | 894c 2464 | 4889 5c24 | 7044 895c | 246c 4889 | 5c24 7844 | 8984 2480 
  0x000001c839235e14: 0000 0090 

  0x000001c839235e18: ;   {runtime_call UncommonTrapBlob}
  0x000001c839235e18: c5f8 77e8 

  0x000001c839235e1c: ; ImmutableOopMap {[32]=Oop [40]=Oop [48]=Oop [56]=Oop [64]=Oop [80]=Oop [100]=NarrowOop [108]=NarrowOop [112]=Oop [120]=Oop }
                      ;*ifle {reexecute=1 rethrow=0 return_oop=0}
                      ; - (reexecute) java.util.concurrent.ConcurrentHashMap::get@23
                      ; - java.lang.ClassLoader::getDefinedPackage@13
                      ; - java.lang.ClassLoader::getPackage@2
                      ; - org.eclipse.osgi.internal.loader.ModuleClassLoader::publicGetPackage@9 (line 330)
                      ; - org.eclipse.osgi.internal.loader.classpath.ClasspathManager::definePackage@26 (line 825)
                      ; - org.eclipse.osgi.internal.loader.classpath.ClasspathManager::defineClass@9 (line 733)
  0x000001c839235e1c: e00e 6dff 

  0x000001c839235e20: ;   {other}
  0x000001c839235e20: 0f1f 8400 | 107c 00a1 | ba45 ffff | ff48 8b6c | 2450 4489 | 5c24 4090 

  0x000001c839235e38: ;   {runtime_call UncommonTrapBlob}
  0x000001c839235e38: c5f8 77e8 

  0x000001c839235e3c: ; ImmutableOopMap {rbp=Oop [96]=Oop [104]=Oop [112]=Oop [120]=Oop [128]=Oop }
                      ;*ifge {reexecute=1 rethrow=0 return_oop=0}
                      ; - (reexecute) org.eclipse.osgi.internal.loader.classpath.ClasspathManager::definePackage@8 (line 821)
                      ; - org.eclipse.osgi.internal.loader.classpath.ClasspathManager::defineClass@9 (line 733)
  0x000001c839235e3c: c00e 6dff 

  0x000001c839235e40: ;   {other}
  0x000001c839235e40: 0f1f 8400 | 307c 00a2 | ba45 ffff | ff48 8b6c | 2450 4c8b | 9424 8000 | 0000 4c89 | 5424 204c 
  0x000001c839235e60: 8b54 2460 | 4c89 5424 | 284c 8b54 | 2468 4c89 | 5424 304c | 8b54 2470 | 4c89 5424 | 3844 895c 
  0x000001c839235e80: 245c 4489 | 5c24 6089 | 4c24 7089 | 4c24 7490 

  0x000001c839235e90: ;   {runtime_call UncommonTrapBlob}
  0x000001c839235e90: c5f8 77e8 

  0x000001c839235e94: ; ImmutableOopMap {rbp=Oop [32]=Oop [40]=Oop [48]=Oop [56]=Oop [120]=Oop }
                      ;*if_icmple {reexecute=1 rethrow=0 return_oop=0}
                      ; - (reexecute) jdk.internal.util.Preconditions::checkFromToIndex@11
                      ; - java.lang.String::checkBoundsBeginEnd@6
                      ; - java.lang.String::substring@8
                      ; - org.eclipse.osgi.internal.loader.classpath.ClasspathManager::definePackage@15 (line 824)
                      ; - org.eclipse.osgi.internal.loader.classpath.ClasspathManager::defineClass@9 (line 733)
  0x000001c839235e94: 680e 6dff 

  0x000001c839235e98: ;   {other}
  0x000001c839235e98: 0f1f 8400 | 887c 00a3 | ba45 ffff | ff4c 896c | 2420 4c89 | 5c24 4890 

  0x000001c839235eb0: ;   {runtime_call UncommonTrapBlob}
  0x000001c839235eb0: c5f8 77e8 

  0x000001c839235eb4: ; ImmutableOopMap {[32]=Oop [72]=Oop [96]=Oop [104]=Oop [112]=Oop [120]=Oop [128]=Oop }
                      ;*ifne {reexecute=1 rethrow=0 return_oop=0}
                      ; - (reexecute) org.eclipse.osgi.internal.loader.classpath.ClasspathManager::defineClass@57 (line 741)
  0x000001c839235eb4: 480e 6dff 

  0x000001c839235eb8: ;   {other}
  0x000001c839235eb8: 0f1f 8400 | a87c 00a4 | ba45 ffff | ff48 8b6c | 2450 4c8b | 4424 684c | 8944 2430 | 4c8b 4424 
  0x000001c839235ed8: 704c 8944 | 2438 4c8b | 4424 484c | 8944 2440 | 4c8b 4424 | 584c 8944 | 2448 4c89 | 4c24 504c 
  0x000001c839235ef8: 8b44 2460 | 4c89 4424 | 584c 894c | 2468 448b | 8c24 8800 | 0000 4c89 | 9c24 8000 | 0000 4489 
  0x000001c839235f18: 4c24 7444 | 8994 2488 | 0000 0090 

  0x000001c839235f24: ;   {runtime_call UncommonTrapBlob}
  0x000001c839235f24: c5f8 77e8 

  0x000001c839235f28: ; ImmutableOopMap {rbp=Oop [48]=Oop [56]=Oop [64]=Oop [72]=Oop [80]=Oop [88]=Oop [104]=Oop [116]=NarrowOop [128]=Oop }
                      ;*if_icmpne {reexecute=1 rethrow=0 return_oop=0}
                      ; - (reexecute) java.lang.ClassLoader::checkName@30
                      ; - java.lang.ClassLoader::findLoadedClass@1
                      ; - org.eclipse.osgi.internal.loader.ModuleClassLoader::defineClass@17 (line 313)
                      ; - org.eclipse.osgi.internal.loader.classpath.ClasspathManager::defineClass@424 (line 779)
  0x000001c839235f28: d40d 6dff 

  0x000001c839235f2c: ;   {other}
  0x000001c839235f2c: 0f1f 8400 | 1c7d 00a5 | ba45 ffff | ff48 8b6c | 2450 4c8b | 8424 8000 | 0000 4c89 | 4424 204c 
  0x000001c839235f4c: 8b44 2460 | 4c89 4424 | 284c 8b44 | 2468 4c89 | 4424 304c | 8b44 2470 | 4c89 4424 | 384c 8b44 
  0x000001c839235f6c: 2448 4c89 | 4424 404c | 8b44 2458 | 4c89 4424 | 484c 8b84 | 2490 0000 | 004c 8944 | 2458 4c89 
  0x000001c839235f8c: 5424 7044 | 894c 246c | 4889 9c24 | 8000 0000 | 898c 2488 | 0000 0044 | 899c 248c | 0000 0090 
  0x000001c839235fac: ;   {runtime_call UncommonTrapBlob}
  0x000001c839235fac: c5f8 77e8 

  0x000001c839235fb0: ; ImmutableOopMap {rbp=Oop [32]=Oop [40]=Oop [48]=Oop [56]=Oop [64]=Oop [72]=Oop [88]=Oop [108]=NarrowOop [112]=Oop [128]=Oop [136]=NarrowOop [144]=Oop [152]=Oop }
                      ;*ifle {reexecute=1 rethrow=0 return_oop=0}
                      ; - (reexecute) java.util.concurrent.ConcurrentHashMap::get@23
                      ; - java.lang.ClassLoader::getNamedPackage@5
                      ; - java.lang.ClassLoader::postDefineClass@9
                      ; - java.lang.ClassLoader::defineClass@37
                      ; - org.eclipse.osgi.internal.loader.ModuleClassLoader::defineClass@37 (line 315)
                      ; - org.eclipse.osgi.internal.loader.classpath.ClasspathManager::defineClass@424 (line 779)
  0x000001c839235fb0: 4c0d 6dff 

  0x000001c839235fb4: ;   {other}
  0x000001c839235fb4: 0f1f 8400 | a47d 00a6 | ba45 ffff | ff48 8b6c | 2450 4c89 | 6c24 304c | 8b5c 2470 | 4c89 5c24 
  0x000001c839235fd4: 384c 8b5c | 2448 4c89 | 5c24 404c | 8b5c 2458 | 4c89 5c24 | 484c 8944 | 2450 4889 | 7424 584c 
  0x000001c839235ff4: 8944 2460 | 4c8b 9c24 | 9000 0000 | 4c89 5c24 | 7044 8b9c | 2488 0000 | 0044 8954 | 247c 4489 
  0x000001c839236014: 9c24 8000 | 0000 4489 | 8c24 8400 | 0000 899c | 2488 0000 | 0066 6690 

  0x000001c83923602c: ;   {runtime_call UncommonTrapBlob}
  0x000001c83923602c: c5f8 77e8 

  0x000001c839236030: ; ImmutableOopMap {rbp=Oop [48]=Oop [56]=Oop [64]=Oop [72]=Oop [80]=Oop [88]=Oop [96]=Oop [112]=Oop [128]=NarrowOop [132]=NarrowOop [144]=Oop }
                      ;*if_icmpne {reexecute=1 rethrow=0 return_oop=0}
                      ; - (reexecute) java.lang.ClassLoader::checkName@30
                      ; - java.lang.ClassLoader::preDefineClass@1
                      ; - java.lang.ClassLoader::defineClass@4
                      ; - org.eclipse.osgi.internal.loader.ModuleClassLoader::defineClass@37 (line 315)
                      ; - org.eclipse.osgi.internal.loader.classpath.ClasspathManager::defineClass@424 (line 779)
  0x000001c839236030: cc0c 6dff 

  0x000001c839236034: ;   {other}
  0x000001c839236034: 0f1f 8400 | 247e 00a7 | ba45 ffff | ff4c 8b5c | 2450 498b | eb4c 8b9c | 2480 0000 | 004c 895c 
  0x000001c839236054: 2420 4c8b | 5c24 604c | 895c 2428 | 4c8b 5c24 | 684c 895c | 2430 4c8b | 5c24 704c | 895c 2438 
  0x000001c839236074: 4c8b 5c24 | 484c 895c | 2440 4c8b | 5c24 584c | 895c 2448 | 4489 5424 | 684c 8b94 | 2490 0000 
  0x000001c839236094: 004c 8954 | 2478 448b | 9c24 8800 | 0000 458b | d344 8994 | 2484 0000 | 0066 6690 

  0x000001c8392360b0: ;   {runtime_call UncommonTrapBlob}
  0x000001c8392360b0: c5f8 77e8 

  0x000001c8392360b4: ; ImmutableOopMap {rbp=Oop [32]=Oop [40]=Oop [48]=Oop [56]=Oop [64]=Oop [72]=Oop [120]=Oop [132]=NarrowOop [156]=NarrowOop [248]=Oop }
                      ;*if_icmpne {reexecute=1 rethrow=0 return_oop=0}
                      ; - (reexecute) java.lang.ClassLoader::checkCerts@9
                      ; - java.lang.ClassLoader::preDefineClass@113
                      ; - java.lang.ClassLoader::defineClass@4
                      ; - org.eclipse.osgi.internal.loader.ModuleClassLoader::defineClass@37 (line 315)
                      ; - org.eclipse.osgi.internal.loader.classpath.ClasspathManager::defineClass@424 (line 779)
  0x000001c8392360b4: 480c 6dff 

  0x000001c8392360b8: ;   {other}
  0x000001c8392360b8: 0f1f 8400 | a87e 00a8 | ba45 ffff | ff4c 8b5c | 2450 498b | eb4c 8b9c | 2480 0000 | 004c 895c 
  0x000001c8392360d8: 2420 4c8b | 5c24 604c | 895c 2428 | 4c8b 5c24 | 684c 895c | 2430 4c8b | 5c24 704c | 895c 2438 
  0x000001c8392360f8: 4c8b 5c24 | 484c 895c | 2440 4c8b | 5c24 584c | 895c 2448 | 4489 5424 | 7444 8954 | 2478 448b 
  0x000001c839236118: 9c24 9c00 | 0000 4489 | 9c24 9800 | 0000 898c | 24a8 0000 | 0089 8c24 | ac00 0000 

  0x000001c839236134: ;   {runtime_call UncommonTrapBlob}
  0x000001c839236134: c5f8 77e8 

  0x000001c839236138: ; ImmutableOopMap {rbp=Oop [32]=Oop [40]=Oop [48]=Oop [56]=Oop [64]=Oop [72]=Oop [136]=NarrowOop [144]=Oop [152]=NarrowOop [248]=Oop }
                      ;*if_icmple {reexecute=1 rethrow=0 return_oop=0}
                      ; - (reexecute) jdk.internal.util.Preconditions::checkFromToIndex@11
                      ; - java.lang.String::checkBoundsBeginEnd@6
                      ; - java.lang.String::substring@8
                      ; - java.lang.ClassLoader::checkCerts@21
                      ; - java.lang.ClassLoader::preDefineClass@113
                      ; - java.lang.ClassLoader::defineClass@4
                      ; - org.eclipse.osgi.internal.loader.ModuleClassLoader::defineClass@37 (line 315)
                      ; - org.eclipse.osgi.internal.loader.classpath.ClasspathManager::defineClass@424 (line 779)
  0x000001c839236138: c40b 6dff 

  0x000001c83923613c: ;   {other}
  0x000001c83923613c: 0f1f 8400 | 2c7f 00a9 | ba45 ffff | ff49 8bed | 4c8b 4424 | 604c 8944 | 2428 4c89 | 5c24 4848 
  0x000001c83923615c: 8974 2450 | 4c89 5424 | 5844 894c | 2460 6690 

  0x000001c83923616c: ;   {runtime_call UncommonTrapBlob}
  0x000001c83923616c: c5f8 77e8 

  0x000001c839236170: ; ImmutableOopMap {rbp=Oop [40]=Oop [72]=Oop [80]=Oop [88]=Oop [104]=Oop [112]=Oop [128]=Oop }
                      ;*if_icmpge {reexecute=1 rethrow=0 return_oop=0}
                      ; - (reexecute) java.util.HashMap$HashIterator::<init>@54
                      ; - java.util.HashMap$KeyIterator::<init>@2
                      ; - java.util.HashMap$KeySet::iterator@8
                      ; - java.util.HashSet::iterator@7
                      ; - java.util.Collections$UnmodifiableCollection$1::<init>@17
                      ; - java.util.Collections$UnmodifiableCollection::iterator@5
                      ; - org.eclipse.osgi.internal.loader.classpath.ClasspathManager::defineClass@258 (line 764)
  0x000001c839236170: 8c0b 6dff 

  0x000001c839236174: ;   {other}
  0x000001c839236174: 0f1f 8400 | 647f 00aa | ba45 ffff | ff48 8b6c | 2450 4c8b | 5424 384c | 8954 2420 | 4c8b 5424 
  0x000001c839236194: 404c 8954 | 2428 4c8b | 5424 684c | 8954 2430 | 4c8b 5424 | 704c 8954 | 2438 4c8b | 5424 484c 
  0x000001c8392361b4: 8954 2440 | 4c8b 5424 | 584c 8954 | 2448 4c8b | 9424 9000 | 0000 4c89 | 5424 7044 | 8b94 2488 
  0x000001c8392361d4: 0000 0044 | 8954 2478 | 4489 8c24 | 8800 0000 

  0x000001c8392361e4: ;   {runtime_call UncommonTrapBlob}
  0x000001c8392361e4: c5f8 77e8 

  0x000001c8392361e8: ; ImmutableOopMap {rbp=Oop [32]=Oop [40]=Oop [48]=Oop [56]=Oop [64]=Oop [72]=Oop [112]=Oop [120]=NarrowOop [144]=Oop [248]=Oop }
                      ;*ifne {reexecute=1 rethrow=0 return_oop=0}
                      ; - (reexecute) java.lang.ClassLoader::compareCerts@7
                      ; - java.lang.ClassLoader::checkCerts@80
                      ; - java.lang.ClassLoader::preDefineClass@113
                      ; - java.lang.ClassLoader::defineClass@4
                      ; - org.eclipse.osgi.internal.loader.ModuleClassLoader::defineClass@37 (line 315)
                      ; - org.eclipse.osgi.internal.loader.classpath.ClasspathManager::defineClass@424 (line 779)
  0x000001c8392361e8: 140b 6dff 

  0x000001c8392361ec: ;   {other}
  0x000001c8392361ec: 0f1f 8400 | dc7f 00ab | ba76 ffff | ff4c 8b5c | 2450 498b | eb4c 8b9c | 2480 0000 | 004c 895c 
  0x000001c83923620c: 2420 4c8b | 5c24 604c | 895c 2428 | 4c8b 5c24 | 684c 895c | 2430 4c8b | 5c24 704c | 895c 2438 
  0x000001c83923622c: 4c8b 5c24 | 484c 895c | 2440 4c8b | 5c24 584c | 895c 2448 | 894c 2450 | 4489 4424 | 584c 8b9c 
  0x000001c83923624c: 2490 0000 | 004c 895c | 2468 4c89 | 5424 784c | 8b9c 2498 | 0000 004c | 899c 2480 | 0000 004c 
  0x000001c83923626c: 8994 2490 | 0000 004c | 898c 2498 | 0000 0090 

  0x000001c83923627c: ;   {runtime_call UncommonTrapBlob}
  0x000001c83923627c: c5f8 77e8 

  0x000001c839236280: ; ImmutableOopMap {rbp=Oop [32]=Oop [40]=Oop [48]=Oop [56]=Oop [64]=Oop [72]=Oop [80]=NarrowOop [104]=Oop [120]=Oop [128]=Oop [136]=NarrowOop [144]=Oop [152]=Oop }
                      ;*iflt {reexecute=1 rethrow=0 return_oop=0}
                      ; - (reexecute) java.lang.StringLatin1::lastIndexOf@19
                      ; - java.lang.String::lastIndexOf@13
                      ; - java.lang.String::lastIndexOf@8
                      ; - java.lang.Class::getPackageName@47
                      ; - java.lang.ClassLoader::postDefineClass@2
                      ; - java.lang.ClassLoader::defineClass@37
                      ; - org.eclipse.osgi.internal.loader.ModuleClassLoader::defineClass@37 (line 315)
                      ; - org.eclipse.osgi.internal.loader.classpath.ClasspathManager::defineClass@424 (line 779)
  0x000001c839236280: 7c0a 6dff 

  0x000001c839236284: ;   {other}
  0x000001c839236284: 0f1f 8400 | 7480 00ac | ba45 ffff | ff48 8b6c | 2450 4c8b | 9c24 8000 | 0000 4c89 | 5c24 204c 
  0x000001c8392362a4: 8b5c 2460 | 4c89 5c24 | 284c 8b5c | 2468 4c89 | 5c24 304c | 8b5c 2470 | 4c89 5c24 | 384c 8b5c 
  0x000001c8392362c4: 2448 4c89 | 5c24 404c | 8b5c 2458 | 4c89 5c24 | 484c 8b9c | 2490 0000 | 004c 895c | 2458 448b 
  0x000001c8392362e4: 8424 8800 | 0000 4889 | 4424 7044 | 8944 246c | 4889 8424 | 8000 0000 

  0x000001c8392362fc: ;   {runtime_call UncommonTrapBlob}
  0x000001c8392362fc: c5f8 77e8 

  0x000001c839236300: ; ImmutableOopMap {rbp=Oop [32]=Oop [40]=Oop [48]=Oop [56]=Oop [64]=Oop [72]=Oop [88]=Oop [108]=NarrowOop [112]=Oop [128]=Oop [136]=NarrowOop [144]=Oop [152]=Oop }
                      ;*ifeq {reexecute=1 rethrow=0 return_oop=0}
                      ; - (reexecute) java.lang.Class::getPackageName@13
                      ; - java.lang.ClassLoader::postDefineClass@2
                      ; - java.lang.ClassLoader::defineClass@37
                      ; - org.eclipse.osgi.internal.loader.ModuleClassLoader::defineClass@37 (line 315)
                      ; - org.eclipse.osgi.internal.loader.classpath.ClasspathManager::defineClass@424 (line 779)
  0x000001c839236300: fc09 6dff 

  0x000001c839236304: ;   {other}
  0x000001c839236304: 0f1f 8400 | f480 00ad | ba6e ffff | ff4c 8b5c | 2450 498b | eb4c 8b9c | 2480 0000 | 004c 895c 
  0x000001c839236324: 2420 4c8b | 5c24 604c | 895c 2428 | 4c8b 5c24 | 684c 895c | 2430 4c8b | 5c24 704c | 895c 2438 
  0x000001c839236344: 4c8b 5c24 | 484c 895c | 2440 4c8b | 5c24 584c | 895c 2448 | 894c 2450 | 4489 4424 | 584c 8b9c 
  0x000001c839236364: 2490 0000 | 004c 895c | 2468 4c89 | 5424 784c | 8b9c 2498 | 0000 004c | 899c 2480 | 0000 004c 
  0x000001c839236384: 8994 2490 | 0000 004c | 898c 2498 | 0000 0090 

  0x000001c839236394: ;   {runtime_call UncommonTrapBlob}
  0x000001c839236394: c5f8 77e8 

  0x000001c839236398: ; ImmutableOopMap {rbp=Oop [32]=Oop [40]=Oop [48]=Oop [56]=Oop [64]=Oop [72]=Oop [80]=NarrowOop [104]=Oop [120]=Oop [128]=Oop [136]=NarrowOop [144]=Oop [152]=Oop }
                      ;*iflt {reexecute=1 rethrow=0 return_oop=0}
                      ; - (reexecute) java.lang.StringLatin1::lastIndexOf@19
                      ; - java.lang.String::lastIndexOf@13
                      ; - java.lang.String::lastIndexOf@8
                      ; - java.lang.Class::getPackageName@47
                      ; - java.lang.ClassLoader::postDefineClass@2
                      ; - java.lang.ClassLoader::defineClass@37
                      ; - org.eclipse.osgi.internal.loader.ModuleClassLoader::defineClass@37 (line 315)
                      ; - org.eclipse.osgi.internal.loader.classpath.ClasspathManager::defineClass@424 (line 779)
  0x000001c839236398: 6409 6dff 

  0x000001c83923639c: ;   {other}
  0x000001c83923639c: 0f1f 8400 | 8c81 00ae | ba45 ffff | ff4c 8b54 | 2450 4c89 | 5424 204c | 8b54 2440 | 4c89 5424 
  0x000001c8392363bc: 284c 8b54 | 2468 4c89 | 5424 384c | 8b54 2470 | 4c89 5424 | 404c 8b54 | 2458 4c89 | 5424 504c 
  0x000001c8392363dc: 8b94 2490 | 0000 004c | 8954 2470 | 448b 9c24 | 8800 0000 | 4489 5c24 | 7844 898c | 2488 0000 
  0x000001c8392363fc: 0066 6690 

  0x000001c839236400: ;   {runtime_call UncommonTrapBlob}
  0x000001c839236400: c5f8 77e8 

  0x000001c839236404: ; ImmutableOopMap {rbp=NarrowOop [32]=Oop [40]=Oop [56]=Oop [64]=Oop [72]=Oop [80]=Oop [96]=Oop [112]=Oop [120]=NarrowOop [136]=NarrowOop [152]=Oop [160]=Oop }
                      ;*ifnull {reexecute=1 rethrow=0 return_oop=0}
                      ; - (reexecute) java.net.URLStreamHandler::toExternalForm@68
                      ; - java.net.URL::toExternalForm@5
                      ; - java.net.URL::toString@1
                      ; - java.lang.ClassLoader::defineClassSourceLocation@22
                      ; - java.lang.ClassLoader::defineClass@12
                      ; - org.eclipse.osgi.internal.loader.ModuleClassLoader::defineClass@37 (line 315)
                      ; - org.eclipse.osgi.internal.loader.classpath.ClasspathManager::defineClass@424 (line 779)
  0x000001c839236404: f808 6dff 

  0x000001c839236408: ;   {other}
  0x000001c839236408: 0f1f 8400 | f881 00af | ba45 ffff | ff4c 8b54 | 2450 4c89 | 5424 204c | 8b54 2440 | 4c89 5424 
  0x000001c839236428: 284c 8b54 | 2468 4c89 | 5424 384c | 8b54 2470 | 4c89 5424 | 404c 8b54 | 2458 4c89 | 5424 504c 
  0x000001c839236448: 8b94 2490 | 0000 004c | 8954 2470 | 448b 9c24 | 8800 0000 | 4489 5c24 | 7844 8984 | 2488 0000 
  0x000001c839236468: 0066 6690 

  0x000001c83923646c: ;   {runtime_call UncommonTrapBlob}
  0x000001c83923646c: c5f8 77e8 

  0x000001c839236470: ; ImmutableOopMap {rbp=NarrowOop [32]=Oop [40]=Oop [56]=Oop [64]=Oop [72]=Oop [80]=Oop [96]=Oop [112]=Oop [120]=NarrowOop [136]=NarrowOop [152]=Oop [160]=Oop }
                      ;*ifnull {reexecute=1 rethrow=0 return_oop=0}
                      ; - (reexecute) java.net.URLStreamHandler::toExternalForm@86
                      ; - java.net.URL::toExternalForm@5
                      ; - java.net.URL::toString@1
                      ; - java.lang.ClassLoader::defineClassSourceLocation@22
                      ; - java.lang.ClassLoader::defineClass@12
                      ; - org.eclipse.osgi.internal.loader.ModuleClassLoader::defineClass@37 (line 315)
                      ; - org.eclipse.osgi.internal.loader.classpath.ClasspathManager::defineClass@424 (line 779)
  0x000001c839236470: 8c08 6dff 

  0x000001c839236474: ;   {other}
  0x000001c839236474: 0f1f 8400 | 6482 00b0 | ba45 ffff | ff4c 8b54 | 2450 4c89 | 5424 204c | 8b94 2480 | 0000 004c 
  0x000001c839236494: 8954 2428 | 4c8b 5424 | 684c 8954 | 2438 4c8b | 5424 704c | 8954 2440 | 4c8b 5424 | 584c 8954 
  0x000001c8392364b4: 2450 4c8b | 9424 9000 | 0000 4c89 | 5424 7044 | 8b9c 2488 | 0000 0044 | 895c 2478 | 448b 9424 
  0x000001c8392364d4: 8c00 0000 | 4489 5424 | 7c66 6690 

  0x000001c8392364e0: ;   {runtime_call UncommonTrapBlob}
  0x000001c8392364e0: c5f8 77e8 

  0x000001c8392364e4: ; ImmutableOopMap {rbp=NarrowOop [32]=Oop [40]=Oop [56]=Oop [64]=Oop [72]=Oop [80]=Oop [96]=Oop [112]=Oop [120]=NarrowOop [144]=Oop [152]=Oop [160]=Oop }
                      ;*ifnull {reexecute=1 rethrow=0 return_oop=0}
                      ; - (reexecute) java.net.URLStreamHandler::toExternalForm@122
                      ; - java.net.URL::toExternalForm@5
                      ; - java.net.URL::toString@1
                      ; - java.lang.ClassLoader::defineClassSourceLocation@22
                      ; - java.lang.ClassLoader::defineClass@12
                      ; - org.eclipse.osgi.internal.loader.ModuleClassLoader::defineClass@37 (line 315)
                      ; - org.eclipse.osgi.internal.loader.classpath.ClasspathManager::defineClass@424 (line 779)
  0x000001c8392364e4: 1808 6dff 

  0x000001c8392364e8: ;   {other}
  0x000001c8392364e8: 0f1f 8400 | d882 00b1 | 4c89 4c24 | 404c 895c | 2438 4c89 | 7424 3049 

  0x000001c839236500: ;   {metadata('java/util/HashMap$KeySet')}
  0x000001c839236500: 8bed 48ba | 8812 1a45 | c801 0000 

  0x000001c83923650c: ;   {runtime_call _new_instance_Java}
  0x000001c83923650c: c5f8 77e8 

  0x000001c839236510: ; ImmutableOopMap {rbp=Oop [48]=Oop [56]=Oop [64]=Oop [80]=Oop [96]=Oop [104]=Oop [112]=Oop [128]=Oop }
                      ;*new {reexecute=0 rethrow=0 return_oop=1}
                      ; - java.util.HashMap::keySet@9
                      ; - java.util.HashSet::iterator@4
                      ; - java.util.Collections$UnmodifiableCollection$1::<init>@17
                      ; - java.util.Collections$UnmodifiableCollection::iterator@5
                      ; - org.eclipse.osgi.internal.loader.classpath.ClasspathManager::defineClass@576 (line 788)
  0x000001c839236510: ec28 78ff 

  0x000001c839236514: ;   {other}
  0x000001c839236514: 0f1f 8400 | 0483 00b2 | 4c8b ed4c | 8b74 2430 | 4c8b 5c24 | 384c 8b4c | 2440 4c8b | d0e9 afcd 
  0x000001c839236534: ffff ba45 | ffff ff48 | 8b8c 2480 | 0000 0048 | 894c 2420 | 488b 4c24 | 6048 894c | 2428 488b 
  0x000001c839236554: 4c24 6848 | 894c 2430 | 488b 4c24 | 7048 894c | 2438 4c89 | 6c24 4048 | 8b4c 2478 | 4889 4c24 
  0x000001c839236574: 5044 894c | 2464 4889 | 5c24 7044 | 895c 246c | 4889 5c24 | 7844 8994 | 2480 0000 | 0044 8984 
  0x000001c839236594: 2484 0000 | 0066 6690 

  0x000001c83923659c: ;   {runtime_call UncommonTrapBlob}
  0x000001c83923659c: c5f8 77e8 

  0x000001c8392365a0: ; ImmutableOopMap {[32]=Oop [40]=Oop [48]=Oop [56]=Oop [64]=Oop [80]=Oop [100]=NarrowOop [108]=NarrowOop [112]=Oop [120]=Oop [128]=NarrowOop }
                      ;*ifle {reexecute=1 rethrow=0 return_oop=0}
                      ; - (reexecute) java.util.concurrent.ConcurrentHashMap::get@23
                      ; - java.lang.ClassLoader::definePackage@47
                      ; - java.lang.ClassLoader::getDefinedPackage@32
                      ; - java.lang.ClassLoader::getPackage@2
                      ; - org.eclipse.osgi.internal.loader.ModuleClassLoader::publicGetPackage@9 (line 330)
                      ; - org.eclipse.osgi.internal.loader.classpath.ClasspathManager::definePackage@26 (line 825)
                      ; - org.eclipse.osgi.internal.loader.classpath.ClasspathManager::defineClass@9 (line 733)
  0x000001c8392365a0: 5c07 6dff 

  0x000001c8392365a4: ;   {other}
  0x000001c8392365a4: 0f1f 8400 | 9483 00b3 | ba45 ffff | ff48 8b6c | 2450 4c8b | 5424 604c | 8954 2428 | 4c8b 5424 
  0x000001c8392365c4: 684c 8954 | 2430 4c89 | 6c24 404c | 8974 2448 | 4c89 5c24 | 5848 895c | 2460 894c | 2468 6690 
  0x000001c8392365e4: ;   {runtime_call UncommonTrapBlob}
  0x000001c8392365e4: c5f8 77e8 

  0x000001c8392365e8: ; ImmutableOopMap {rbp=Oop [40]=Oop [48]=Oop [64]=Oop [72]=Oop [88]=Oop [96]=Oop [112]=Oop [128]=Oop }
                      ;*if_icmpge {reexecute=1 rethrow=0 return_oop=0}
                      ; - (reexecute) java.util.HashMap$HashIterator::<init>@54
                      ; - java.util.HashMap$KeyIterator::<init>@2
                      ; - java.util.HashMap$KeySet::iterator@8
                      ; - java.util.HashSet::iterator@7
                      ; - java.util.Collections$UnmodifiableCollection$1::<init>@17
                      ; - java.util.Collections$UnmodifiableCollection::iterator@5
                      ; - org.eclipse.osgi.internal.loader.classpath.ClasspathManager::defineClass@576 (line 788)
  0x000001c8392365e8: 1407 6dff 

  0x000001c8392365ec: ;   {other}
  0x000001c8392365ec: 0f1f 8400 | dc83 00b4 | 4d63 c3e9 | daa6 ffff | 4983 c2fe | 498b ca48 | 8bfa 4833 | c048 83f9 
  0x000001c83923660c: 087f 1048 | ffc9 7856 | 4889 04cf | 48ff c97d | f7eb 4bc5 | fdef c0e9 | 0d00 0000 | c5fe 7f07 
  0x000001c83923662c: c5fe 7f47 | 2048 83c7 | 4048 83e9 | 087d ed48 | 83c1 047c | 0cc5 fe7f | 0748 83c7 | 2048 83e9 
  0x000001c83923664c: 0448 83c1 | 047e 1748 | c7c0 ffff | ffff c4e2 | f0f5 c0c4 | e1fb 92f8 | 62f1 fe2f | 7f07 e96c 
  0x000001c83923666c: a7ff ffba | ccff ffff | 488b 6c24 | 504c 8b84 | 2480 0000 | 004c 8944 | 2420 4c8b | 4424 604c 
  0x000001c83923668c: 8944 2428 | 4c8b 4424 | 684c 8944 | 2430 4c8b | 4424 704c | 8944 2438 | 4c8b 4424 | 484c 8944 
  0x000001c8392366ac: 2440 4c8b | 4424 584c | 8944 2448 | 894c 2450 | 4489 5c24 | 584c 8b9c | 2490 0000 | 004c 895c 
  0x000001c8392366cc: 2468 4c89 | 5424 784c | 8b9c 2498 | 0000 004c | 899c 2480 | 0000 004c | 8994 2490 

  0x000001c8392366e8: ;   {no_reloc}
  0x000001c8392366e8: 0000 004c | 898c 24a0 | 0000 0090 

  0x000001c8392366f4: ;   {runtime_call UncommonTrapBlob}
  0x000001c8392366f4: c5f8 77e8 

  0x000001c8392366f8: ; ImmutableOopMap {rbp=Oop [32]=Oop [40]=Oop [48]=Oop [56]=Oop [64]=Oop [72]=Oop [80]=NarrowOop [104]=Oop [120]=Oop [128]=Oop [136]=NarrowOop [144]=Oop [160]=Oop }
                      ;*newarray {reexecute=1 rethrow=0 return_oop=0}
                      ; - (reexecute) java.util.Arrays::copyOfRangeByte@10
                      ; - java.util.Arrays::copyOfRange@13
                      ; - java.lang.StringLatin1::newString@16
                      ; - java.lang.String::substring@41
                      ; - java.lang.Class::getPackageName@62
                      ; - java.lang.ClassLoader::postDefineClass@2
                      ; - java.lang.ClassLoader::defineClass@37
                      ; - org.eclipse.osgi.internal.loader.ModuleClassLoader::defineClass@37 (line 315)
                      ; - org.eclipse.osgi.internal.loader.classpath.ClasspathManager::defineClass@424 (line 779)
  0x000001c8392366f8: 0406 6dff 

  0x000001c8392366fc: ;   {other}
  0x000001c8392366fc: 0f1f 8400 | ec84 00b5 | baf6 ffff | ff48 8b6c | 2450 4c8b | 5424 484c | 8954 2440 | 4c8b 5424 
  0x000001c83923671c: 584c 8954 | 2448 4c8b | 9424 9000 | 0000 4c89 | 5424 5890 

  0x000001c839236730: ;   {runtime_call UncommonTrapBlob}
  0x000001c839236730: c5f8 77e8 

  0x000001c839236734: ; ImmutableOopMap {rbp=Oop [64]=Oop [72]=Oop [88]=Oop [96]=Oop [104]=Oop [112]=Oop [128]=Oop [144]=Oop }
                      ;*invokevirtual isNamed {reexecute=0 rethrow=0 return_oop=0}
                      ; - java.lang.NamedPackage::<init>@12
                      ; - java.lang.ClassLoader::getNamedPackage@22
                      ; - java.lang.ClassLoader::postDefineClass@9
                      ; - java.lang.ClassLoader::defineClass@37
                      ; - org.eclipse.osgi.internal.loader.ModuleClassLoader::defineClass@37 (line 315)
                      ; - org.eclipse.osgi.internal.loader.classpath.ClasspathManager::defineClass@424 (line 779)
  0x000001c839236734: c805 6dff 

  0x000001c839236738: ;   {other}
  0x000001c839236738: 0f1f 8400 | 2885 00b6 | baf6 ffff | ff48 8b6c | 2450 4c8b | 5424 604c | 8954 2428 | 4c8b 5424 
  0x000001c839236758: 484c 8954 | 2440 4c8b | 5424 584c | 8954 2448 | 4c8b 9424 | 9000 0000 | 4c89 5424 | 5866 6690 
  0x000001c839236778: ;   {runtime_call UncommonTrapBlob}
  0x000001c839236778: c5f8 77e8 

  0x000001c83923677c: ; ImmutableOopMap {rbp=Oop [40]=Oop [64]=Oop [72]=Oop [88]=Oop [104]=Oop [112]=Oop [128]=Oop [136]=NarrowOop [144]=Oop }
                      ;*invokevirtual append {reexecute=0 rethrow=0 return_oop=0}
                      ; - java.lang.NamedPackage::<init>@35
                      ; - java.lang.ClassLoader::getNamedPackage@22
                      ; - java.lang.ClassLoader::postDefineClass@9
                      ; - java.lang.ClassLoader::defineClass@37
                      ; - org.eclipse.osgi.internal.loader.ModuleClassLoader::defineClass@37 (line 315)
                      ; - org.eclipse.osgi.internal.loader.classpath.ClasspathManager::defineClass@424 (line 779)
  0x000001c83923677c: 8005 6dff 

  0x000001c839236780: ;   {other}
  0x000001c839236780: 0f1f 8400 | 7085 00b7 | baf6 ffff | ff48 8b6c | 2450 4c8b | 5424 484c | 8954 2440 | 4c8b 5424 
  0x000001c8392367a0: 584c 8954 | 2448 4c8b | 9424 9000 | 0000 4c89 | 5424 5890 

  0x000001c8392367b4: ;   {runtime_call UncommonTrapBlob}
  0x000001c8392367b4: c5f8 77e8 

  0x000001c8392367b8: ; ImmutableOopMap {rbp=Oop [64]=Oop [72]=Oop [88]=Oop [96]=Oop [104]=Oop [112]=Oop [128]=Oop [144]=Oop }
                      ;*invokevirtual toString {reexecute=0 rethrow=0 return_oop=0}
                      ; - java.lang.NamedPackage::<init>@38
                      ; - java.lang.ClassLoader::getNamedPackage@22
                      ; - java.lang.ClassLoader::postDefineClass@9
                      ; - java.lang.ClassLoader::defineClass@37
                      ; - org.eclipse.osgi.internal.loader.ModuleClassLoader::defineClass@37 (line 315)
                      ; - org.eclipse.osgi.internal.loader.classpath.ClasspathManager::defineClass@424 (line 779)
  0x000001c8392367b8: 4405 6dff 

  0x000001c8392367bc: ;   {other}
  0x000001c8392367bc: 0f1f 8400 | ac85 00b8 | 488b 8c24 | 9000 0000 | 488d 9424 | 0001 0000 | 4d8b c7c5 | f877 49ba 
  0x000001c8392367dc: 40d9 5c34 | f97f 0000 

  0x000001c8392367e4: ;   {other}
  0x000001c8392367e4: 41ff d20f | 1f84 0000 | 0000 00e9 | 3fb9 ffff | 33ed 4585 | c040 0f94 | c5ba 45ff | ffff 4c8b 
  0x000001c839236804: 5c24 504c | 895c 2420 | 4c8b 9c24 | 8000 0000 | 4c89 5c24 | 284c 8b5c | 2460 4c89 | 5c24 304c 
  0x000001c839236824: 8b5c 2468 | 4c89 5c24 | 384c 8b5c | 2470 4c89 | 5c24 404c | 8b5c 2458 | 4c89 5c24 | 504c 8b9c 
  0x000001c839236844: 2490 0000 | 004c 895c | 2460 448b | 8424 8800 | 0000 4c89 | 5424 784c | 8b9c 2498 | 0000 004c 
  0x000001c839236864: 899c 2480 | 0000 0044 | 8944 2474 | 4c89 9424 | 8800 0000 | 4c89 8c24 | 9800 0000 | 8984 24a0 
  0x000001c839236884: 0000 0090 

  0x000001c839236888: ;   {runtime_call UncommonTrapBlob}
  0x000001c839236888: c5f8 77e8 

  0x000001c83923688c: ; ImmutableOopMap {[32]=Oop [40]=Oop [48]=Oop [56]=Oop [64]=Oop [72]=Oop [80]=Oop [96]=Oop [116]=NarrowOop [120]=Oop [128]=Oop [136]=Oop [152]=Oop }
                      ;*ifeq {reexecute=1 rethrow=0 return_oop=0}
                      ; - (reexecute) java.lang.String::lastIndexOf@4
                      ; - java.lang.String::lastIndexOf@8
                      ; - java.lang.Class::getPackageName@47
                      ; - java.lang.ClassLoader::postDefineClass@2
                      ; - java.lang.ClassLoader::defineClass@37
                      ; - org.eclipse.osgi.internal.loader.ModuleClassLoader::defineClass@37 (line 315)
                      ; - org.eclipse.osgi.internal.loader.classpath.ClasspathManager::defineClass@424 (line 779)
  0x000001c83923688c: 7004 6dff 

  0x000001c839236890: ;   {other}
  0x000001c839236890: 0f1f 8400 | 8086 00b9 | ba45 ffff | ff48 8b6c | 2450 4c8b | 8424 8000 | 0000 4c89 | 4424 204c 
  0x000001c8392368b0: 8b44 2460 | 4c89 4424 | 284c 8b44 | 2468 4c89 | 4424 304c | 8b44 2470 | 4c89 4424 | 384c 8b44 
  0x000001c8392368d0: 2448 4c89 | 4424 404c | 8b44 2458 | 4c89 4424 | 4844 895c | 2454 4489 | 5c24 584c | 8b9c 2490 
  0x000001c8392368f0: 0000 004c | 895c 2468 | 4c89 5424 | 784c 8b9c | 2498 0000 | 004c 899c | 2480 0000 | 004c 8994 
  0x000001c839236910: 2490 0000 | 004c 898c | 2498 0000 | 0089 9c24 | a000 0000 

  0x000001c839236924: ;   {runtime_call UncommonTrapBlob}
  0x000001c839236924: c5f8 77e8 

  0x000001c839236928: ; ImmutableOopMap {rbp=Oop [32]=Oop [40]=Oop [48]=Oop [56]=Oop [64]=Oop [72]=Oop [104]=Oop [120]=Oop [128]=Oop [136]=NarrowOop [144]=Oop [152]=Oop }
                      ;*if_icmpgt {reexecute=1 rethrow=0 return_oop=0}
                      ; - (reexecute) jdk.internal.util.Preconditions::checkFromToIndex@6
                      ; - java.lang.String::checkBoundsBeginEnd@6
                      ; - java.lang.String::substring@8
                      ; - java.lang.Class::getPackageName@62
                      ; - java.lang.ClassLoader::postDefineClass@2
                      ; - java.lang.ClassLoader::defineClass@37
                      ; - org.eclipse.osgi.internal.loader.ModuleClassLoader::defineClass@37 (line 315)
                      ; - org.eclipse.osgi.internal.loader.classpath.ClasspathManager::defineClass@424 (line 779)
  0x000001c839236928: d403 6dff 

  0x000001c83923692c: ;   {other}
  0x000001c83923692c: 0f1f 8400 | 1c87 00ba | ba45 ffff | ff48 8b6c | 2450 4c8b | 8424 8000 | 0000 4c89 | 4424 204c 
  0x000001c83923694c: 8b44 2460 | 4c89 4424 | 284c 8b44 | 2468 4c89 | 4424 304c | 8b44 2470 | 4c89 4424 | 384c 8b44 
  0x000001c83923696c: 2448 4c89 | 4424 404c | 8b44 2458 | 4c89 4424 | 4844 895c | 2450 4c8b | 9c24 9000 | 0000 4c89 
  0x000001c83923698c: 5c24 6044 | 8b9c 2488 | 0000 0044 | 895c 2454 | 4c89 5424 | 704c 8994 | 2488 0000 | 0066 6690 
  0x000001c8392369ac: ;   {runtime_call UncommonTrapBlob}
  0x000001c8392369ac: c5f8 77e8 

  0x000001c8392369b0: ; ImmutableOopMap {rbp=Oop [32]=Oop [40]=Oop [48]=Oop [56]=Oop [64]=Oop [72]=Oop [84]=NarrowOop [96]=Oop [112]=Oop [136]=Oop [144]=Oop [152]=Oop }
                      ;*if_icmpeq {reexecute=1 rethrow=0 return_oop=0}
                      ; - (reexecute) java.lang.Class::getPackageName@55
                      ; - java.lang.ClassLoader::postDefineClass@2
                      ; - java.lang.ClassLoader::defineClass@37
                      ; - org.eclipse.osgi.internal.loader.ModuleClassLoader::defineClass@37 (line 315)
                      ; - org.eclipse.osgi.internal.loader.classpath.ClasspathManager::defineClass@424 (line 779)
  0x000001c8392369b0: 4c03 6dff 

  0x000001c8392369b4: ;   {other}
  0x000001c8392369b4: 0f1f 8400 | a487 00bb | ba45 ffff | ff48 8b6c | 2450 4c8b | 8424 8000 | 0000 4c89 | 4424 204c 
  0x000001c8392369d4: 8b44 2460 | 4c89 4424 | 284c 8b44 | 2468 4c89 | 4424 304c | 8b44 2470 | 4c89 4424 | 384c 8b44 
  0x000001c8392369f4: 2448 4c89 | 4424 404c | 8b44 2458 | 4c89 4424 | 4844 895c | 2454 4489 | 5c24 584c | 8b9c 2490 
  0x000001c839236a14: 0000 004c | 895c 2468 | 4c89 5424 | 784c 8b9c | 2498 0000 | 004c 899c | 2480 0000 | 004c 8994 
  0x000001c839236a34: 2490 0000 | 004c 898c | 2498 0000 | 0089 9c24 | a000 0000 | 899c 24a4 | 0000 0090 

  0x000001c839236a50: ;   {runtime_call UncommonTrapBlob}
  0x000001c839236a50: c5f8 77e8 

  0x000001c839236a54: ; ImmutableOopMap {rbp=Oop [32]=Oop [40]=Oop [48]=Oop [56]=Oop [64]=Oop [72]=Oop [104]=Oop [120]=Oop [128]=Oop [136]=NarrowOop [144]=Oop [152]=Oop }
                      ;*if_icmple {reexecute=1 rethrow=0 return_oop=0}
                      ; - (reexecute) jdk.internal.util.Preconditions::checkFromToIndex@11
                      ; - java.lang.String::checkBoundsBeginEnd@6
                      ; - java.lang.String::substring@8
                      ; - java.lang.Class::getPackageName@62
                      ; - java.lang.ClassLoader::postDefineClass@2
                      ; - java.lang.ClassLoader::defineClass@37
                      ; - org.eclipse.osgi.internal.loader.ModuleClassLoader::defineClass@37 (line 315)
                      ; - org.eclipse.osgi.internal.loader.classpath.ClasspathManager::defineClass@424 (line 779)
  0x000001c839236a54: a802 6dff 

  0x000001c839236a58: ;   {other}
  0x000001c839236a58: 0f1f 8400 | 4888 00bc | 4d63 c8e9 | d2b8 ffff | ba45 ffff | ff4c 8b84 | 2480 0000 | 004c 8944 
  0x000001c839236a78: 2428 4c8b | 4424 604c | 8944 2430 | 4c8b 4424 | 684c 8944 | 2438 4c8b | 4424 704c | 8944 2440 
  0x000001c839236a98: 4c89 6c24 | 484c 8b44 | 2478 4c89 | 4424 5844 | 894c 246c | 4889 5c24 | 7844 895c | 2474 4889 
  0x000001c839236ab8: 9c24 8000 | 0000 8984 | 2490 0000 | 0044 8994 | 2494 0000 | 0066 6690 

  0x000001c839236ad0: ;   {runtime_call UncommonTrapBlob}
  0x000001c839236ad0: c5f8 77e8 

  0x000001c839236ad4: ; ImmutableOopMap {[40]=Oop [48]=Oop [56]=Oop [64]=Oop [72]=Oop [88]=Oop [108]=NarrowOop [116]=NarrowOop [120]=Oop [128]=Oop [144]=NarrowOop }
                      ;*ifge {reexecute=1 rethrow=0 return_oop=0}
                      ; - (reexecute) java.util.concurrent.ConcurrentHashMap::get@86
                      ; - java.lang.ClassLoader::getDefinedPackage@13
                      ; - java.lang.ClassLoader::getPackage@2
                      ; - org.eclipse.osgi.internal.loader.ModuleClassLoader::publicGetPackage@9 (line 330)
                      ; - org.eclipse.osgi.internal.loader.classpath.ClasspathManager::definePackage@26 (line 825)
                      ; - org.eclipse.osgi.internal.loader.classpath.ClasspathManager::defineClass@9 (line 733)
  0x000001c839236ad4: 2802 6dff 

  0x000001c839236ad8: ;   {other}
  0x000001c839236ad8: 0f1f 8400 | c888 00bd | ba45 ffff | ff4c 8b54 | 2450 4c89 | 5424 204c | 8b94 2480 | 0000 004c 
  0x000001c839236af8: 8954 2428 | 4c8b 5424 | 604c 8954 | 2430 4c8b | 5424 684c | 8954 2438 | 4c8b 5424 | 704c 8954 
  0x000001c839236b18: 2440 4c8b | 5424 584c | 8954 2450 | 4c8b 9424 | 9000 0000 | 4c89 5424 | 604c 8b94 | 24a0 0000 
  0x000001c839236b38: 0044 8b9c | 2488 0000 | 004c 8954 | 2478 4c8b | 9424 9800 | 0000 4c89 | 9424 8000 | 0000 4489 
  0x000001c839236b58: 5c24 7489 | 8c24 8800 | 0000 4889 | 9c24 9800 | 0000 4489 | 8c24 8c00 | 0000 6690 

  0x000001c839236b74: ;   {runtime_call UncommonTrapBlob}
  0x000001c839236b74: c5f8 77e8 

  0x000001c839236b78: ; ImmutableOopMap {[32]=Oop [40]=Oop [48]=Oop [56]=Oop [64]=Oop [72]=Oop [80]=Oop [96]=Oop [116]=NarrowOop [120]=Oop [128]=Oop [136]=NarrowOop [140]=NarrowOop [152]=Oop [168]=Oop }
                      ;*ifge {reexecute=1 rethrow=0 return_oop=0}
                      ; - (reexecute) java.util.concurrent.ConcurrentHashMap::get@86
                      ; - java.lang.ClassLoader::getNamedPackage@5
                      ; - java.lang.ClassLoader::postDefineClass@9
                      ; - java.lang.ClassLoader::defineClass@37
                      ; - org.eclipse.osgi.internal.loader.ModuleClassLoader::defineClass@37 (line 315)
                      ; - org.eclipse.osgi.internal.loader.classpath.ClasspathManager::defineClass@424 (line 779)
  0x000001c839236b78: 8401 6dff 

  0x000001c839236b7c: ;   {other}
  0x000001c839236b7c: 0f1f 8400 | 6c89 00be | baf6 ffff | ff49 8bed | 4889 5c24 | 4866 6690 

  0x000001c839236b94: ;   {runtime_call UncommonTrapBlob}
  0x000001c839236b94: c5f8 77e8 

  0x000001c839236b98: ; ImmutableOopMap {rbp=Oop [72]=Oop [96]=Oop [104]=Oop [112]=Oop [120]=Oop [128]=Oop }
                      ;*invokevirtual manifestPackageAttributesFor {reexecute=0 rethrow=0 return_oop=0}
                      ; - org.eclipse.osgi.internal.loader.classpath.ClasspathManager::definePackage@77 (line 836)
                      ; - org.eclipse.osgi.internal.loader.classpath.ClasspathManager::defineClass@9 (line 733)
  0x000001c839236b98: 6401 6dff 

  0x000001c839236b9c: ;   {other}
  0x000001c839236b9c: 0f1f 8400 | 8c89 00bf | baf6 ffff | ff48 895c | 2420 4c8b | 5424 604c | 8954 2430 | 4c8b 5424 
  0x000001c839236bbc: 684c 8954 | 2438 4489 | 4c24 5844 | 895c 245c | 894c 2460 | 897c 2464 | 4489 4424 | 6866 6690 
  0x000001c839236bdc: ;   {runtime_call UncommonTrapBlob}
  0x000001c839236bdc: c5f8 77e8 

  0x000001c839236be0: ; ImmutableOopMap {rbp=NarrowOop [32]=Oop [48]=Oop [56]=Oop [72]=Oop [88]=NarrowOop [92]=NarrowOop [96]=NarrowOop [100]=NarrowOop [104]=NarrowOop [112]=Oop [120]=Oop [128]=Oop }
                      ;*invokevirtual publicDefinePackage {reexecute=0 rethrow=0 return_oop=0}
                      ; - org.eclipse.osgi.internal.loader.classpath.ClasspathManager::definePackage@157 (line 849)
                      ; - org.eclipse.osgi.internal.loader.classpath.ClasspathManager::defineClass@9 (line 733)
  0x000001c839236be0: 1c01 6dff 

  0x000001c839236be4: ;   {other}
  0x000001c839236be4: 0f1f 8400 | d489 00c0 | ba45 ffff | ff4c 8b84 | 2480 0000 | 004c 8944 | 2428 4c8b | 4424 604c 
  0x000001c839236c04: 8944 2430 | 4c8b 4424 | 684c 8944 | 2438 4c8b | 4424 704c | 8944 2440 | 4c89 6c24 | 484c 8b44 
  0x000001c839236c24: 2478 4c89 | 4424 5844 | 894c 246c | 4889 5c24 | 7844 895c | 2474 4889 | 9c24 8000 | 0000 4489 
  0x000001c839236c44: 9424 8800 | 0000 8984 | 248c 0000 | 0089 b424 | 9800 0000 

  0x000001c839236c58: ;   {runtime_call UncommonTrapBlob}
  0x000001c839236c58: c5f8 77e8 

  0x000001c839236c5c: ; ImmutableOopMap {[40]=Oop [48]=Oop [56]=Oop [64]=Oop [72]=Oop [88]=Oop [108]=NarrowOop [116]=NarrowOop [120]=Oop [128]=Oop [136]=NarrowOop [140]=NarrowOop }
                      ;*ifge {reexecute=1 rethrow=0 return_oop=0}
                      ; - (reexecute) java.util.concurrent.ConcurrentHashMap::get@86
                      ; - java.lang.ClassLoader::definePackage@47
                      ; - java.lang.ClassLoader::getDefinedPackage@32
                      ; - java.lang.ClassLoader::getPackage@2
                      ; - org.eclipse.osgi.internal.loader.ModuleClassLoader::publicGetPackage@9 (line 330)
                      ; - org.eclipse.osgi.internal.loader.classpath.ClasspathManager::definePackage@26 (line 825)
                      ; - org.eclipse.osgi.internal.loader.classpath.ClasspathManager::defineClass@9 (line 733)
  0x000001c839236c5c: a000 6dff 

  0x000001c839236c60: ;   {other}
  0x000001c839236c60: 0f1f 8400 | 508a 00c1 | 4c89 4424 | 288b 6c24 | 204c 896c 

  0x000001c839236c74: ;   {metadata('java/util/ArrayList')}
  0x000001c839236c74: 2450 48ba | d089 0b45 | c801 0000 

  0x000001c839236c80: ;   {runtime_call _new_instance_Java}
  0x000001c839236c80: c5f8 77e8 

  0x000001c839236c84: ; ImmutableOopMap {[40]=Oop [80]=Oop [96]=Oop [104]=Oop [112]=Oop [120]=Oop [128]=Oop }
                      ;*new {reexecute=0 rethrow=0 return_oop=1}
                      ; - org.eclipse.osgi.internal.loader.classpath.ClasspathManager$DefineContext::<init>@5 (line 705)
                      ; - org.eclipse.osgi.internal.loader.classpath.ClasspathManager::defineClass@33 (line 736)
  0x000001c839236c84: 7821 78ff 

  0x000001c839236c88: ;   {other}
  0x000001c839236c88: 0f1f 8400 | 788a 00c2 | 4c8b 6c24 | 5089 6c24 | 204c 8b44 | 2428 488b | c8e9 9bc7 | ffff 4c89 
  0x000001c839236ca8: 4424 288b | 6c24 204c | 896c 2450 

  0x000001c839236cb4: ;   {metadata('java/util/ArrayList')}
  0x000001c839236cb4: 48ba d089 | 0b45 c801 | 0000 6690 

  0x000001c839236cc0: ;   {runtime_call _new_instance_Java}
  0x000001c839236cc0: c5f8 77e8 

  0x000001c839236cc4: ; ImmutableOopMap {[40]=Oop [80]=Oop [96]=Oop [104]=Oop [112]=Oop [120]=Oop [128]=Oop }
                      ;*new {reexecute=0 rethrow=0 return_oop=1}
                      ; - org.eclipse.osgi.internal.loader.classpath.ClasspathManager$DefineContext::<init>@17 (line 706)
                      ; - org.eclipse.osgi.internal.loader.classpath.ClasspathManager::defineClass@33 (line 736)
  0x000001c839236cc4: 3821 78ff 

  0x000001c839236cc8: ;   {other}
  0x000001c839236cc8: 0f1f 8400 | b88a 00c3 | 4c8b 6c24 | 5089 6c24 | 204c 8b44 | 2428 488b | c8e9 58c8 | ffff 8b6c 
  0x000001c839236ce8: 2420 4c89 

  0x000001c839236cec: ;   {metadata('org/eclipse/osgi/internal/loader/classpath/ClasspathManager$DefineContext')}
  0x000001c839236cec: 6c24 5048 | bac8 3412 | 46c8 0100 | 0066 6690 

  0x000001c839236cfc: ;   {runtime_call _new_instance_Java}
  0x000001c839236cfc: c5f8 77e8 

  0x000001c839236d00: ; ImmutableOopMap {[80]=Oop [96]=Oop [104]=Oop [112]=Oop [120]=Oop [128]=Oop }
                      ;*new {reexecute=0 rethrow=0 return_oop=1}
                      ; - org.eclipse.osgi.internal.loader.classpath.ClasspathManager::defineClass@29 (line 736)
  0x000001c839236d00: fc20 78ff 

  0x000001c839236d04: ;   {other}
  0x000001c839236d04: 0f1f 8400 | f48a 00c4 | 4c8b 6c24 | 5089 6c24 | 20e9 d5c6 | ffff 4889 | 4c24 304c | 8944 2428 
  0x000001c839236d24: 8b6c 2420 | 4c89 6c24 

  0x000001c839236d2c: ;   {metadata('java/lang/Object'[])}
  0x000001c839236d2c: 5048 ba70 | 1200 45c8 | 0100 0041 | b805 0000 | 0066 6690 

  0x000001c839236d40: ;   {runtime_call _new_array_Java}
  0x000001c839236d40: c5f8 77e8 

  0x000001c839236d44: ; ImmutableOopMap {[40]=Oop [48]=Oop [80]=Oop [96]=Oop [104]=Oop [112]=Oop [120]=Oop [128]=Oop }
                      ;*anewarray {reexecute=0 rethrow=0 return_oop=1}
                      ; - java.util.ArrayList::<init>@10
                      ; - org.eclipse.osgi.internal.loader.classpath.ClasspathManager$DefineContext::<init>@22 (line 706)
                      ; - org.eclipse.osgi.internal.loader.classpath.ClasspathManager::defineClass@33 (line 736)
  0x000001c839236d44: 381a 78ff 

  0x000001c839236d48: ;   {other}
  0x000001c839236d48: 0f1f 8400 | 388b 00c5 | 4c8b 6c24 | 5089 6c24 | 204c 8b44 | 2428 488b | 4c24 30e9 | 4cc8 ffff 
  0x000001c839236d68: 4889 4c24 | 304c 8944 | 2428 8b6c | 2420 4c89 

  0x000001c839236d78: ;   {metadata('java/lang/Object'[])}
  0x000001c839236d78: 6c24 5048 | ba70 1200 | 45c8 0100 | 0041 b805 | 0000 0090 

  0x000001c839236d8c: ;   {runtime_call _new_array_Java}
  0x000001c839236d8c: c5f8 77e8 

  0x000001c839236d90: ; ImmutableOopMap {[40]=Oop [48]=Oop [80]=Oop [96]=Oop [104]=Oop [112]=Oop [120]=Oop [128]=Oop }
                      ;*anewarray {reexecute=0 rethrow=0 return_oop=1}
                      ; - java.util.ArrayList::<init>@10
                      ; - org.eclipse.osgi.internal.loader.classpath.ClasspathManager$DefineContext::<init>@10 (line 705)
                      ; - org.eclipse.osgi.internal.loader.classpath.ClasspathManager::defineClass@33 (line 736)
  0x000001c839236d90: ec19 78ff 

  0x000001c839236d94: ;   {other}
  0x000001c839236d94: 0f1f 8400 | 848b 00c6 | 4c8b 6c24 | 5089 6c24 | 204c 8b44 | 2428 488b | 4c24 30e9 | 03c7 ffff 
  0x000001c839236db4: ba45 ffff | ff4c 8b84 | 2480 0000 | 004c 8944 | 2428 4c8b | 4424 604c | 8944 2430 | 4c8b 4424 
  0x000001c839236dd4: 684c 8944 | 2438 4c8b | 4424 704c | 8944 2440 | 4c89 6c24 | 484c 8b44 | 2478 4c89 | 4424 5844 
  0x000001c839236df4: 894c 246c | 4889 5c24 | 7844 895c | 2474 4889 | 9c24 8000 | 0000 8984 | 2490 0000 | 0044 8994 
  0x000001c839236e14: 2494 0000 | 0066 6690 

  0x000001c839236e1c: ;   {runtime_call UncommonTrapBlob}
  0x000001c839236e1c: c5f8 77e8 

  0x000001c839236e20: ; ImmutableOopMap {rbp=NarrowOop [40]=Oop [48]=Oop [56]=Oop [64]=Oop [72]=Oop [88]=Oop [108]=NarrowOop [116]=NarrowOop [120]=Oop [128]=Oop [144]=NarrowOop }
                      ;*ifnull {reexecute=1 rethrow=0 return_oop=0}
                      ; - (reexecute) java.util.concurrent.ConcurrentHashMap::get@67
                      ; - java.lang.ClassLoader::getDefinedPackage@13
                      ; - java.lang.ClassLoader::getPackage@2
                      ; - org.eclipse.osgi.internal.loader.ModuleClassLoader::publicGetPackage@9 (line 330)
                      ; - org.eclipse.osgi.internal.loader.classpath.ClasspathManager::definePackage@26 (line 825)
                      ; - org.eclipse.osgi.internal.loader.classpath.ClasspathManager::defineClass@9 (line 733)
  0x000001c839236e20: dcfe 6cff 

  0x000001c839236e24: ;   {other}
  0x000001c839236e24: 0f1f 8400 | 148c 00c7 | ba45 ffff | ff4c 8b54 | 2450 4c89 | 5424 204c | 8b94 2480 | 0000 004c 
  0x000001c839236e44: 8954 2428 | 4c8b 5424 | 604c 8954 | 2430 4c8b | 5424 684c | 8954 2438 | 4c8b 5424 | 704c 8954 
  0x000001c839236e64: 2440 4c8b | 5424 584c | 8954 2450 | 4c8b 9424 | 9000 0000 | 4c89 5424 | 604c 8b94 | 24a0 0000 
  0x000001c839236e84: 0044 8b9c | 2488 0000 | 004c 8954 | 2478 4c8b | 9424 9800 | 0000 4c89 | 9424 8000 | 0000 4489 
  0x000001c839236ea4: 5c24 7489 | 8c24 8800 | 0000 4889 | 9c24 9800 | 0000 6690 

  0x000001c839236eb8: ;   {runtime_call UncommonTrapBlob}
  0x000001c839236eb8: c5f8 77e8 

  0x000001c839236ebc: ; ImmutableOopMap {rbp=NarrowOop [32]=Oop [40]=Oop [48]=Oop [56]=Oop [64]=Oop [72]=Oop [80]=Oop [96]=Oop [116]=NarrowOop [120]=Oop [128]=Oop [136]=NarrowOop [152]=Oop [168]=Oop [180]=NarrowOop }
                      ;*ifnull {reexecute=1 rethrow=0 return_oop=0}
                      ; - (reexecute) java.util.concurrent.ConcurrentHashMap::get@67
                      ; - java.lang.ClassLoader::getNamedPackage@5
                      ; - java.lang.ClassLoader::postDefineClass@9
                      ; - java.lang.ClassLoader::defineClass@37
                      ; - org.eclipse.osgi.internal.loader.ModuleClassLoader::defineClass@37 (line 315)
                      ; - org.eclipse.osgi.internal.loader.classpath.ClasspathManager::defineClass@424 (line 779)
  0x000001c839236ebc: 40fe 6cff 

  0x000001c839236ec0: ;   {other}
  0x000001c839236ec0: 0f1f 8400 | b08c 00c8 | 33ed 4585 | d240 0f94 | c5ba 45ff | ffff 4c8b | 9424 8000 | 0000 4c89 
  0x000001c839236ee0: 5424 284c | 8b54 2460 | 4c89 5424 | 304c 8b54 | 2468 4c89 | 5424 384c | 8b54 2470 | 4c89 5424 
  0x000001c839236f00: 404c 896c | 2448 4c8b | 5424 784c | 8954 2458 | 4489 4c24 | 6c48 ffb4 | 2488 0000 | 0048 8f44 
  0x000001c839236f20: 2478 4489 | 5c24 7448 | ffb4 2488 | 0000 0048 | 8f84 2480 | 0000 0089 | b424 8800 | 0000 6690 
  0x000001c839236f40: ;   {runtime_call UncommonTrapBlob}
  0x000001c839236f40: c5f8 77e8 

  0x000001c839236f44: ; ImmutableOopMap {[40]=Oop [48]=Oop [56]=Oop [64]=Oop [72]=Oop [88]=Oop [108]=NarrowOop [116]=NarrowOop [120]=Oop [128]=Oop [136]=NarrowOop }
                      ;*ifeq {reexecute=1 rethrow=0 return_oop=0}
                      ; - (reexecute) java.lang.String::hashCode@20
                      ; - java.util.concurrent.ConcurrentHashMap::get@1
                      ; - java.lang.ClassLoader::getDefinedPackage@13
                      ; - java.lang.ClassLoader::getPackage@2
                      ; - org.eclipse.osgi.internal.loader.ModuleClassLoader::publicGetPackage@9 (line 330)
                      ; - org.eclipse.osgi.internal.loader.classpath.ClasspathManager::definePackage@26 (line 825)
                      ; - org.eclipse.osgi.internal.loader.classpath.ClasspathManager::defineClass@9 (line 733)
  0x000001c839236f44: b8fd 6cff 

  0x000001c839236f48: ;   {other}
  0x000001c839236f48: 0f1f 8400 | 388d 00c9 | 33ed 85ff | 400f 94c5 | ba45 ffff | ff4c 8b5c | 2450 4c89 | 5c24 204c 
  0x000001c839236f68: 8b9c 2480 | 0000 004c | 895c 2428 | 4c8b 5c24 | 604c 895c | 2430 4c8b | 5c24 684c | 895c 2438 
  0x000001c839236f88: 4c8b 5c24 | 704c 895c | 2440 4c8b | 5c24 584c | 895c 2450 | 4c8b 9c24 | 9000 0000 | 4c89 5c24 
  0x000001c839236fa8: 604c 8954 | 2478 4c8b | 9424 9800 | 0000 4c89 | 9424 8000 | 0000 4489 | 4c24 7489 | 8c24 9000 
  0x000001c839236fc8: 0000 4489 | 8424 9400 | 0000 4889 | 9c24 9800 | 0000 4889 | 9c24 a000 | 0000 6690 

  0x000001c839236fe4: ;   {runtime_call UncommonTrapBlob}
  0x000001c839236fe4: c5f8 77e8 

  0x000001c839236fe8: ; ImmutableOopMap {[32]=Oop [40]=Oop [48]=Oop [56]=Oop [64]=Oop [72]=Oop [80]=Oop [96]=Oop [116]=NarrowOop [120]=Oop [128]=Oop [144]=NarrowOop [148]=NarrowOop [152]=Oop [160]=Oop }
                      ;*ifeq {reexecute=1 rethrow=0 return_oop=0}
                      ; - (reexecute) java.lang.String::hashCode@20
                      ; - java.util.concurrent.ConcurrentHashMap::get@1
                      ; - java.lang.ClassLoader::getNamedPackage@5
                      ; - java.lang.ClassLoader::postDefineClass@9
                      ; - java.lang.ClassLoader::defineClass@37
                      ; - org.eclipse.osgi.internal.loader.ModuleClassLoader::defineClass@37 (line 315)
                      ; - org.eclipse.osgi.internal.loader.classpath.ClasspathManager::defineClass@424 (line 779)
  0x000001c839236fe8: 14fd 6cff 

  0x000001c839236fec: ;   {other}
  0x000001c839236fec: 0f1f 8400 | dc8d 00ca | ba45 ffff | ff4c 8b84 | 2480 0000 | 004c 8944 | 2428 4c8b | 4424 604c 
  0x000001c83923700c: 8944 2430 | 4c8b 4424 | 684c 8944 | 2438 4c8b | 4424 704c | 8944 2440 | 4c89 6c24 | 484c 8b44 
  0x000001c83923702c: 2478 4c89 | 4424 5844 | 894c 246c | 4889 5c24 | 7844 895c | 2474 4889 | 9c24 8000 | 0000 4489 
  0x000001c83923704c: 9424 8800 | 0000 8984 | 248c 0000 | 0089 b424 | 9800 0000 

  0x000001c839237060: ;   {runtime_call UncommonTrapBlob}
  0x000001c839237060: c5f8 77e8 

  0x000001c839237064: ; ImmutableOopMap {rbp=NarrowOop [40]=Oop [48]=Oop [56]=Oop [64]=Oop [72]=Oop [88]=Oop [108]=NarrowOop [116]=NarrowOop [120]=Oop [128]=Oop [136]=NarrowOop [140]=NarrowOop }
                      ;*ifnull {reexecute=1 rethrow=0 return_oop=0}
                      ; - (reexecute) java.util.concurrent.ConcurrentHashMap::get@67
                      ; - java.lang.ClassLoader::definePackage@47
                      ; - java.lang.ClassLoader::getDefinedPackage@32
                      ; - java.lang.ClassLoader::getPackage@2
                      ; - org.eclipse.osgi.internal.loader.ModuleClassLoader::publicGetPackage@9 (line 330)
                      ; - org.eclipse.osgi.internal.loader.classpath.ClasspathManager::definePackage@26 (line 825)
                      ; - org.eclipse.osgi.internal.loader.classpath.ClasspathManager::defineClass@9 (line 733)
  0x000001c839237064: 98fc 6cff 

  0x000001c839237068: ;   {other}
  0x000001c839237068: 0f1f 8400 | 588e 00cb | 4c89 4424 | 3848 8974 | 2430 4c89 | 5c24 288b | 6c24 2048 | 894c 2478 
  0x000001c839237088: 4c89 6c24 

  0x000001c83923708c: ;   {metadata('java/util/LinkedHashMap$LinkedKeyIterator')}
  0x000001c83923708c: 5048 baf8 | 6905 46c8 | 0100 0090 

  0x000001c839237098: ;   {runtime_call _new_instance_Java}
  0x000001c839237098: c5f8 77e8 

  0x000001c83923709c: ; ImmutableOopMap {[40]=Oop [48]=Oop [56]=Oop [80]=Oop [96]=Oop [104]=Oop [112]=Oop [120]=Oop [128]=Oop }
                      ;*new {reexecute=0 rethrow=0 return_oop=1}
                      ; - java.util.LinkedHashMap$LinkedKeySet::iterator@0
                      ; - java.util.HashSet::iterator@7
                      ; - java.util.Collections$UnmodifiableCollection$1::<init>@17
                      ; - java.util.Collections$UnmodifiableCollection::iterator@5
                      ; - org.eclipse.osgi.internal.loader.classpath.ClasspathManager::defineClass@258 (line 764)
  0x000001c83923709c: 601d 78ff 

  0x000001c8392370a0: ;   {other}
  0x000001c8392370a0: 0f1f 8400 | 908e 00cc | 4c8b 6c24 | 5048 8b4c | 2478 896c | 2420 4c8b | 5c24 2848 | 8b74 2430 
  0x000001c8392370c0: 4c8b 4424 | 384c 8bd0 | e9cc c5ff | ff33 ed85 | c040 0f94 | c5ba 45ff | ffff 4c8b | 8424 8000 
  0x000001c8392370e0: 0000 4c89 | 4424 284c | 8b44 2460 | 4c89 4424 | 304c 8b44 | 2468 4c89 | 4424 384c | 8b44 2470 
  0x000001c839237100: 4c89 4424 | 404c 896c | 2448 4c8b | 4424 784c | 8944 2458 | 4489 4c24 | 6c48 895c | 2478 4489 
  0x000001c839237120: 5c24 7448 | 899c 2480 | 0000 0044 | 8994 2488 | 0000 0089 | 8c24 8c00 | 0000 6690 

  0x000001c83923713c: ;   {runtime_call UncommonTrapBlob}
  0x000001c83923713c: c5f8 77e8 

  0x000001c839237140: ; ImmutableOopMap {[40]=Oop [48]=Oop [56]=Oop [64]=Oop [72]=Oop [88]=Oop [108]=NarrowOop [116]=NarrowOop [120]=Oop [128]=Oop [136]=NarrowOop [140]=NarrowOop }
                      ;*ifeq {reexecute=1 rethrow=0 return_oop=0}
                      ; - (reexecute) java.lang.String::hashCode@20
                      ; - java.util.concurrent.ConcurrentHashMap::get@1
                      ; - java.lang.ClassLoader::definePackage@47
                      ; - java.lang.ClassLoader::getDefinedPackage@32
                      ; - java.lang.ClassLoader::getPackage@2
                      ; - org.eclipse.osgi.internal.loader.ModuleClassLoader::publicGetPackage@9 (line 330)
                      ; - org.eclipse.osgi.internal.loader.classpath.ClasspathManager::definePackage@26 (line 825)
                      ; - org.eclipse.osgi.internal.loader.classpath.ClasspathManager::defineClass@9 (line 733)
  0x000001c839237140: bcfb 6cff 

  0x000001c839237144: ;   {other}
  0x000001c839237144: 0f1f 8400 | 348f 00cd | baf6 ffff | ff48 8b6c | 2450 4c8b | 5424 484c | 8954 2440 | 4c8b 5424 
  0x000001c839237164: 584c 8954 | 2448 4c8b | 9424 9000 | 0000 4c89 | 5424 5890 

  0x000001c839237178: ;   {runtime_call UncommonTrapBlob}
  0x000001c839237178: c5f8 77e8 

  0x000001c83923717c: ; ImmutableOopMap {rbp=Oop [64]=Oop [72]=Oop [88]=Oop [96]=Oop [104]=Oop [112]=Oop [128]=Oop [144]=Oop }
                      ;*invokevirtual getCodeSource {reexecute=0 rethrow=0 return_oop=0}
                      ; - java.lang.ClassLoader::preDefineClass@110
                      ; - java.lang.ClassLoader::defineClass@4
                      ; - org.eclipse.osgi.internal.loader.ModuleClassLoader::defineClass@37 (line 315)
                      ; - org.eclipse.osgi.internal.loader.classpath.ClasspathManager::defineClass@424 (line 779)
  0x000001c83923717c: 80fb 6cff 

  0x000001c839237180: ;   {other}
  0x000001c839237180: 0f1f 8400 | 708f 00ce | ba76 ffff | ff48 8b6c | 2450 4c8b | 5424 384c | 8954 2420 | 4c8b 5424 
  0x000001c8392371a0: 404c 8954 | 2428 4c8b | 5424 684c | 8954 2430 | 4c8b 5424 | 704c 8954 | 2438 4c8b | 5424 484c 
  0x000001c8392371c0: 8954 2440 | 4c8b 5424 | 584c 8954 | 2448 4c8b | 9424 9000 | 0000 4c89 | 5424 7044 | 8b9c 2488 
  0x000001c8392371e0: 0000 0044 | 895c 2478 | 448b 9424 | 8c00 0000 | 4489 5424 | 7c48 8984 | 2488 0000 | 0044 8984 
  0x000001c839237200: 24a4 0000 | 0066 6690 

  0x000001c839237208: ;   {runtime_call UncommonTrapBlob}
  0x000001c839237208: c5f8 77e8 

  0x000001c83923720c: ; ImmutableOopMap {rbp=Oop [32]=Oop [40]=Oop [48]=Oop [56]=Oop [64]=Oop [72]=Oop [112]=Oop [120]=NarrowOop [136]=Oop [152]=Oop [248]=Oop }
                      ;*if_icmpge {reexecute=1 rethrow=0 return_oop=0}
                      ; - (reexecute) java.lang.ClassLoader::compareCerts@40
                      ; - java.lang.ClassLoader::checkCerts@80
                      ; - java.lang.ClassLoader::preDefineClass@113
                      ; - java.lang.ClassLoader::defineClass@4
                      ; - org.eclipse.osgi.internal.loader.ModuleClassLoader::defineClass@37 (line 315)
                      ; - org.eclipse.osgi.internal.loader.classpath.ClasspathManager::defineClass@424 (line 779)
  0x000001c83923720c: f0fa 6cff 

  0x000001c839237210: ;   {other}
  0x000001c839237210: 0f1f 8400 | 0090 00cf | babe ffff | ff48 8b6c | 2450 4c8b | 5424 384c | 8954 2420 | 4c8b 5424 
  0x000001c839237230: 404c 8954 | 2428 4c8b | 5424 684c | 8954 2430 | 4c8b 5424 | 704c 8954 | 2438 4c8b | 5424 484c 
  0x000001c839237250: 8954 2440 | 4c8b 5424 | 584c 8954 | 2448 4c8b | 9424 9000 | 0000 4c89 | 5424 7044 | 8b9c 2488 
  0x000001c839237270: 0000 0044 | 895c 2478 | 448b 9424 | 8c00 0000 | 4489 5424 | 7c48 8984 | 2488 0000 | 0044 8984 
  0x000001c839237290: 24a4 0000 | 0066 6690 

  0x000001c839237298: ;   {runtime_call UncommonTrapBlob}
  0x000001c839237298: c5f8 77e8 

  0x000001c83923729c: ; ImmutableOopMap {rbp=Oop [32]=Oop [40]=Oop [48]=Oop [56]=Oop [64]=Oop [72]=Oop [112]=Oop [120]=NarrowOop [136]=Oop [152]=Oop [248]=Oop }
                      ;*if_icmpge {reexecute=1 rethrow=0 return_oop=0}
                      ; - (reexecute) java.lang.ClassLoader::compareCerts@40
                      ; - java.lang.ClassLoader::checkCerts@80
                      ; - java.lang.ClassLoader::preDefineClass@113
                      ; - java.lang.ClassLoader::defineClass@4
                      ; - org.eclipse.osgi.internal.loader.ModuleClassLoader::defineClass@37 (line 315)
                      ; - org.eclipse.osgi.internal.loader.classpath.ClasspathManager::defineClass@424 (line 779)
  0x000001c83923729c: 60fa 6cff 

  0x000001c8392372a0: ;   {other}
  0x000001c8392372a0: 0f1f 8400 | 9090 00d0 | 4c89 5424 | 384c 895c | 2430 4c89 | 7424 2849 

  0x000001c8392372b8: ;   {metadata('java/util/LinkedHashMap$LinkedKeyIterator')}
  0x000001c8392372b8: 8bed 48ba | f869 0546 | c801 0000 

  0x000001c8392372c4: ;   {runtime_call _new_instance_Java}
  0x000001c8392372c4: c5f8 77e8 

  0x000001c8392372c8: ; ImmutableOopMap {rbp=Oop [40]=Oop [48]=Oop [56]=Oop [80]=Oop [96]=Oop [104]=Oop [112]=Oop [128]=Oop }
                      ;*new {reexecute=0 rethrow=0 return_oop=1}
                      ; - java.util.LinkedHashMap$LinkedKeySet::iterator@0
                      ; - java.util.HashSet::iterator@7
                      ; - java.util.Collections$UnmodifiableCollection$1::<init>@17
                      ; - java.util.Collections$UnmodifiableCollection::iterator@5
                      ; - org.eclipse.osgi.internal.loader.classpath.ClasspathManager::defineClass@576 (line 788)
  0x000001c8392372c8: 341b 78ff 

  0x000001c8392372cc: ;   {other}
  0x000001c8392372cc: 0f1f 8400 | bc90 00d1 | 4c8b ed4c | 8b74 2428 | 4c8b 5c24 | 304c 8b54 | 2438 488b | c8e9 7cc6 
  0x000001c8392372ec: ffff baf6 | ffff ff4c | 8b5c 2460 | 4c89 5c24 | 284c 8b5c | 2468 4c89 | 5c24 304c | 8b5c 2448 
  0x000001c83923730c: 4c89 5c24 | 404c 8b5c | 2458 4c89 | 5c24 484c | 8b9c 2490 | 0000 004c | 895c 2458 | 4c89 5424 
  0x000001c83923732c: 6866 6690 

  0x000001c839237330: ;   {runtime_call UncommonTrapBlob}
  0x000001c839237330: c5f8 77e8 

  0x000001c839237334: ; ImmutableOopMap {rbp=Oop [40]=Oop [48]=Oop [64]=Oop [72]=Oop [88]=Oop [104]=Oop [112]=Oop [128]=Oop [144]=Oop [168]=Oop }
                      ;*invokevirtual putIfAbsent {reexecute=0 rethrow=0 return_oop=0}
                      ; - java.lang.ClassLoader::getNamedPackage@32
                      ; - java.lang.ClassLoader::postDefineClass@9
                      ; - java.lang.ClassLoader::defineClass@37
                      ; - org.eclipse.osgi.internal.loader.ModuleClassLoader::defineClass@37 (line 315)
                      ; - org.eclipse.osgi.internal.loader.classpath.ClasspathManager::defineClass@424 (line 779)
  0x000001c839237334: c8f9 6cff 

  0x000001c839237338: ;   {other}
  0x000001c839237338: 0f1f 8400 | 2891 00d2 | 488b e8ba | 54ff ffff | 4c8b 5424 | 504c 8954 | 2420 4c8b | 9424 8000 
  0x000001c839237358: 0000 4c89 | 5424 284c | 8b54 2460 | 4c89 5424 | 304c 8b54 | 2468 4c89 | 5424 384c | 8b54 2470 
  0x000001c839237378: 4c89 5424 | 404c 8b54 | 2458 4c89 | 5424 504c | 8b94 2490 | 0000 004c | 8954 2460 | 448b 9424 
  0x000001c839237398: 8800 0000 | 4489 5424 | 7044 8b9c | 248c 0000 | 0044 895c | 2474 6690 

  0x000001c8392373b0: ;   {runtime_call UncommonTrapBlob}
  0x000001c8392373b0: c5f8 77e8 

  0x000001c8392373b4: ; ImmutableOopMap {rbp=Oop [32]=Oop [40]=Oop [48]=Oop [56]=Oop [64]=Oop [72]=Oop [80]=Oop [96]=Oop [112]=NarrowOop [116]=NarrowOop [144]=Oop [152]=Oop [160]=Oop [176]=Oop }
                      ;*ifnull {reexecute=1 rethrow=0 return_oop=0}
                      ; - (reexecute) java.lang.ClassLoader::getNamedPackage@42
                      ; - java.lang.ClassLoader::postDefineClass@9
                      ; - java.lang.ClassLoader::defineClass@37
                      ; - org.eclipse.osgi.internal.loader.ModuleClassLoader::defineClass@37 (line 315)
                      ; - org.eclipse.osgi.internal.loader.classpath.ClasspathManager::defineClass@424 (line 779)
  0x000001c8392373b4: 48f9 6cff 

  0x000001c8392373b8: ;   {other}
  0x000001c8392373b8: 0f1f 8400 | a891 00d3 | ba45 ffff | ff4c 896c | 2448 4889 | 5c24 5890 

  0x000001c8392373d0: ;   {runtime_call UncommonTrapBlob}
  0x000001c8392373d0: c5f8 77e8 

  0x000001c8392373d4: ; ImmutableOopMap {[72]=Oop [88]=Oop [96]=Oop [104]=Oop [112]=Oop [120]=Oop [128]=Oop }
                      ;*ifeq {reexecute=1 rethrow=0 return_oop=0}
                      ; - (reexecute) org.eclipse.osgi.internal.loader.classpath.ClasspathManager::definePackage@71 (line 834)
                      ; - org.eclipse.osgi.internal.loader.classpath.ClasspathManager::defineClass@9 (line 733)
  0x000001c8392373d4: 28f9 6cff 

  0x000001c8392373d8: ;   {other}
  0x000001c8392373d8: 0f1f 8400 | c891 00d4 | baf6 ffff | ff48 8b6c | 2450 4c8b | 5424 484c | 8954 2440 | 4c8b 5424 
  0x000001c8392373f8: 584c 8954 | 2448 4c8b | 9424 9000 | 0000 4c89 | 5424 5890 

  0x000001c83923740c: ;   {runtime_call UncommonTrapBlob}
  0x000001c83923740c: c5f8 77e8 

  0x000001c839237410: ; ImmutableOopMap {rbp=Oop [64]=Oop [72]=Oop [88]=Oop [96]=Oop [104]=Oop [112]=Oop [128]=Oop [144]=Oop }
                      ;*invokevirtual lastIndexOf {reexecute=0 rethrow=0 return_oop=0}
                      ; - java.lang.Class::getPackageName@47
                      ; - java.lang.ClassLoader::postDefineClass@2
                      ; - java.lang.ClassLoader::defineClass@37
                      ; - org.eclipse.osgi.internal.loader.ModuleClassLoader::defineClass@37 (line 315)
                      ; - org.eclipse.osgi.internal.loader.classpath.ClasspathManager::defineClass@424 (line 779)
  0x000001c839237410: ecf8 6cff 

  0x000001c839237414: ;   {other}
  0x000001c839237414: 0f1f 8400 | 0492 00d5 | ba45 ffff | ff48 8b6c | 2450 4c8b | 5424 384c | 8954 2420 | 4c8b 5424 
  0x000001c839237434: 404c 8954 | 2428 4c8b | 5424 684c | 8954 2430 | 4c8b 5424 | 704c 8954 | 2438 4c8b | 5424 484c 
  0x000001c839237454: 8954 2440 | 4c8b 5424 | 584c 8954 | 2448 4c8b | 9424 9000 | 0000 4c89 | 5424 7044 | 8b9c 2488 
  0x000001c839237474: 0000 0044 | 895c 2478 | 448b 9424 | 8c00 0000 | 4489 5424 | 7c44 8984 | 2488 0000 | 0044 898c 
  0x000001c839237494: 248c 0000 | 0066 6690 

  0x000001c83923749c: ;   {runtime_call UncommonTrapBlob}
  0x000001c83923749c: c5f8 77e8 

  0x000001c8392374a0: ; ImmutableOopMap {rbp=Oop [32]=Oop [40]=Oop [48]=Oop [56]=Oop [64]=Oop [72]=Oop [112]=Oop [120]=NarrowOop [144]=Oop [248]=Oop }
                      ;*if_icmpeq {reexecute=1 rethrow=0 return_oop=0}
                      ; - (reexecute) java.lang.ClassLoader::compareCerts@20
                      ; - java.lang.ClassLoader::checkCerts@80
                      ; - java.lang.ClassLoader::preDefineClass@113
                      ; - java.lang.ClassLoader::defineClass@4
                      ; - org.eclipse.osgi.internal.loader.ModuleClassLoader::defineClass@37 (line 315)
                      ; - org.eclipse.osgi.internal.loader.classpath.ClasspathManager::defineClass@424 (line 779)
  0x000001c8392374a0: 5cf8 6cff 

  0x000001c8392374a4: ;   {other}
  0x000001c8392374a4: 0f1f 8400 | 9492 00d6 | ba76 ffff | ff48 8b6c | 2450 4889 | 4424 5890 

  0x000001c8392374bc: ;   {runtime_call UncommonTrapBlob}
  0x000001c8392374bc: c5f8 77e8 

  0x000001c8392374c0: ; ImmutableOopMap {rbp=Oop [64]=Oop [72]=Oop [88]=Oop [96]=Oop [104]=Oop [112]=Oop [128]=Oop }
                      ;*aload {reexecute=0 rethrow=0 return_oop=0}
                      ; - org.eclipse.osgi.internal.loader.classpath.ClasspathManager::defineClass@303 (line 764)
  0x000001c8392374c0: 3cf8 6cff 

  0x000001c8392374c4: ;   {other}
  0x000001c8392374c4: 0f1f 8400 | b492 00d7 | ba45 ffff | ff48 8b8c | 2480 0000 | 0048 894c | 2428 488b | 4c24 6048 
  0x000001c8392374e4: 894c 2430 | 488b 4c24 | 6848 894c | 2438 488b | 4c24 7048 | 894c 2440 | 4c89 6c24 | 4848 8b4c 
  0x000001c839237504: 2478 4889 | 4c24 5844 | 894c 246c | 4889 5c24 | 7844 895c | 2474 4889 | 9c24 8000 | 0000 4489 
  0x000001c839237524: 9424 8800 | 0000 4c89 | 8424 9800 | 0000 89b4 | 248c 0000 | 0066 6690 

  0x000001c83923753c: ;   {runtime_call UncommonTrapBlob}
  0x000001c83923753c: c5f8 77e8 

  0x000001c839237540: ; ImmutableOopMap {rbp=NarrowOop [40]=Oop [48]=Oop [56]=Oop [64]=Oop [72]=Oop [88]=Oop [108]=NarrowOop [116]=NarrowOop [120]=Oop [128]=Oop [136]=NarrowOop [152]=Oop }
                      ;*ifnull {reexecute=1 rethrow=0 return_oop=0}
                      ; - (reexecute) java.util.concurrent.ConcurrentHashMap::get@143
                      ; - java.lang.ClassLoader::definePackage@47
                      ; - java.lang.ClassLoader::getDefinedPackage@32
                      ; - java.lang.ClassLoader::getPackage@2
                      ; - org.eclipse.osgi.internal.loader.ModuleClassLoader::publicGetPackage@9 (line 330)
                      ; - org.eclipse.osgi.internal.loader.classpath.ClasspathManager::definePackage@26 (line 825)
                      ; - org.eclipse.osgi.internal.loader.classpath.ClasspathManager::defineClass@9 (line 733)
  0x000001c839237540: bcf7 6cff 

  0x000001c839237544: ;   {other}
  0x000001c839237544: 0f1f 8400 | 3493 00d8 | ba45 ffff | ff4c 8b9c | 2480 0000 | 004c 895c | 2420 4c8b | 5c24 604c 
  0x000001c839237564: 895c 2428 | 4c8b 5c24 | 684c 895c | 2430 4c8b | 5c24 704c | 895c 2438 | 4c8b 5c24 | 784c 895c 
  0x000001c839237584: 2450 448b | 9c24 8c00 | 0000 4489 | 5c24 6444 | 8b9c 2488 | 0000 0044 | 895c 2468 | 448b 9c24 
  0x000001c8392375a4: 9000 0000 | 4489 9c24 | 8000 0000 | 8984 2490 | 0000 0090 

  0x000001c8392375b8: ;   {runtime_call UncommonTrapBlob}
  0x000001c8392375b8: c5f8 77e8 

  0x000001c8392375bc: ; ImmutableOopMap {rbp=Oop [32]=Oop [40]=Oop [48]=Oop [56]=Oop [80]=Oop [88]=Oop [100]=NarrowOop [104]=NarrowOop [128]=NarrowOop [152]=Oop }
                      ;*ifeq {reexecute=1 rethrow=0 return_oop=0}
                      ; - (reexecute) java.util.concurrent.ConcurrentHashMap::get@152
                      ; - java.lang.ClassLoader::definePackage@47
                      ; - java.lang.ClassLoader::getDefinedPackage@32
                      ; - java.lang.ClassLoader::getPackage@2
                      ; - org.eclipse.osgi.internal.loader.ModuleClassLoader::publicGetPackage@9 (line 330)
                      ; - org.eclipse.osgi.internal.loader.classpath.ClasspathManager::definePackage@26 (line 825)
                      ; - org.eclipse.osgi.internal.loader.classpath.ClasspathManager::defineClass@9 (line 733)
  0x000001c8392375bc: 40f7 6cff 

  0x000001c8392375c0: ;   {other}
  0x000001c8392375c0: 0f1f 8400 | b093 00d9 | baf6 ffff | ff48 8b6c | 2450 4c89 | 5c24 5090 

  0x000001c8392375d8: ;   {runtime_call UncommonTrapBlob}
  0x000001c8392375d8: c5f8 77e8 

  0x000001c8392375dc: ; ImmutableOopMap {rbp=Oop [64]=Oop [72]=Oop [80]=Oop [96]=Oop [104]=Oop [112]=Oop [128]=Oop }
                      ;*invokeinterface hasNext {reexecute=0 rethrow=0 return_oop=0}
                      ; - java.util.Collections$UnmodifiableCollection$1::hasNext@4
                      ; - org.eclipse.osgi.internal.loader.classpath.ClasspathManager::defineClass@613 (line 788)
  0x000001c8392375dc: 20f7 6cff 

  0x000001c8392375e0: ;   {other}
  0x000001c8392375e0: 0f1f 8400 | d093 00da 

  0x000001c8392375e8: ;   {metadata('java/lang/String')}
  0x000001c8392375e8: 48ba 78e8 | 0045 c801 | 0000 6690 

  0x000001c8392375f4: ;   {runtime_call _new_instance_Java}
  0x000001c8392375f4: c5f8 77e8 

  0x000001c8392375f8: ; ImmutableOopMap {rbp=Oop [44]=NarrowOop [48]=Oop [56]=Oop [72]=Oop [80]=Oop [88]=Oop [96]=Oop [104]=Oop [112]=Oop [120]=Oop [128]=Oop [136]=NarrowOop [144]=Oop [152]=Oop [160]=Oop [168]=Oop }
                      ;*new {reexecute=1 rethrow=0 return_oop=1}
                      ; - (reexecute) java.net.URLStreamHandler::toExternalForm@35
                      ; - java.net.URL::toExternalForm@5
                      ; - java.net.URL::toString@1
                      ; - java.lang.ClassLoader::defineClassSourceLocation@22
                      ; - java.lang.ClassLoader::defineClass@12
                      ; - org.eclipse.osgi.internal.loader.ModuleClassLoader::defineClass@37 (line 315)
                      ; - org.eclipse.osgi.internal.loader.classpath.ClasspathManager::defineClass@424 (line 779)
  0x000001c8392375f8: 0418 78ff 

  0x000001c8392375fc: ;   {other}
  0x000001c8392375fc: 0f1f 8400 | ec93 00db | e95f c9ff 

  0x000001c839237608: ;   {metadata({type array byte})}
  0x000001c839237608: ff48 ba18 | 2300 45c8 | 0100 0090 

  0x000001c839237614: ;   {runtime_call _new_array_Java}
  0x000001c839237614: c5f8 77e8 

  0x000001c839237618: ; ImmutableOopMap {rbp=Oop [44]=NarrowOop [48]=Oop [56]=Oop [64]=NarrowOop [72]=Oop [80]=Oop [88]=Oop [96]=Oop [104]=Oop [112]=Oop [120]=Oop [128]=Oop [136]=NarrowOop [144]=Oop [152]=Oop [160]=Oop }
                      ;*new {reexecute=1 rethrow=0 return_oop=1}
                      ; - (reexecute) java.net.URLStreamHandler::toExternalForm@35
                      ; - java.net.URL::toExternalForm@5
                      ; - java.net.URL::toString@1
                      ; - java.lang.ClassLoader::defineClassSourceLocation@22
                      ; - java.lang.ClassLoader::defineClass@12
                      ; - org.eclipse.osgi.internal.loader.ModuleClassLoader::defineClass@37 (line 315)
                      ; - org.eclipse.osgi.internal.loader.classpath.ClasspathManager::defineClass@424 (line 779)
  0x000001c839237618: 6411 78ff 

  0x000001c83923761c: ;   {other}
  0x000001c83923761c: 0f1f 8400 | 0c94 00dc | 4c8b d0e9 | 63c7 ffff | ba45 ffff | ff4c 8b84 | 2480 0000 | 004c 8944 
  0x000001c83923763c: 2428 4c8b | 4424 604c | 8944 2430 | 4c8b 4424 | 684c 8944 | 2438 4c8b | 4424 704c | 8944 2440 
  0x000001c83923765c: 4c89 6c24 | 484c 8b44 | 2478 4c89 | 4424 5844 | 894c 246c | 4889 5c24 | 7844 895c | 2474 4889 
  0x000001c83923767c: 9c24 8000 | 0000 4889 | 8c24 9000 | 0000 4489 | 9424 9800 | 0000 6690 

  0x000001c839237694: ;   {runtime_call UncommonTrapBlob}
  0x000001c839237694: c5f8 77e8 

  0x000001c839237698: ; ImmutableOopMap {rbp=NarrowOop [40]=Oop [48]=Oop [56]=Oop [64]=Oop [72]=Oop [88]=Oop [108]=NarrowOop [116]=NarrowOop [120]=Oop [128]=Oop [144]=Oop }
                      ;*ifnull {reexecute=1 rethrow=0 return_oop=0}
                      ; - (reexecute) java.util.concurrent.ConcurrentHashMap::get@143
                      ; - java.lang.ClassLoader::getDefinedPackage@13
                      ; - java.lang.ClassLoader::getPackage@2
                      ; - org.eclipse.osgi.internal.loader.ModuleClassLoader::publicGetPackage@9 (line 330)
                      ; - org.eclipse.osgi.internal.loader.classpath.ClasspathManager::definePackage@26 (line 825)
                      ; - org.eclipse.osgi.internal.loader.classpath.ClasspathManager::defineClass@9 (line 733)
  0x000001c839237698: 64f6 6cff 

  0x000001c83923769c: ;   {other}
  0x000001c83923769c: 0f1f 8400 | 8c94 00dd | ba45 ffff | ff4c 8b9c | 2480 0000 | 004c 895c | 2420 4c8b | 5c24 604c 
  0x000001c8392376bc: 895c 2428 | 4c8b 5c24 | 684c 895c | 2430 4c8b | 5c24 704c | 895c 2438 | 4c8b 5c24 | 784c 895c 
  0x000001c8392376dc: 2450 448b | 9c24 8c00 | 0000 4489 | 5c24 6444 | 8b9c 2488 | 0000 0044 | 895c 2468 | 8984 2494 
  0x000001c8392376fc: 0000 0090 

  0x000001c839237700: ;   {runtime_call UncommonTrapBlob}
  0x000001c839237700: c5f8 77e8 

  0x000001c839237704: ; ImmutableOopMap {rbp=Oop [32]=Oop [40]=Oop [48]=Oop [56]=Oop [80]=Oop [88]=Oop [100]=NarrowOop [104]=NarrowOop [152]=Oop }
                      ;*ifeq {reexecute=1 rethrow=0 return_oop=0}
                      ; - (reexecute) java.util.concurrent.ConcurrentHashMap::get@152
                      ; - java.lang.ClassLoader::getDefinedPackage@13
                      ; - java.lang.ClassLoader::getPackage@2
                      ; - org.eclipse.osgi.internal.loader.ModuleClassLoader::publicGetPackage@9 (line 330)
                      ; - org.eclipse.osgi.internal.loader.classpath.ClasspathManager::definePackage@26 (line 825)
                      ; - org.eclipse.osgi.internal.loader.classpath.ClasspathManager::defineClass@9 (line 733)
  0x000001c839237704: f8f5 6cff 

  0x000001c839237708: ;   {other}
  0x000001c839237708: 0f1f 8400 | f894 00de | ba45 ffff | ff4c 8b54 | 2450 4c89 | 5424 204c | 8b94 2480 | 0000 004c 
  0x000001c839237728: 8954 2428 | 4c8b 5424 | 604c 8954 | 2430 4c8b | 5424 684c | 8954 2438 | 4c8b 5424 | 704c 8954 
  0x000001c839237748: 2440 4c8b | 5424 584c | 8954 2450 | 4c8b 9424 | 9000 0000 | 4c89 5424 | 604c 8b94 | 24a0 0000 
  0x000001c839237768: 0044 8b9c | 2488 0000 | 004c 8954 | 2478 4c8b | 9424 9800 | 0000 4c89 | 9424 8000 | 0000 4489 
  0x000001c839237788: 5c24 744c | 8b94 24a8 | 0000 0044 | 8b9c 248c | 0000 0044 | 899c 2488 | 0000 004c | 8994 2498 
  0x000001c8392377a8: 0000 0090 

  0x000001c8392377ac: ;   {runtime_call UncommonTrapBlob}
  0x000001c8392377ac: c5f8 77e8 

  0x000001c8392377b0: ; ImmutableOopMap {rbp=NarrowOop [32]=Oop [40]=Oop [48]=Oop [56]=Oop [64]=Oop [72]=Oop [80]=Oop [96]=Oop [116]=NarrowOop [120]=Oop [128]=Oop [136]=NarrowOop [152]=Oop [168]=Oop [184]=Oop }
                      ;*ifnull {reexecute=1 rethrow=0 return_oop=0}
                      ; - (reexecute) java.util.concurrent.ConcurrentHashMap::get@143
                      ; - java.lang.ClassLoader::getNamedPackage@5
                      ; - java.lang.ClassLoader::postDefineClass@9
                      ; - java.lang.ClassLoader::defineClass@37
                      ; - org.eclipse.osgi.internal.loader.ModuleClassLoader::defineClass@37 (line 315)
                      ; - org.eclipse.osgi.internal.loader.classpath.ClasspathManager::defineClass@424 (line 779)
  0x000001c8392377b0: 4cf5 6cff 

  0x000001c8392377b4: ;   {other}
  0x000001c8392377b4: 0f1f 8400 | a495 00df | baf6 ffff | ff4c 8b54 | 2448 4c89 | 5424 404c | 8b54 2458 | 4c89 5424 
  0x000001c8392377d4: 4866 6690 

  0x000001c8392377d8: ;   {runtime_call UncommonTrapBlob}
  0x000001c8392377d8: c5f8 77e8 

  0x000001c8392377dc: ; ImmutableOopMap {rbp=Oop [64]=Oop [72]=Oop [96]=Oop [104]=Oop [112]=Oop [128]=Oop }
                      ;*aastore {reexecute=1 rethrow=0 return_oop=0}
                      ; - (reexecute) java.util.ArrayList::add@14
                      ; - java.util.ArrayList::add@20
                      ; - org.eclipse.osgi.internal.loader.classpath.ClasspathManager::defineClass@411 (line 777)
  0x000001c8392377dc: 20f5 6cff 

  0x000001c8392377e0: ;   {other}
  0x000001c8392377e0: 0f1f 8400 | d095 00e0 

  0x000001c8392377e8: ;   {metadata('java/util/ArrayList')}
  0x000001c8392377e8: 48ba d089 | 0b45 c801 | 0000 4c8b | 9424 8000 | 0000 4c89 | 5424 4090 

  0x000001c839237800: ;   {runtime_call _new_instance_Java}
  0x000001c839237800: c5f8 77e8 

  0x000001c839237804: ; ImmutableOopMap {rbp=Oop [48]=Oop [64]=Oop [72]=Oop [80]=Oop [88]=Oop [96]=Oop [104]=Oop [112]=Oop [120]=Oop [128]=Oop [136]=NarrowOop [144]=Oop [152]=NarrowOop [156]=NarrowOop [160]=Oop [248]=Oop }
                      ;*new {reexecute=0 rethrow=0 return_oop=1}
                      ; - java.security.CodeSource::getCertificates@25
                      ; - java.lang.ClassLoader::checkCerts@34
                      ; - java.lang.ClassLoader::preDefineClass@113
                      ; - java.lang.ClassLoader::defineClass@4
                      ; - org.eclipse.osgi.internal.loader.ModuleClassLoader::defineClass@37 (line 315)
                      ; - org.eclipse.osgi.internal.loader.classpath.ClasspathManager::defineClass@424 (line 779)
  0x000001c839237804: f815 78ff 

  0x000001c839237808: ;   {other}
  0x000001c839237808: 0f1f 8400 | f895 00e1 | e960 c8ff 

  0x000001c839237814: ;   {metadata('java/security/cert/Certificate'[])}
  0x000001c839237814: ff48 ba20 | 2910 45c8 | 0100 0044 | 8b44 2420 | 4c8b 9424 | 8000 0000 | 4c89 5424 | 4066 6690 
  0x000001c839237834: ;   {runtime_call _new_array_Java}
  0x000001c839237834: c5f8 77e8 

  0x000001c839237838: ; ImmutableOopMap {rbp=Oop [48]=Oop [64]=Oop [72]=Oop [80]=Oop [88]=Oop [96]=Oop [104]=Oop [112]=Oop [120]=Oop [128]=Oop [136]=NarrowOop [144]=Oop [152]=NarrowOop [160]=Oop [168]=Oop [248]=Oop }
                      ;*anewarray {reexecute=0 rethrow=0 return_oop=1}
                      ; - java.security.CodeSource::getCertificates@70
                      ; - java.lang.ClassLoader::checkCerts@34
                      ; - java.lang.ClassLoader::preDefineClass@113
                      ; - java.lang.ClassLoader::defineClass@4
                      ; - org.eclipse.osgi.internal.loader.ModuleClassLoader::defineClass@37 (line 315)
                      ; - org.eclipse.osgi.internal.loader.classpath.ClasspathManager::defineClass@424 (line 779)
  0x000001c839237838: 440f 78ff 

  0x000001c83923783c: ;   {other}
  0x000001c83923783c: 0f1f 8400 | 2c96 00e2 | e94c c9ff | ff4c 8984 | 2498 0000 | 0048 8be9 

  0x000001c839237854: ;   {metadata('java/security/cert/Certificate'[])}
  0x000001c839237854: 48ba 2029 | 1045 c801 | 0000 458b | c266 6690 

  0x000001c839237864: ;   {runtime_call _new_array_Java}
  0x000001c839237864: c5f8 77e8 

  0x000001c839237868: ; ImmutableOopMap {[48]=Oop [64]=Oop [72]=Oop [80]=Oop [88]=Oop [96]=Oop [104]=Oop [112]=Oop [120]=Oop [128]=Oop [136]=NarrowOop [144]=Oop [152]=Oop [160]=Oop [248]=Oop }
                      ;*invokevirtual clone {reexecute=1 rethrow=0 return_oop=1}
                      ; - (reexecute) java.security.CodeSource::getCertificates@86
                      ; - java.lang.ClassLoader::checkCerts@34
                      ; - java.lang.ClassLoader::preDefineClass@113
                      ; - java.lang.ClassLoader::defineClass@4
                      ; - org.eclipse.osgi.internal.loader.ModuleClassLoader::defineClass@37 (line 315)
                      ; - org.eclipse.osgi.internal.loader.classpath.ClasspathManager::defineClass@424 (line 779)
  0x000001c839237868: 140f 78ff 

  0x000001c83923786c: ;   {other}
  0x000001c83923786c: 0f1f 8400 | 5c96 00e3 | 4c8b c0e9 | fdc9 ffff 

  0x000001c83923787c: ;   {metadata('java/util/ArrayList')}
  0x000001c83923787c: 48ba d089 | 0b45 c801 | 0000 6690 

  0x000001c839237888: ;   {runtime_call _new_instance_Java}
  0x000001c839237888: c5f8 77e8 

  0x000001c83923788c: ; ImmutableOopMap {rbp=NarrowOop [48]=Oop [56]=Oop [72]=Oop [80]=Oop [88]=Oop [96]=Oop [104]=Oop [112]=Oop [120]=Oop [128]=Oop [136]=NarrowOop [140]=NarrowOop [144]=Oop [160]=Oop }
                      ;*new {reexecute=0 rethrow=0 return_oop=1}
                      ; - java.security.CodeSource::getCertificates@25
                      ; - java.lang.ClassLoader::postDefineClass@24
                      ; - java.lang.ClassLoader::defineClass@37
                      ; - org.eclipse.osgi.internal.loader.ModuleClassLoader::defineClass@37 (line 315)
                      ; - org.eclipse.osgi.internal.loader.classpath.ClasspathManager::defineClass@424 (line 779)
  0x000001c83923788c: 7015 78ff 

  0x000001c839237890: ;   {other}
  0x000001c839237890: 0f1f 8400 | 8096 00e4 | e902 ccff | ff49 8be9 | 4489 9c24 | 8c00 0000 

  0x000001c8392378a8: ;   {metadata('java/security/cert/Certificate'[])}
  0x000001c8392378a8: 48ba 2029 | 1045 c801 | 0000 448b | 4424 2090 

  0x000001c8392378b8: ;   {runtime_call _new_array_Java}
  0x000001c8392378b8: c5f8 77e8 

  0x000001c8392378bc: ; ImmutableOopMap {rbp=Oop [48]=Oop [56]=Oop [72]=Oop [80]=Oop [88]=Oop [96]=Oop [104]=Oop [112]=Oop [120]=Oop [128]=Oop [136]=NarrowOop [140]=NarrowOop [144]=Oop [160]=Oop }
                      ;*anewarray {reexecute=0 rethrow=0 return_oop=1}
                      ; - java.security.CodeSource::getCertificates@70
                      ; - java.lang.ClassLoader::postDefineClass@24
                      ; - java.lang.ClassLoader::defineClass@37
                      ; - org.eclipse.osgi.internal.loader.ModuleClassLoader::defineClass@37 (line 315)
                      ; - org.eclipse.osgi.internal.loader.classpath.ClasspathManager::defineClass@424 (line 779)
  0x000001c8392378bc: c00e 78ff 

  0x000001c8392378c0: ;   {other}
  0x000001c8392378c0: 0f1f 8400 | b096 00e5 | e9c9 ccff | ff4c 8984 | 2498 0000 | 0045 8bd9 

  0x000001c8392378d8: ;   {metadata('java/security/cert/Certificate'[])}
  0x000001c8392378d8: 488b eb48 | ba20 2910 | 45c8 0100 | 0045 8bc3 

  0x000001c8392378e8: ;   {runtime_call _new_array_Java}
  0x000001c8392378e8: c5f8 77e8 

  0x000001c8392378ec: ; ImmutableOopMap {[48]=Oop [72]=Oop [80]=Oop [88]=Oop [96]=Oop [104]=Oop [112]=Oop [120]=Oop [128]=Oop [136]=NarrowOop [144]=Oop [152]=Oop [160]=Oop }
                      ;*invokevirtual clone {reexecute=1 rethrow=0 return_oop=1}
                      ; - (reexecute) java.security.CodeSource::getCertificates@86
                      ; - java.lang.ClassLoader::postDefineClass@24
                      ; - java.lang.ClassLoader::defineClass@37
                      ; - org.eclipse.osgi.internal.loader.ModuleClassLoader::defineClass@37 (line 315)
                      ; - org.eclipse.osgi.internal.loader.classpath.ClasspathManager::defineClass@424 (line 779)
  0x000001c8392378ec: 900e 78ff 

  0x000001c8392378f0: ;   {other}
  0x000001c8392378f0: 0f1f 8400 | e096 00e6 | 4c8b d0e9 | 74cd ffff | ba3d ffff | ff4c 896c | 2420 4c8b | 5424 604c 
  0x000001c839237910: 8954 2430 | 4c8b 5424 | 684c 8954 | 2438 4c8b | 5424 704c | 8954 2440 | 4c8b 5424 | 584c 8954 
  0x000001c839237930: 2450 4c8b | 9424 9000 | 0000 4c89 | 5424 7089 | 4424 6444 | 895c 247c 

  0x000001c839237948: ;   {runtime_call UncommonTrapBlob}
  0x000001c839237948: c5f8 77e8 

  0x000001c83923794c: ; ImmutableOopMap {[32]=Oop [48]=Oop [56]=Oop [64]=Oop [72]=Oop [80]=Oop [112]=Oop [128]=Oop [144]=Oop }
                      ;*if_icmpge {reexecute=1 rethrow=0 return_oop=0}
                      ; - (reexecute) jdk.internal.util.ArraysSupport::newLength@10
                      ; - java.util.ArrayList::grow@27
                      ; - java.util.ArrayList::grow@7
                      ; - java.util.ArrayList::add@7
                      ; - java.util.ArrayList::add@20
                      ; - org.eclipse.osgi.internal.loader.classpath.ClasspathManager::defineClass@411 (line 777)
  0x000001c83923794c: b0f3 6cff 

  0x000001c839237950: ;   {other}
  0x000001c839237950: 0f1f 8400 | 4097 00e7 | bacc ffff | ff4c 8b5c | 2450 4c89 | 5c24 204c | 8b5c 2460 | 4c89 5c24 
  0x000001c839237970: 304c 8b5c | 2468 4c89 | 5c24 384c | 8b5c 2470 | 4c89 5c24 | 404c 8b5c | 2458 4c89 | 5c24 5044 
  0x000001c839237990: 894c 2458 | 4489 5424 | 5c44 8b9c | 2488 0000 | 0089 7c24 | 6c45 8bd3 | 4489 5424 | 7044 8954 
  0x000001c8392379b0: 2474 6690 

  0x000001c8392379b4: ;   {runtime_call UncommonTrapBlob}
  0x000001c8392379b4: c5f8 77e8 

  0x000001c8392379b8: ; ImmutableOopMap {[32]=Oop [48]=Oop [56]=Oop [64]=Oop [72]=Oop [80]=Oop [112]=NarrowOop [116]=NarrowOop [120]=Oop [128]=Oop }
                      ;*invokestatic arraycopy {reexecute=0 rethrow=0 return_oop=0}
                      ; - java.util.ArrayList::fastRemove@31
                      ; - java.util.ArrayList::remove@71
                      ; - org.eclipse.osgi.internal.loader.classpath.ClasspathManager::defineClass@455 (line 781)
  0x000001c8392379b8: 44f3 6cff 

  0x000001c8392379bc: ;   {other}
  0x000001c8392379bc: 0f1f 8400 | ac97 00e8 | bade ffff | ff4c 896c | 2420 4c89 | 4424 5890 

  0x000001c8392379d4: ;   {runtime_call UncommonTrapBlob}
  0x000001c8392379d4: c5f8 77e8 

  0x000001c8392379d8: ; ImmutableOopMap {rbp=NarrowOop [32]=Oop [88]=Oop [96]=Oop [104]=Oop [112]=Oop [120]=Oop [128]=Oop }
                      ;*invokevirtual set {reexecute=0 rethrow=0 return_oop=0}
                      ; - org.eclipse.osgi.internal.loader.classpath.ClasspathManager::defineClass@44 (line 737)
  0x000001c8392379d8: 24f3 6cff 

  0x000001c8392379dc: ;   {other}
  0x000001c8392379dc: 0f1f 8400 | cc97 00e9 | baf6 ffff | ff48 8b6c | 2450 6690 

  0x000001c8392379f0: ;   {runtime_call UncommonTrapBlob}
  0x000001c8392379f0: c5f8 77e8 

  0x000001c8392379f4: ; ImmutableOopMap {rbp=Oop [64]=Oop [72]=Oop [96]=Oop [104]=Oop [112]=Oop [128]=Oop }
                      ;*invokeinterface iterator {reexecute=0 rethrow=0 return_oop=0}
                      ; - java.util.HashSet::iterator@7
                      ; - java.util.Collections$UnmodifiableCollection$1::<init>@17
                      ; - java.util.Collections$UnmodifiableCollection::iterator@5
                      ; - org.eclipse.osgi.internal.loader.classpath.ClasspathManager::defineClass@258 (line 764)
  0x000001c8392379f4: 08f3 6cff 

  0x000001c8392379f8: ;   {other}
  0x000001c8392379f8: 0f1f 8400 | e897 00ea | bac6 ffff | ff4c 896c | 2420 4c89 | 5c24 5048 | 8974 2458 

  0x000001c839237a14: ;   {runtime_call UncommonTrapBlob}
  0x000001c839237a14: c5f8 77e8 

  0x000001c839237a18: ; ImmutableOopMap {rbp=NarrowOop [32]=Oop [80]=Oop [88]=Oop [96]=Oop [104]=Oop [112]=Oop [128]=Oop }
                      ;*invokevirtual keySet {reexecute=0 rethrow=0 return_oop=0}
                      ; - java.util.HashSet::iterator@4
                      ; - java.util.Collections$UnmodifiableCollection$1::<init>@17
                      ; - java.util.Collections$UnmodifiableCollection::iterator@5
                      ; - org.eclipse.osgi.internal.loader.classpath.ClasspathManager::defineClass@258 (line 764)
  0x000001c839237a18: e4f2 6cff 

  0x000001c839237a1c: ;   {other}
  0x000001c839237a1c: 0f1f 8400 | 0c98 00eb | bac6 ffff | ff49 8bed | 4c89 5c24 | 4848 8974 | 2450 4c89 | 4424 5890 
  0x000001c839237a3c: ;   {runtime_call UncommonTrapBlob}
  0x000001c839237a3c: c5f8 77e8 

  0x000001c839237a40: ; ImmutableOopMap {rbp=Oop [72]=Oop [80]=Oop [88]=Oop [96]=Oop [104]=Oop [112]=Oop [128]=Oop }
                      ;*invokeinterface iterator {reexecute=0 rethrow=0 return_oop=0}
                      ; - java.util.HashSet::iterator@7
                      ; - java.util.Collections$UnmodifiableCollection$1::<init>@17
                      ; - java.util.Collections$UnmodifiableCollection::iterator@5
                      ; - org.eclipse.osgi.internal.loader.classpath.ClasspathManager::defineClass@258 (line 764)
  0x000001c839237a40: bcf2 6cff 

  0x000001c839237a44: ;   {other}
  0x000001c839237a44: 0f1f 8400 | 3498 00ec | baf6 ffff | ff48 8b6c | 2450 6690 

  0x000001c839237a58: ;   {runtime_call UncommonTrapBlob}
  0x000001c839237a58: c5f8 77e8 

  0x000001c839237a5c: ; ImmutableOopMap {rbp=Oop [64]=Oop [72]=Oop [96]=Oop [104]=Oop [112]=Oop [128]=Oop }
                      ;*invokeinterface iterator {reexecute=0 rethrow=0 return_oop=0}
                      ; - java.util.HashSet::iterator@7
                      ; - java.util.Collections$UnmodifiableCollection$1::<init>@17
                      ; - java.util.Collections$UnmodifiableCollection::iterator@5
                      ; - org.eclipse.osgi.internal.loader.classpath.ClasspathManager::defineClass@576 (line 788)
  0x000001c839237a5c: a0f2 6cff 

  0x000001c839237a60: ;   {other}
  0x000001c839237a60: 0f1f 8400 | 5098 00ed | bac6 ffff | ff4c 8b54 | 2450 4c89 | 5424 204c | 8b54 2460 | 4c89 5424 
  0x000001c839237a80: 304c 896c | 2448 4c89 | 7424 504c | 895c 2460 

  0x000001c839237a90: ;   {runtime_call UncommonTrapBlob}
  0x000001c839237a90: c5f8 77e8 

  0x000001c839237a94: ; ImmutableOopMap {rbp=NarrowOop [32]=Oop [48]=Oop [72]=Oop [80]=Oop [96]=Oop [104]=Oop [112]=Oop [128]=Oop }
                      ;*invokevirtual keySet {reexecute=0 rethrow=0 return_oop=0}
                      ; - java.util.HashSet::iterator@4
                      ; - java.util.Collections$UnmodifiableCollection$1::<init>@17
                      ; - java.util.Collections$UnmodifiableCollection::iterator@5
                      ; - org.eclipse.osgi.internal.loader.classpath.ClasspathManager::defineClass@576 (line 788)
  0x000001c839237a94: 68f2 6cff 

  0x000001c839237a98: ;   {other}
  0x000001c839237a98: 0f1f 8400 | 8898 00ee | bac6 ffff | ff48 8b6c | 2450 4c8b | 4424 604c | 8944 2428 | 4c89 6c24 
  0x000001c839237ab8: 404c 8974 | 2448 4c89 | 5c24 584c | 8954 2460 

  0x000001c839237ac8: ;   {runtime_call UncommonTrapBlob}
  0x000001c839237ac8: c5f8 77e8 

  0x000001c839237acc: ; ImmutableOopMap {rbp=Oop [40]=Oop [64]=Oop [72]=Oop [88]=Oop [96]=Oop [104]=Oop [112]=Oop [128]=Oop }
                      ;*invokeinterface iterator {reexecute=0 rethrow=0 return_oop=0}
                      ; - java.util.HashSet::iterator@7
                      ; - java.util.Collections$UnmodifiableCollection$1::<init>@17
                      ; - java.util.Collections$UnmodifiableCollection::iterator@5
                      ; - org.eclipse.osgi.internal.loader.classpath.ClasspathManager::defineClass@576 (line 788)
  0x000001c839237acc: 30f2 6cff 

  0x000001c839237ad0: ;   {other}
  0x000001c839237ad0: 0f1f 8400 | c098 00ef | bae4 ffff | ff48 8b6c | 2450 4c8b | 9424 8000 | 0000 4c89 | 5424 204c 
  0x000001c839237af0: 8b54 2460 | 4c89 5424 | 284c 8b54 | 2468 4c89 | 5424 304c | 8b54 2470 | 4c89 5424 | 384c 8b54 
  0x000001c839237b10: 2448 4c89 | 5424 404c | 8b54 2458 | 4c89 5424 | 484c 8b94 | 2490 0000 | 004c 8954 | 2470 448b 
  0x000001c839237b30: 9c24 8c00 | 0000 4489 | 5c24 7c4c | 8b94 24a0 | 0000 004c | 8994 2490 | 0000 0044 | 8b94 2498 
  0x000001c839237b50: 0000 0044 | 8994 248c | 0000 0044 | 8984 24b0 | 0000 0090 

  0x000001c839237b64: ;   {runtime_call UncommonTrapBlob}
  0x000001c839237b64: c5f8 77e8 

  0x000001c839237b68: ; ImmutableOopMap {rbp=Oop [32]=Oop [40]=Oop [48]=Oop [56]=Oop [64]=Oop [72]=Oop [112]=Oop [136]=NarrowOop [140]=NarrowOop [144]=Oop [156]=NarrowOop [168]=Oop [248]=Oop }
                      ;*aaload {reexecute=0 rethrow=0 return_oop=0}
                      ; - java.security.CodeSource::getCertificates@50
                      ; - java.lang.ClassLoader::checkCerts@34
                      ; - java.lang.ClassLoader::preDefineClass@113
                      ; - java.lang.ClassLoader::defineClass@4
                      ; - org.eclipse.osgi.internal.loader.ModuleClassLoader::defineClass@37 (line 315)
                      ; - org.eclipse.osgi.internal.loader.classpath.ClasspathManager::defineClass@424 (line 779)
  0x000001c839237b68: 94f1 6cff 

  0x000001c839237b6c: ;   {other}
  0x000001c839237b6c: 0f1f 8400 | 5c99 00f0 | ba45 ffff | ff4c 896c | 2420 4c8b | 4424 604c | 8944 2430 | 4c8b 4424 
  0x000001c839237b8c: 684c 8944 | 2438 4c8b | 4424 704c | 8944 2440 | 4c89 5c24 | 5048 8974 | 2458 4c89 | 5424 684c 
  0x000001c839237bac: 8954 2470 | 4489 4c24 | 7866 6690 

  0x000001c839237bb8: ;   {runtime_call UncommonTrapBlob}
  0x000001c839237bb8: c5f8 77e8 

  0x000001c839237bbc: ; ImmutableOopMap {rbp=NarrowOop [32]=Oop [48]=Oop [56]=Oop [64]=Oop [80]=Oop [88]=Oop [104]=Oop [112]=Oop [128]=Oop }
                      ;*ifeq {reexecute=1 rethrow=0 return_oop=0}
                      ; - (reexecute) java.util.LinkedHashMap$LinkedHashIterator::<init>@16
                      ; - java.util.LinkedHashMap$LinkedKeyIterator::<init>@3
                      ; - java.util.LinkedHashMap$LinkedKeySet::iterator@12
                      ; - java.util.HashSet::iterator@7
                      ; - java.util.Collections$UnmodifiableCollection$1::<init>@17
                      ; - java.util.Collections$UnmodifiableCollection::iterator@5
                      ; - org.eclipse.osgi.internal.loader.classpath.ClasspathManager::defineClass@258 (line 764)
  0x000001c839237bbc: 40f1 6cff 

  0x000001c839237bc0: ;   {other}
  0x000001c839237bc0: 0f1f 8400 | b099 00f1 | bae4 ffff | ff48 8b6c | 2450 4c8b | 9424 8000 | 0000 4c89 | 5424 204c 
  0x000001c839237be0: 8b54 2460 | 4c89 5424 | 284c 8b54 | 2468 4c89 | 5424 304c | 8b54 2470 | 4c89 5424 | 384c 8b54 
  0x000001c839237c00: 2448 4c89 | 5424 404c | 8b54 2458 | 4c89 5424 | 484c 8b94 | 2490 0000 | 004c 8954 | 2458 448b 
  0x000001c839237c20: 9c24 8800 | 0000 4489 | 5c24 6844 | 8b94 248c | 0000 0044 | 8954 246c | 4c89 8c24 | 8800 0000 
  0x000001c839237c40: 4489 8424 | 8400 0000 | 898c 2490 | 0000 0090 

  0x000001c839237c50: ;   {runtime_call UncommonTrapBlob}
  0x000001c839237c50: c5f8 77e8 

  0x000001c839237c54: ; ImmutableOopMap {rbp=Oop [32]=Oop [40]=Oop [48]=Oop [56]=Oop [64]=Oop [72]=Oop [88]=Oop [104]=NarrowOop [108]=NarrowOop [132]=NarrowOop [136]=Oop [160]=Oop }
                      ;*aaload {reexecute=0 rethrow=0 return_oop=0}
                      ; - java.security.CodeSource::getCertificates@50
                      ; - java.lang.ClassLoader::postDefineClass@24
                      ; - java.lang.ClassLoader::defineClass@37
                      ; - org.eclipse.osgi.internal.loader.ModuleClassLoader::defineClass@37 (line 315)
                      ; - org.eclipse.osgi.internal.loader.classpath.ClasspathManager::defineClass@424 (line 779)
  0x000001c839237c54: a8f0 6cff 

  0x000001c839237c58: ;   {other}
  0x000001c839237c58: 0f1f 8400 | 489a 00f2 | ba45 ffff | ff4c 8b54 | 2450 4c89 | 5424 204c | 8b94 2480 | 0000 004c 
  0x000001c839237c78: 8954 2428 | 4c8b 5424 | 604c 8954 | 2430 4c8b | 5424 684c | 8954 2438 | 4c8b 5424 | 704c 8954 
  0x000001c839237c98: 2440 4c89 | 6c24 484c | 8974 2450 | 4c89 5c24 | 6048 894c | 2470 4889 | 4c24 7844 | 8984 2480 
  0x000001c839237cb8: 0000 0090 

  0x000001c839237cbc: ;   {runtime_call UncommonTrapBlob}
  0x000001c839237cbc: c5f8 77e8 

  0x000001c839237cc0: ; ImmutableOopMap {rbp=NarrowOop [32]=Oop [40]=Oop [48]=Oop [56]=Oop [64]=Oop [72]=Oop [80]=Oop [96]=Oop [112]=Oop [120]=Oop }
                      ;*ifeq {reexecute=1 rethrow=0 return_oop=0}
                      ; - (reexecute) java.util.LinkedHashMap$LinkedHashIterator::<init>@16
                      ; - java.util.LinkedHashMap$LinkedKeyIterator::<init>@3
                      ; - java.util.LinkedHashMap$LinkedKeySet::iterator@12
                      ; - java.util.HashSet::iterator@7
                      ; - java.util.Collections$UnmodifiableCollection$1::<init>@17
                      ; - java.util.Collections$UnmodifiableCollection::iterator@5
                      ; - org.eclipse.osgi.internal.loader.classpath.ClasspathManager::defineClass@576 (line 788)
  0x000001c839237cc0: 3cf0 6cff 

  0x000001c839237cc4: ;   {other}
  0x000001c839237cc4: 0f1f 8400 | b49a 00f3 | 894c 2444 | 4489 5c24 | 404d 63d8 | e942 c0ff | ffba ccff | ffff 488b 
  0x000001c839237ce4: 6c24 504c | 8b84 2480 | 0000 004c | 8944 2420 | 4c8b 4424 | 604c 8944 | 2428 4c8b | 4424 684c 
  0x000001c839237d04: 8944 2430 | 4c8b 4424 | 704c 8944 | 2438 4c8b | 4424 484c | 8944 2440 | 4c8b 4424 | 584c 8944 
  0x000001c839237d24: 2448 4c8b | 8424 9000 | 0000 4c89 | 4424 6844 | 8b8c 2488 | 0000 0044 | 894c 2470 | 448b 8424 
  0x000001c839237d44: 8c00 0000 | 4489 4424 | 7444 8994 | 2480 0000 | 0044 899c | 2484 0000 | 0066 6690 

  0x000001c839237d60: ;   {runtime_call UncommonTrapBlob}
  0x000001c839237d60: c5f8 77e8 

  0x000001c839237d64: ; ImmutableOopMap {rbp=Oop [32]=Oop [40]=Oop [48]=Oop [56]=Oop [64]=Oop [72]=Oop [104]=Oop [112]=NarrowOop [128]=NarrowOop [132]=NarrowOop [144]=Oop [152]=Oop [160]=Oop }
                      ;*new {reexecute=0 rethrow=0 return_oop=0}
                      ; - java.net.URLStreamHandler::toExternalForm@35
                      ; - java.net.URL::toExternalForm@5
                      ; - java.net.URL::toString@1
                      ; - java.lang.ClassLoader::defineClassSourceLocation@22
                      ; - java.lang.ClassLoader::defineClass@12
                      ; - org.eclipse.osgi.internal.loader.ModuleClassLoader::defineClass@37 (line 315)
                      ; - org.eclipse.osgi.internal.loader.classpath.ClasspathManager::defineClass@424 (line 779)
  0x000001c839237d64: 98ef 6cff 

  0x000001c839237d68: ;   {other}
  0x000001c839237d68: 0f1f 8400 | 589b 00f4 | 8bef e9ea | cfff ffba | deff ffff | 488b 6c24 | 504c 8b54 | 2438 4c89 
  0x000001c839237d88: 5424 204c | 8b54 2440 | 4c89 5424 | 284c 8b54 | 2468 4c89 | 5424 304c | 8b54 2470 | 4c89 5424 
  0x000001c839237da8: 384c 8b54 | 2448 4c89 | 5424 404c | 8b54 2458 | 4c89 5424 | 484c 8b94 | 2490 0000 | 004c 8954 
  0x000001c839237dc8: 2470 4c8b | 9424 9800 | 0000 4c89 | 9424 9000 | 0000 4889 | 8424 9800 | 0000 6690 

  0x000001c839237de4: ;   {runtime_call UncommonTrapBlob}
  0x000001c839237de4: c5f8 77e8 

  0x000001c839237de8: ; ImmutableOopMap {rbp=Oop [32]=Oop [40]=Oop [48]=Oop [56]=Oop [64]=Oop [72]=Oop [112]=Oop [136]=NarrowOop [144]=Oop [152]=Oop [248]=Oop }
                      ;*checkcast {reexecute=0 rethrow=0 return_oop=0}
                      ; - java.lang.ClassLoader::checkCerts@65
                      ; - java.lang.ClassLoader::preDefineClass@113
                      ; - java.lang.ClassLoader::defineClass@4
                      ; - org.eclipse.osgi.internal.loader.ModuleClassLoader::defineClass@37 (line 315)
                      ; - org.eclipse.osgi.internal.loader.classpath.ClasspathManager::defineClass@424 (line 779)
  0x000001c839237de8: 14ef 6cff 

  0x000001c839237dec: ;   {other}
  0x000001c839237dec: 0f1f 8400 | dc9b 00f5 | bade ffff | ff4c 8b94 | 2480 0000 | 004c 8954 | 2428 4c8b | 5424 604c 
  0x000001c839237e0c: 8954 2430 | 4c8b 5424 | 684c 8954 | 2438 4c8b | 5424 704c | 8954 2440 | 4c89 6c24 | 484c 8b54 
  0x000001c839237e2c: 2478 4c89 | 5424 5844 | 894c 246c | 4889 5c24 | 7844 895c | 2474 4889 | 9c24 8000 | 0000 6690 
  0x000001c839237e4c: ;   {runtime_call UncommonTrapBlob}
  0x000001c839237e4c: c5f8 77e8 

  0x000001c839237e50: ; ImmutableOopMap {rbp=NarrowOop [40]=Oop [48]=Oop [56]=Oop [64]=Oop [72]=Oop [88]=Oop [108]=NarrowOop [116]=NarrowOop [120]=Oop [128]=Oop }
                      ;*checkcast {reexecute=0 rethrow=0 return_oop=0}
                      ; - java.lang.ClassLoader::getDefinedPackage@16
                      ; - java.lang.ClassLoader::getPackage@2
                      ; - org.eclipse.osgi.internal.loader.ModuleClassLoader::publicGetPackage@9 (line 330)
                      ; - org.eclipse.osgi.internal.loader.classpath.ClasspathManager::definePackage@26 (line 825)
                      ; - org.eclipse.osgi.internal.loader.classpath.ClasspathManager::defineClass@9 (line 733)
  0x000001c839237e50: acee 6cff 

  0x000001c839237e54: ;   {other}
  0x000001c839237e54: 0f1f 8400 | 449c 00f6 | ba66 ffff | ff48 8b6c | 2450 4c8b | 9424 8000 | 0000 4c89 | 5424 204c 
  0x000001c839237e74: 8b54 2460 | 4c89 5424 | 284c 8b54 | 2468 4c89 | 5424 304c | 8b54 2470 | 4c89 5424 | 384c 8b54 
  0x000001c839237e94: 2448 4c89 | 5424 404c | 8b54 2458 | 4c89 5424 | 484c 8b94 | 2490 0000 | 004c 8954 | 2470 448b 
  0x000001c839237eb4: 9424 8800 | 0000 4489 | 5424 7844 | 8b9c 248c | 0000 0044 | 895c 247c | 4c89 ac24 | 9800 0000 
  0x000001c839237ed4: 448b 9424 | b800 0000 | 4489 9424 | a000 0000 | 4489 b424 | a400 0000 | c5fb 118c | 24b0 0000 
  0x000001c839237ef4: 0044 8b9c | 24c0 0000 | 0044 899c | 24ac 0000 | 0044 8984 | 24b8 0000 | 00c5 fa11 | 8424 bc00 
  0x000001c839237f14: 0000 c5fa | 1184 24c0 | 0000 0090 

  0x000001c839237f20: ;   {runtime_call UncommonTrapBlob}
  0x000001c839237f20: c5f8 77e8 

  0x000001c839237f24: ; ImmutableOopMap {rbp=Oop [32]=Oop [40]=Oop [48]=Oop [56]=Oop [64]=Oop [72]=Oop [112]=Oop [120]=NarrowOop [152]=Oop [176]=Oop [184]=NarrowOop [188]=NarrowOop [192]=NarrowOop [248]=Oop }
                      ;*instanceof {reexecute=0 rethrow=0 return_oop=0}
                      ; - sun.security.x509.X509CertImpl::getEncodedInternal@1
                      ; - java.security.cert.Certificate::equals@17
                      ; - java.lang.ClassLoader::compareCerts@81
                      ; - java.lang.ClassLoader::checkCerts@80
                      ; - java.lang.ClassLoader::preDefineClass@113
                      ; - java.lang.ClassLoader::defineClass@4
                      ; - org.eclipse.osgi.internal.loader.ModuleClassLoader::defineClass@37 (line 315)
                      ; - org.eclipse.osgi.internal.loader.classpath.ClasspathManager::defineClass@424 (line 779)
  0x000001c839237f24: d8ed 6cff 

  0x000001c839237f28: ;   {other}
  0x000001c839237f28: 0f1f 8400 | 189d 00f7 | ba66 ffff | ff4c 8b54 | 2450 4c89 | 5424 204c | 8b94 2480 | 0000 004c 
  0x000001c839237f48: 8954 2428 | 4c8b 5424 | 684c 8954 | 2438 4c8b | 5424 704c | 8954 2440 | 4c8b 5424 | 584c 8954 
  0x000001c839237f68: 2450 4c8b | 9424 9000 | 0000 4c89 | 5424 7844 | 8b94 2488 | 0000 0044 | 8994 2480 | 0000 0044 
  0x000001c839237f88: 8b9c 248c | 0000 0044 | 899c 2484 | 0000 00c5 | fb11 8c24 | 9800 0000 | 4489 b424 | a400 0000 
  0x000001c839237fa8: 4c89 ac24 | b000 0000 | 448b 9c24 | b800 0000 | 4489 9c24 | ac00 0000 | c5fa 1184 | 24b8 0000 
  0x000001c839237fc8: 00c5 fa11 | 8424 bc00 | 0000 6690 

  0x000001c839237fd4: ;   {runtime_call UncommonTrapBlob}
  0x000001c839237fd4: c5f8 77e8 

  0x000001c839237fd8: ; ImmutableOopMap {rbp=NarrowOop [32]=Oop [40]=Oop [56]=Oop [64]=Oop [72]=Oop [80]=Oop [96]=Oop [120]=Oop [128]=NarrowOop [152]=Oop [176]=Oop [184]=NarrowOop [188]=NarrowOop [248]=Oop }
                      ;*instanceof {reexecute=0 rethrow=0 return_oop=0}
                      ; - sun.security.x509.X509CertImpl::getEncodedInternal@1
                      ; - java.security.cert.Certificate::equals@17
                      ; - java.lang.ClassLoader::compareCerts@166
                      ; - java.lang.ClassLoader::checkCerts@80
                      ; - java.lang.ClassLoader::preDefineClass@113
                      ; - java.lang.ClassLoader::defineClass@4
                      ; - org.eclipse.osgi.internal.loader.ModuleClassLoader::defineClass@37 (line 315)
                      ; - org.eclipse.osgi.internal.loader.classpath.ClasspathManager::defineClass@424 (line 779)
  0x000001c839237fd8: 24ed 6cff 

  0x000001c839237fdc: ;   {other}
  0x000001c839237fdc: 0f1f 8400 | cc9d 00f8 | 4533 c9ba | 66ff ffff | 4c8b 5424 | 504c 8954 | 2420 4c8b | 9424 8000 
  0x000001c839237ffc: 0000 4c89 | 5424 284c | 8b54 2468 | 4c89 5424 | 384c 8b54 | 2470 4c89 | 5424 404c | 8b54 2458 
  0x000001c83923801c: 4c89 5424 | 504c 8b94 | 2490 0000 | 004c 8954 | 2478 448b | 9424 8800 | 0000 4489 | 9424 8000 
  0x000001c83923803c: 0000 448b | 9c24 8c00 | 0000 4489 | 9c24 8400 | 0000 4c89 | ac24 a000 | 0000 448b | 9424 b800 
  0x000001c83923805c: 0000 4489 | 9424 a800 | 0000 4489 | b424 ac00 | 0000 c5fa | 1184 24b0 | 0000 00c5 | fb11 8c24 
  0x000001c83923807c: b800 0000 | 448b 9c24 | c000 0000 | 4489 9c24 | b400 0000 | 4489 8c24 | c000 0000 | c5fa 1194 
  0x000001c83923809c: 24c4 0000 | 0066 6690 

  0x000001c8392380a4: ;   {runtime_call UncommonTrapBlob}
  0x000001c8392380a4: c5f8 77e8 

  0x000001c8392380a8: ; ImmutableOopMap {rbp=Oop [32]=Oop [40]=Oop [56]=Oop [64]=Oop [72]=Oop [80]=Oop [96]=Oop [120]=Oop [128]=NarrowOop [160]=Oop [176]=NarrowOop [184]=Oop [196]=NarrowOop [248]=Oop }
                      ;*instanceof {reexecute=0 rethrow=0 return_oop=0}
                      ; - sun.security.x509.X509CertImpl::getEncodedInternal@1
                      ; - java.security.cert.Certificate::equals@25
                      ; - java.lang.ClassLoader::compareCerts@81
                      ; - java.lang.ClassLoader::checkCerts@80
                      ; - java.lang.ClassLoader::preDefineClass@113
                      ; - java.lang.ClassLoader::defineClass@4
                      ; - org.eclipse.osgi.internal.loader.ModuleClassLoader::defineClass@37 (line 315)
                      ; - org.eclipse.osgi.internal.loader.classpath.ClasspathManager::defineClass@424 (line 779)
  0x000001c8392380a8: 54ec 6cff 

  0x000001c8392380ac: ;   {other}
  0x000001c8392380ac: 0f1f 8400 | 9c9e 00f9 | 4533 dbba | 66ff ffff | 488b 6c24 | 504c 8b94 | 2480 0000 | 004c 8954 
  0x000001c8392380cc: 2420 4c8b | 5424 604c | 8954 2428 | 4c8b 5424 | 684c 8954 | 2430 4c8b | 5424 704c | 8954 2438 
  0x000001c8392380ec: 4c8b 5424 | 484c 8954 | 2440 4c8b | 5424 584c | 8954 2448 | 4c8b 9424 | 9000 0000 | 4c89 5424 
  0x000001c83923810c: 7044 8b94 | 2488 0000 | 0044 8954 | 2478 448b | 8424 8c00 | 0000 4489 | 4424 7cc5 | fb11 8c24 
  0x000001c83923812c: 9000 0000 | 448b 9424 | c000 0000 | 4489 9424 | 9800 0000 | 4489 b424 | 9c00 0000 | c5fa 1184 
  0x000001c83923814c: 24a0 0000 | 004c 89ac | 24a8 0000 | 0044 8b84 | 24b8 0000 | 0044 8984 | 24a4 0000 | 0044 899c 
  0x000001c83923816c: 24b0 0000 | 00c5 fa11 | 9424 b400 | 0000 4c89 | 8c24 c000 | 0000 6690 

  0x000001c839238184: ;   {runtime_call UncommonTrapBlob}
  0x000001c839238184: c5f8 77e8 

  0x000001c839238188: ; ImmutableOopMap {rbp=Oop [32]=Oop [40]=Oop [48]=Oop [56]=Oop [64]=Oop [72]=Oop [112]=Oop [120]=NarrowOop [144]=Oop [160]=NarrowOop [168]=Oop [180]=NarrowOop [192]=Oop [248]=Oop }
                      ;*instanceof {reexecute=0 rethrow=0 return_oop=0}
                      ; - sun.security.x509.X509CertImpl::getEncodedInternal@1
                      ; - java.security.cert.Certificate::equals@25
                      ; - java.lang.ClassLoader::compareCerts@166
                      ; - java.lang.ClassLoader::checkCerts@80
                      ; - java.lang.ClassLoader::preDefineClass@113
                      ; - java.lang.ClassLoader::defineClass@4
                      ; - org.eclipse.osgi.internal.loader.ModuleClassLoader::defineClass@37 (line 315)
                      ; - org.eclipse.osgi.internal.loader.classpath.ClasspathManager::defineClass@424 (line 779)
  0x000001c839238188: 74eb 6cff 

  0x000001c83923818c: ;   {other}
  0x000001c83923818c: 0f1f 8400 | 7c9f 00fa | bade ffff | ff48 8b6c | 2450 4c8b | 5424 404c | 8954 2420 | 4c8b 5424 
  0x000001c8392381ac: 604c 8954 | 2428 4c8b | 5424 684c | 8954 2430 | 4c8b 5424 | 704c 8954 | 2438 4c8b | 5424 484c 
  0x000001c8392381cc: 8954 2440 | 4c8b 5424 | 584c 8954 | 2448 4c8b | 9424 9000 | 0000 4c89 | 5424 7044 | 8b9c 248c 
  0x000001c8392381ec: 0000 0044 | 895c 247c | 4c8b 9424 | a000 0000 | 4c89 9424 | 9000 0000 | 4889 8424 | a000 0000 
  0x000001c83923820c: ;   {runtime_call UncommonTrapBlob}
  0x000001c83923820c: c5f8 77e8 

  0x000001c839238210: ; ImmutableOopMap {rbp=Oop [32]=Oop [40]=Oop [48]=Oop [56]=Oop [64]=Oop [72]=Oop [112]=Oop [136]=NarrowOop [144]=Oop [152]=NarrowOop [160]=Oop [248]=Oop }
                      ;*checkcast {reexecute=0 rethrow=0 return_oop=0}
                      ; - java.security.CodeSource::getCertificates@76
                      ; - java.lang.ClassLoader::checkCerts@34
                      ; - java.lang.ClassLoader::preDefineClass@113
                      ; - java.lang.ClassLoader::defineClass@4
                      ; - org.eclipse.osgi.internal.loader.ModuleClassLoader::defineClass@37 (line 315)
                      ; - org.eclipse.osgi.internal.loader.classpath.ClasspathManager::defineClass@424 (line 779)
  0x000001c839238210: ecea 6cff 

  0x000001c839238214: ;   {other}
  0x000001c839238214: 0f1f 8400 | 04a0 00fb | bade ffff | ff4c 8b94 | 2480 0000 | 004c 8954 | 2420 4c8b | 5424 604c 
  0x000001c839238234: 8954 2428 | 4c8b 5424 | 684c 8954 | 2430 4c8b | 5424 704c | 8954 2438 | 4c8b 5424 | 484c 8954 
  0x000001c839238254: 2440 4c8b | 5424 584c | 8954 2448 | 4c8b 9424 | 9000 0000 | 4c89 5424 | 5848 8984 | 2480 0000 
  0x000001c839238274: 0066 6690 

  0x000001c839238278: ;   {runtime_call UncommonTrapBlob}
  0x000001c839238278: c5f8 77e8 

  0x000001c83923827c: ; ImmutableOopMap {rbp=Oop [32]=Oop [40]=Oop [48]=Oop [56]=Oop [64]=Oop [72]=Oop [88]=Oop [128]=Oop [136]=NarrowOop [140]=NarrowOop [144]=Oop [160]=Oop }
                      ;*checkcast {reexecute=0 rethrow=0 return_oop=0}
                      ; - java.security.CodeSource::getCertificates@76
                      ; - java.lang.ClassLoader::postDefineClass@24
                      ; - java.lang.ClassLoader::defineClass@37
                      ; - org.eclipse.osgi.internal.loader.ModuleClassLoader::defineClass@37 (line 315)
                      ; - org.eclipse.osgi.internal.loader.classpath.ClasspathManager::defineClass@424 (line 779)
  0x000001c83923827c: 80ea 6cff 

  0x000001c839238280: ;   {other}
  0x000001c839238280: 0f1f 8400 | 70a0 00fc | bade ffff | ff48 8b6c | 2450 4c8b | 5c24 604c | 895c 2428 | 4c8b 5c24 
  0x000001c8392382a0: 684c 895c | 2430 4c8b | 5c24 704c | 895c 2438 | 4c8b 5c24 | 484c 895c | 2440 4c8b | 5c24 584c 
  0x000001c8392382c0: 895c 2448 | 4489 7424 | 5844 8954 | 245c 894c | 246c 4c8b | 5424 784c | 8954 2470 

  0x000001c8392382dc: ;   {runtime_call UncommonTrapBlob}
  0x000001c8392382dc: c5f8 77e8 

  0x000001c8392382e0: ; ImmutableOopMap {rbp=Oop [40]=Oop [48]=Oop [56]=Oop [64]=Oop [72]=Oop [108]=NarrowOop [112]=Oop [128]=Oop [136]=NarrowOop }
                      ;*instanceof {reexecute=0 rethrow=0 return_oop=0}
                      ; - java.lang.String::equals@8
                      ; - java.util.ArrayList::remove@50
                      ; - org.eclipse.osgi.internal.loader.classpath.ClasspathManager::defineClass@455 (line 781)
  0x000001c8392382e0: 1cea 6cff 

  0x000001c8392382e4: ;   {other}
  0x000001c8392382e4: 0f1f 8400 | d4a0 00fd | bade ffff | ff4c 8b54 | 2460 4c89 | 5424 284c | 8b54 2468 | 4c89 5424 
  0x000001c839238304: 304c 8b54 | 2470 4c89 | 5424 38c5 | fb11 4424 | 404c 8974 | 2448 4489 | 4c24 5c44 | 896c 2460 
  0x000001c839238324: 895c 2470 

  0x000001c839238328: ;   {runtime_call UncommonTrapBlob}
  0x000001c839238328: c5f8 77e8 

  0x000001c83923832c: ; ImmutableOopMap {rbp=Oop [40]=Oop [48]=Oop [56]=Oop [64]=Oop [72]=Oop [92]=NarrowOop [112]=NarrowOop [128]=Oop }
                      ;*instanceof {reexecute=0 rethrow=0 return_oop=0}
                      ; - java.lang.String::equals@8
                      ; - java.util.ArrayList::indexOfRange@54
                      ; - java.util.ArrayList::indexOf@7
                      ; - java.util.ArrayList::contains@2
                      ; - org.eclipse.osgi.internal.loader.classpath.ClasspathManager::defineClass@319 (line 773)
  0x000001c83923832c: d0e9 6cff 

  0x000001c839238330: ;   {other}
  0x000001c839238330: 0f1f 8400 | 20a1 00fe | bade ffff | ff4c 8b84 | 2480 0000 | 004c 8944 | 2428 4c8b | 4424 604c 
  0x000001c839238350: 8944 2430 | 4c8b 4424 | 684c 8944 | 2438 4c8b | 4424 704c | 8944 2440 | 4c89 6c24 | 484c 8b44 
  0x000001c839238370: 2478 4c89 | 4424 5844 | 894c 246c | 4889 5c24 | 7844 895c | 2474 4889 | 9c24 8000 | 0000 4489 
  0x000001c839238390: 9424 8800 | 0000 6690 

  0x000001c839238398: ;   {runtime_call UncommonTrapBlob}
  0x000001c839238398: c5f8 77e8 

  0x000001c83923839c: ; ImmutableOopMap {rbp=NarrowOop [40]=Oop [48]=Oop [56]=Oop [64]=Oop [72]=Oop [88]=Oop [108]=NarrowOop [116]=NarrowOop [120]=Oop [128]=Oop [136]=NarrowOop }
                      ;*checkcast {reexecute=0 rethrow=0 return_oop=0}
                      ; - java.lang.ClassLoader::definePackage@50
                      ; - java.lang.ClassLoader::getDefinedPackage@32
                      ; - java.lang.ClassLoader::getPackage@2
                      ; - org.eclipse.osgi.internal.loader.ModuleClassLoader::publicGetPackage@9 (line 330)
                      ; - org.eclipse.osgi.internal.loader.classpath.ClasspathManager::definePackage@26 (line 825)
                      ; - org.eclipse.osgi.internal.loader.classpath.ClasspathManager::defineClass@9 (line 733)
  0x000001c83923839c: 60e9 6cff 

  0x000001c8392383a0: ;   {other}
  0x000001c8392383a0: 0f1f 8400 | 90a1 00ff | bade ffff | ff49 8bed | 4c89 4424 | 4866 6690 

  0x000001c8392383b8: ;   {runtime_call UncommonTrapBlob}
  0x000001c8392383b8: c5f8 77e8 

  0x000001c8392383bc: ; ImmutableOopMap {rbp=Oop [72]=Oop [96]=Oop [104]=Oop [112]=Oop [120]=Oop [128]=Oop }
                      ;*checkcast {reexecute=0 rethrow=0 return_oop=0}
                      ; - org.eclipse.osgi.internal.loader.classpath.ClasspathManager::defineClass@19 (line 734)
  0x000001c8392383bc: 40e9 6cff 

  0x000001c8392383c0: ;   {other}
  0x000001c8392383c0: 0f1f 8400 | 0000 0000 | 4889 4424 | 20e9 929d | ffff 4889 | 4424 20e9 | 889d ffff | 488b d0e9 
  0x000001c8392383e0: 819e ffff | 488b d0e9 | 799e ffff | 488b d0e9 | 719e ffff | 488b d0e9 | 699e ffff | 488b d0e9 
  0x000001c839238400: 619e ffff | 4889 4424 | 20e9 259d | ffff baf4 | ffff ff48 | 8b6c 2450 

  0x000001c839238418: ;   {runtime_call UncommonTrapBlob}
  0x000001c839238418: c5f8 77e8 

  0x000001c83923841c: ; ImmutableOopMap {rbp=Oop [64]=Oop [72]=Oop [96]=Oop [104]=Oop [112]=Oop [128]=Oop [144]=Oop }
                      ;*checkcast {reexecute=0 rethrow=0 return_oop=0}
                      ; - org.eclipse.osgi.internal.loader.classpath.ClasspathManager::defineClass@275 (line 764)
  0x000001c83923841c: e0e8 6cff 

  0x000001c839238420: ;   {other}
  0x000001c839238420: 0f1f 8400 | 0000 0000 | baf6 ffff | ff4c 896c | 2420 4c89 | 5c24 5048 | 8974 2458 

  0x000001c83923843c: ;   {runtime_call UncommonTrapBlob}
  0x000001c83923843c: c5f8 77e8 

  0x000001c839238440: ; ImmutableOopMap {rbp=Oop [32]=Oop [80]=Oop [88]=Oop [96]=Oop [104]=Oop [112]=Oop [128]=Oop }
                      ;*getfield modCount {reexecute=1 rethrow=0 return_oop=0}
                      ; - (reexecute) java.util.HashMap$HashIterator::nextNode@9
                      ; - java.util.HashMap$KeyIterator::next@1
                      ; - java.util.Collections$UnmodifiableCollection$1::next@4
                      ; - org.eclipse.osgi.internal.loader.classpath.ClasspathManager::defineClass@270 (line 764)
  0x000001c839238440: bce8 6cff 

  0x000001c839238444: ;   {other}
  0x000001c839238444: 0f1f 8400 | 0000 0000 | 4889 4424 | 20e9 0e9d | ffff baf6 | ffff ff48 | 8b6c 2450 | 4c89 6c24 
  0x000001c839238464: 404c 8974 | 2448 4c89 | 5c24 5090 

  0x000001c839238470: ;   {runtime_call UncommonTrapBlob}
  0x000001c839238470: c5f8 77e8 

  0x000001c839238474: ; ImmutableOopMap {rbp=Oop [64]=Oop [72]=Oop [80]=Oop [96]=Oop [104]=Oop [112]=Oop [128]=Oop }
                      ;*invokeinterface next {reexecute=0 rethrow=0 return_oop=0}
                      ; - java.util.Collections$UnmodifiableCollection$1::next@4
                      ; - org.eclipse.osgi.internal.loader.classpath.ClasspathManager::defineClass@588 (line 788)
  0x000001c839238474: 88e8 6cff 

  0x000001c839238478: ;   {other}
  0x000001c839238478: 0f1f 8400 | 0000 0000 | baf4 ffff | ff48 8b6c | 2450 4c89 | 6c24 404c | 8974 2448 | 4c89 5c24 
  0x000001c839238498: 5066 6690 

  0x000001c83923849c: ;   {runtime_call UncommonTrapBlob}
  0x000001c83923849c: c5f8 77e8 

  0x000001c8392384a0: ; ImmutableOopMap {rbp=Oop [64]=Oop [72]=Oop [80]=Oop [96]=Oop [104]=Oop [112]=Oop [128]=Oop }
                      ;*checkcast {reexecute=0 rethrow=0 return_oop=0}
                      ; - org.eclipse.osgi.internal.loader.classpath.ClasspathManager::defineClass@593 (line 788)
  0x000001c8392384a0: 5ce8 6cff 

  0x000001c8392384a4: ;   {other}
  0x000001c8392384a4: 0f1f 8400 | 0000 0000 | 488b d0e9 | b19d ffff | 488b d0e9 | a99d ffff | 4889 4424 | 20e9 9e9c 
  0x000001c8392384c4: ffff baf6 | ffff ff48 | 8b6c 2450 | 4c89 6c24 | 404c 8974 | 2448 4c89 | 5c24 5090 

  0x000001c8392384e0: ;   {runtime_call UncommonTrapBlob}
  0x000001c8392384e0: c5f8 77e8 

  0x000001c8392384e4: ; ImmutableOopMap {rbp=Oop [64]=Oop [72]=Oop [80]=Oop [96]=Oop [104]=Oop [112]=Oop [128]=Oop }
                      ;*getfield modCount {reexecute=1 rethrow=0 return_oop=0}
                      ; - (reexecute) java.util.HashMap$HashIterator::nextNode@9
                      ; - java.util.HashMap$KeyIterator::next@1
                      ; - java.util.Collections$UnmodifiableCollection$1::next@4
                      ; - org.eclipse.osgi.internal.loader.classpath.ClasspathManager::defineClass@588 (line 788)
  0x000001c8392384e4: 18e8 6cff 

  0x000001c8392384e8: ;   {other}
  0x000001c8392384e8: 0f1f 8400 | 0000 0000 | 488b d0e9 | 6d9d ffff | baf4 ffff | ff66 6690 

  0x000001c839238500: ;   {runtime_call UncommonTrapBlob}
  0x000001c839238500: c5f8 77e8 

  0x000001c839238504: ; ImmutableOopMap {[32]=Oop [64]=Oop [80]=Oop [96]=Oop [104]=Oop [112]=Oop [128]=Oop }
                      ;*checkcast {reexecute=0 rethrow=0 return_oop=0}
                      ; - org.eclipse.osgi.internal.loader.classpath.ClasspathManager::defineClass@514 (line 788)
  0x000001c839238504: f8e7 6cff 

  0x000001c839238508: ;   {other}
  0x000001c839238508: 0f1f 8400 | 0000 0000 | 4889 4424 | 20e9 4a9c | ffff ba45 | ffff ff4c | 896c 2420 | 4c8b 4424 
  0x000001c839238528: 604c 8944 | 2430 4c89 | 5c24 5044 | 8954 245c | 4889 7424 | 6066 6690 

  0x000001c839238540: ;   {runtime_call UncommonTrapBlob}
  0x000001c839238540: c5f8 77e8 

  0x000001c839238544: ; ImmutableOopMap {rbp=Oop [32]=Oop [48]=Oop [80]=Oop [92]=NarrowOop [96]=Oop [104]=Oop [112]=Oop [128]=Oop }
                      ;*ifnonnull {reexecute=1 rethrow=0 return_oop=0}
                      ; - (reexecute) java.util.HashMap$HashIterator::nextNode@28
                      ; - java.util.HashMap$KeyIterator::next@1
                      ; - java.util.Collections$UnmodifiableCollection$1::next@4
                      ; - org.eclipse.osgi.internal.loader.classpath.ClasspathManager::defineClass@270 (line 764)
  0x000001c839238544: b8e7 6cff 

  0x000001c839238548: ;   {other}
  0x000001c839238548: 0f1f 8400 | 0000 0000 | ba45 ffff | ff49 8bed | 4c8b 4424 | 604c 8944 | 2428 4c8b | 4424 684c 
  0x000001c839238568: 8944 2430 | 4489 5424 | 5444 895c | 2458 6690 

  0x000001c839238578: ;   {runtime_call UncommonTrapBlob}
  0x000001c839238578: c5f8 77e8 

  0x000001c83923857c: ; ImmutableOopMap {rbp=Oop [40]=Oop [48]=Oop [64]=Oop [72]=Oop [84]=NarrowOop [88]=NarrowOop [112]=Oop [128]=Oop [144]=Oop }
                      ;*ifnull {reexecute=1 rethrow=0 return_oop=0}
                      ; - (reexecute) java.util.HashMap$HashIterator::nextNode@65
                      ; - java.util.HashMap$KeyIterator::next@1
                      ; - java.util.Collections$UnmodifiableCollection$1::next@4
                      ; - org.eclipse.osgi.internal.loader.classpath.ClasspathManager::defineClass@270 (line 764)
  0x000001c83923857c: 80e7 6cff 

  0x000001c839238580: ;   {other}
  0x000001c839238580: 0f1f 8400 | 0000 0000 | baf6 ffff | ff48 8b6c | 2450 6690 

  0x000001c839238594: ;   {runtime_call UncommonTrapBlob}
  0x000001c839238594: c5f8 77e8 

  0x000001c839238598: ; ImmutableOopMap {rbp=Oop [96]=Oop [104]=Oop [112]=Oop [120]=Oop [128]=Oop }
                      ;*invokevirtual lastIndexOf {reexecute=0 rethrow=0 return_oop=0}
                      ; - org.eclipse.osgi.internal.loader.classpath.ClasspathManager::definePackage@3 (line 820)
                      ; - org.eclipse.osgi.internal.loader.classpath.ClasspathManager::defineClass@9 (line 733)
  0x000001c839238598: 64e7 6cff 

  0x000001c83923859c: ;   {other}
  0x000001c83923859c: 0f1f 8400 | 0000 0000 | baf6 ffff | ff48 8b6c | 2450 6690 

  0x000001c8392385b0: ;   {runtime_call UncommonTrapBlob}
  0x000001c8392385b0: c5f8 77e8 

  0x000001c8392385b4: ; ImmutableOopMap {rbp=Oop [96]=Oop [104]=Oop [112]=Oop [120]=Oop [128]=Oop }
                      ;*arraylength {reexecute=0 rethrow=0 return_oop=0}
                      ; - java.lang.String::length@4
                      ; - java.lang.String::lastIndexOf@3
                      ; - org.eclipse.osgi.internal.loader.classpath.ClasspathManager::definePackage@3 (line 820)
                      ; - org.eclipse.osgi.internal.loader.classpath.ClasspathManager::defineClass@9 (line 733)
  0x000001c8392385b4: 48e7 6cff 

  0x000001c8392385b8: ;   {other}
  0x000001c8392385b8: 0f1f 8400 | 0000 0000 | baf6 ffff | ff49 8bed 

  0x000001c8392385c8: ;   {runtime_call UncommonTrapBlob}
  0x000001c8392385c8: c5f8 77e8 

  0x000001c8392385cc: ; ImmutableOopMap {rbp=Oop [96]=Oop [104]=Oop [112]=Oop [120]=Oop [128]=Oop [136]=Oop }
                      ;*invokevirtual publicGetPackage {reexecute=0 rethrow=0 return_oop=0}
                      ; - org.eclipse.osgi.internal.loader.classpath.ClasspathManager::definePackage@26 (line 825)
                      ; - org.eclipse.osgi.internal.loader.classpath.ClasspathManager::defineClass@9 (line 733)
  0x000001c8392385cc: 30e7 6cff 

  0x000001c8392385d0: ;   {other}
  0x000001c8392385d0: 0f1f 8400 | 0000 0000 | baf6 ffff | ff49 8bed 

  0x000001c8392385e0: ;   {runtime_call UncommonTrapBlob}
  0x000001c8392385e0: c5f8 77e8 

  0x000001c8392385e4: ; ImmutableOopMap {rbp=Oop [96]=Oop [104]=Oop [112]=Oop [120]=Oop [128]=Oop }
                      ;*invokevirtual get {reexecute=0 rethrow=0 return_oop=0}
                      ; - org.eclipse.osgi.internal.loader.classpath.ClasspathManager::defineClass@16 (line 734)
  0x000001c8392385e4: 18e7 6cff 

  0x000001c8392385e8: ;   {other}
  0x000001c8392385e8: 0f1f 8400 | 0000 0000 | baf6 ffff | ff49 8bed | 4c89 5c24 | 4066 6690 

  0x000001c839238600: ;   {runtime_call UncommonTrapBlob}
  0x000001c839238600: c5f8 77e8 

  0x000001c839238604: ; ImmutableOopMap {rbp=Oop [64]=Oop [96]=Oop [104]=Oop [112]=Oop [120]=Oop [128]=Oop }
                      ;*invokevirtual getContainer {reexecute=0 rethrow=0 return_oop=0}
                      ; - org.eclipse.osgi.internal.loader.classpath.ClasspathManager::defineClass@51 (line 741)
  0x000001c839238604: f8e6 6cff 

  0x000001c839238608: ;   {other}
  0x000001c839238608: 0f1f 8400 | 0000 0000 | baf6 ffff | ff49 8bed | 4c89 5c24 | 4066 6690 

  0x000001c839238620: ;   {runtime_call UncommonTrapBlob}
  0x000001c839238620: c5f8 77e8 

  0x000001c839238624: ; ImmutableOopMap {rbp=Oop [64]=Oop [96]=Oop [104]=Oop [112]=Oop [120]=Oop [128]=Oop }
                      ;*invokevirtual isProcessClassRecursionSupportedByAll {reexecute=0 rethrow=0 return_oop=0}
                      ; - org.eclipse.osgi.internal.loader.classpath.ClasspathManager::defineClass@54 (line 741)
  0x000001c839238624: d8e6 6cff 

  0x000001c839238628: ;   {other}
  0x000001c839238628: 0f1f 8400 | 0000 0000 | baf6 ffff | ff49 8bed | 4c89 5c24 | 4066 6690 

  0x000001c839238640: ;   {runtime_call UncommonTrapBlob}
  0x000001c839238640: c5f8 77e8 

  0x000001c839238644: ; ImmutableOopMap {rbp=Oop [64]=Oop [96]=Oop [104]=Oop [112]=Oop [128]=Oop }
                      ;*invokeinterface iterator {reexecute=0 rethrow=0 return_oop=0}
                      ; - org.eclipse.osgi.internal.loader.classpath.ClasspathManager::defineClass@258 (line 764)
  0x000001c839238644: b8e6 6cff 

  0x000001c839238648: ;   {other}
  0x000001c839238648: 0f1f 8400 | 0000 0000 | baf6 ffff | ff49 8bed | 4889 7424 | 404c 895c | 2448 6690 

  0x000001c839238664: ;   {runtime_call UncommonTrapBlob}
  0x000001c839238664: c5f8 77e8 

  0x000001c839238668: ; ImmutableOopMap {rbp=Oop [64]=Oop [72]=Oop [96]=Oop [104]=Oop [112]=Oop [128]=Oop }
                      ;*invokeinterface iterator {reexecute=0 rethrow=0 return_oop=0}
                      ; - java.util.Collections$UnmodifiableCollection$1::<init>@17
                      ; - java.util.Collections$UnmodifiableCollection::iterator@5
                      ; - org.eclipse.osgi.internal.loader.classpath.ClasspathManager::defineClass@258 (line 764)
  0x000001c839238668: 94e6 6cff 

  0x000001c83923866c: ;   {other}
  0x000001c83923866c: 0f1f 8400 | 0000 0000 | baf6 ffff | ff49 8bed | 4889 7424 | 404c 895c | 2448 6690 

  0x000001c839238688: ;   {runtime_call UncommonTrapBlob}
  0x000001c839238688: c5f8 77e8 

  0x000001c83923868c: ; ImmutableOopMap {rbp=Oop [64]=Oop [72]=Oop [96]=Oop [104]=Oop [112]=Oop [128]=Oop }
                      ;*invokeinterface contains {reexecute=0 rethrow=0 return_oop=0}
                      ; - org.eclipse.osgi.internal.loader.classpath.ClasspathManager::defineClass@319 (line 773)
  0x000001c83923868c: 70e6 6cff 

  0x000001c839238690: ;   {other}
  0x000001c839238690: 0f1f 8400 | 0000 0000 | baf6 ffff | ff49 8bed | 4889 7424 | 404c 895c | 2448 6690 

  0x000001c8392386ac: ;   {runtime_call UncommonTrapBlob}
  0x000001c8392386ac: c5f8 77e8 

  0x000001c8392386b0: ; ImmutableOopMap {rbp=Oop [64]=Oop [72]=Oop [96]=Oop [104]=Oop [112]=Oop [128]=Oop }
                      ;*arraylength {reexecute=0 rethrow=0 return_oop=0}
                      ; - java.util.ArrayList::add@2
                      ; - java.util.ArrayList::add@20
                      ; - org.eclipse.osgi.internal.loader.classpath.ClasspathManager::defineClass@411 (line 777)
  0x000001c8392386b0: 4ce6 6cff 

  0x000001c8392386b4: ;   {other}
  0x000001c8392386b4: 0f1f 8400 | 0000 0000 | baf6 ffff | ff49 8bed | 4c8b 5424 | 684c 8954 | 2430 4889 | 7424 404c 
  0x000001c8392386d4: 895c 2448 | 4c8b 5424 | 604c 8954 | 2458 6690 

  0x000001c8392386e4: ;   {runtime_call UncommonTrapBlob}
  0x000001c8392386e4: c5f8 77e8 

  0x000001c8392386e8: ; ImmutableOopMap {rbp=Oop [48]=Oop [64]=Oop [72]=Oop [88]=Oop [112]=Oop [128]=Oop }
                      ;*invokevirtual defineClass {reexecute=0 rethrow=0 return_oop=0}
                      ; - org.eclipse.osgi.internal.loader.classpath.ClasspathManager::defineClass@424 (line 779)
  0x000001c8392386e8: 14e6 6cff 

  0x000001c8392386ec: ;   {other}
  0x000001c8392386ec: 0f1f 8400 | 0000 0000 | baf6 ffff | ff48 8b6c | 2450 4c8b | 5424 684c | 8954 2430 | 4c8b 5424 
  0x000001c83923870c: 704c 8954 | 2438 4c8b | 5424 484c | 8954 2440 | 4c8b 5424 | 584c 8954 | 2448 4c8b | 5424 604c 
  0x000001c83923872c: 8954 2458 | 4c89 5c24 | 7866 6690 

  0x000001c839238738: ;   {runtime_call UncommonTrapBlob}
  0x000001c839238738: c5f8 77e8 

  0x000001c83923873c: ; ImmutableOopMap {rbp=Oop [48]=Oop [56]=Oop [64]=Oop [72]=Oop [88]=Oop [120]=Oop [128]=Oop [136]=NarrowOop }
                      ;*arraylength {reexecute=0 rethrow=0 return_oop=0}
                      ; - java.lang.String::isEmpty@4
                      ; - java.lang.ClassLoader::checkName@5
                      ; - java.lang.ClassLoader::findLoadedClass@1
                      ; - org.eclipse.osgi.internal.loader.ModuleClassLoader::defineClass@17 (line 313)
                      ; - org.eclipse.osgi.internal.loader.classpath.ClasspathManager::defineClass@424 (line 779)
  0x000001c83923873c: c0e5 6cff 

  0x000001c839238740: ;   {other}
  0x000001c839238740: 0f1f 8400 | 0000 0000 | baf6 ffff | ff48 8b6c | 2450 4c8b | 5424 684c | 8954 2430 | 4c8b 5424 
  0x000001c839238760: 704c 8954 | 2438 4c8b | 5424 484c | 8954 2440 | 4c8b 5424 | 584c 8954 | 2448 4c89 | 4c24 504c 
  0x000001c839238780: 8b54 2460 | 4c89 5424 | 584c 895c | 2478 6690 

  0x000001c839238790: ;   {runtime_call UncommonTrapBlob}
  0x000001c839238790: c5f8 77e8 

  0x000001c839238794: ; ImmutableOopMap {rbp=Oop [48]=Oop [56]=Oop [64]=Oop [72]=Oop [80]=Oop [88]=Oop [120]=Oop [136]=NarrowOop }
                      ;*arraylength {reexecute=0 rethrow=0 return_oop=0}
                      ; - java.lang.StringLatin1::charAt@2
                      ; - java.lang.String::charAt@12
                      ; - java.lang.ClassLoader::checkName@25
                      ; - java.lang.ClassLoader::findLoadedClass@1
                      ; - org.eclipse.osgi.internal.loader.ModuleClassLoader::defineClass@17 (line 313)
                      ; - org.eclipse.osgi.internal.loader.classpath.ClasspathManager::defineClass@424 (line 779)
  0x000001c839238794: 68e5 6cff 

  0x000001c839238798: ;   {other}
  0x000001c839238798: 0f1f 8400 | 0000 0000 | baf6 ffff | ff49 8bed 

  0x000001c8392387a8: ;   {runtime_call UncommonTrapBlob}
  0x000001c8392387a8: c5f8 77e8 

  0x000001c8392387ac: ; ImmutableOopMap {rbp=Oop [96]=Oop [104]=Oop [112]=Oop [120]=Oop [128]=Oop }
                      ;*arraylength {reexecute=0 rethrow=0 return_oop=0}
                      ; - java.lang.ThreadLocal$ThreadLocalMap::getEntry@8
                      ; - java.lang.ThreadLocal::get@12
                      ; - java.lang.ThreadLocal::get@4
                      ; - org.eclipse.osgi.internal.loader.classpath.ClasspathManager::defineClass@16 (line 734)
  0x000001c8392387ac: 50e5 6cff 

  0x000001c8392387b0: ;   {other}
  0x000001c8392387b0: 0f1f 8400 | 0000 0000 | baf6 ffff | ff48 8b6c | 2450 4c8b | 9424 8000 | 0000 4c89 | 5424 2048 
  0x000001c8392387d0: ff74 2460 | 488f 4424 | 284c 8b54 | 2440 4c89 | 5424 304c | 8b54 2470 | 4c89 5424 | 384c 8b54 
  0x000001c8392387f0: 2448 4c89 | 5424 404c | 8b54 2458 | 4c89 5424 | 484c 8b94 | 2490 0000 | 004c 8954 | 2460 6690 
  0x000001c839238810: ;   {runtime_call UncommonTrapBlob}
  0x000001c839238810: c5f8 77e8 

  0x000001c839238814: ; ImmutableOopMap {rbp=Oop [32]=Oop [40]=Oop [48]=Oop [56]=Oop [64]=Oop [72]=Oop [96]=Oop [136]=NarrowOop }
                      ;*arraylength {reexecute=0 rethrow=0 return_oop=0}
                      ; - org.eclipse.osgi.internal.loader.ModuleClassLoader::defineClass@32 (line 315)
                      ; - org.eclipse.osgi.internal.loader.classpath.ClasspathManager::defineClass@424 (line 779)
  0x000001c839238814: e8e4 6cff 

  0x000001c839238818: ;   {other}
  0x000001c839238818: 0f1f 8400 | 0000 0000 | baf6 ffff | ff48 8b6c | 2450 4c8b | 9c24 8000 | 0000 4c89 | 5c24 204c 
  0x000001c839238838: 896c 2430 | 4c8b 5c24 | 704c 895c | 2438 4c8b | 5c24 484c | 895c 2440 | 4c8b 5c24 | 584c 895c 
  0x000001c839238858: 2448 48ff | 7424 6048 | 8f44 2458 | 4c8b 9c24 | 9000 0000 | 4c89 5c24 | 6044 8954 | 246c 6690 
  0x000001c839238878: ;   {runtime_call UncommonTrapBlob}
  0x000001c839238878: c5f8 77e8 

  0x000001c83923887c: ; ImmutableOopMap {rbp=Oop [32]=Oop [48]=Oop [56]=Oop [64]=Oop [72]=Oop [88]=Oop [96]=Oop [136]=NarrowOop }
                      ;*invokevirtual getDomain {reexecute=0 rethrow=0 return_oop=0}
                      ; - org.eclipse.osgi.internal.loader.ModuleClassLoader::defineClass@34 (line 315)
                      ; - org.eclipse.osgi.internal.loader.classpath.ClasspathManager::defineClass@424 (line 779)
  0x000001c83923887c: 80e4 6cff 

  0x000001c839238880: ;   {other}
  0x000001c839238880: 0f1f 8400 | 0000 0000 | baf6 ffff | ff48 8b6c | 2450 4c8b | 5424 484c | 8954 2440 | 4c8b 5424 
  0x000001c8392388a0: 584c 8954 | 2448 4c8b | 9424 9000 | 0000 4c89 | 5424 5890 

  0x000001c8392388b4: ;   {runtime_call UncommonTrapBlob}
  0x000001c8392388b4: c5f8 77e8 

  0x000001c8392388b8: ; ImmutableOopMap {rbp=Oop [64]=Oop [72]=Oop [88]=Oop [96]=Oop [104]=Oop [112]=Oop [128]=Oop [144]=Oop }
                      ;*arraylength {reexecute=0 rethrow=0 return_oop=0}
                      ; - java.lang.String::isEmpty@4
                      ; - java.lang.ClassLoader::checkName@5
                      ; - java.lang.ClassLoader::preDefineClass@1
                      ; - java.lang.ClassLoader::defineClass@4
                      ; - org.eclipse.osgi.internal.loader.ModuleClassLoader::defineClass@37 (line 315)
                      ; - org.eclipse.osgi.internal.loader.classpath.ClasspathManager::defineClass@424 (line 779)
  0x000001c8392388b8: 44e4 6cff 

  0x000001c8392388bc: ;   {other}
  0x000001c8392388bc: 0f1f 8400 | 0000 0000 | baf6 ffff | ff48 8b6c | 2450 4c89 | 4424 2048 | 8974 2428 | 4c89 6c24 
  0x000001c8392388dc: 304c 8b54 | 2448 4c89 | 5424 404c | 8b54 2458 | 4c89 5424 | 484c 8b94 | 2490 0000 | 004c 8954 
  0x000001c8392388fc: 2458 6690 

  0x000001c839238900: ;   {runtime_call UncommonTrapBlob}
  0x000001c839238900: c5f8 77e8 

  0x000001c839238904: ; ImmutableOopMap {rbp=Oop [32]=Oop [40]=Oop [48]=Oop [64]=Oop [72]=Oop [88]=Oop [112]=Oop [144]=Oop }
                      ;*arraylength {reexecute=0 rethrow=0 return_oop=0}
                      ; - java.lang.StringLatin1::charAt@2
                      ; - java.lang.String::charAt@12
                      ; - java.lang.ClassLoader::checkName@25
                      ; - java.lang.ClassLoader::preDefineClass@1
                      ; - java.lang.ClassLoader::defineClass@4
                      ; - org.eclipse.osgi.internal.loader.ModuleClassLoader::defineClass@37 (line 315)
                      ; - org.eclipse.osgi.internal.loader.classpath.ClasspathManager::defineClass@424 (line 779)
  0x000001c839238904: f8e3 6cff 

  0x000001c839238908: ;   {other}
  0x000001c839238908: 0f1f 8400 | 0000 0000 | baf6 ffff | ff48 8b6c | 2450 4c89 | 4424 2048 | 8974 2428 | 4c89 6c24 
  0x000001c839238928: 304c 8b54 | 2448 4c89 | 5424 404c | 8b54 2458 | 4c89 5424 | 484c 8b94 | 2490 0000 | 004c 8954 
  0x000001c839238948: 2458 6690 

  0x000001c83923894c: ;   {runtime_call UncommonTrapBlob}
  0x000001c83923894c: c5f8 77e8 

  0x000001c839238950: ; ImmutableOopMap {rbp=Oop [32]=Oop [40]=Oop [48]=Oop [64]=Oop [72]=Oop [88]=Oop [112]=Oop [144]=Oop }
                      ;*arraylength {reexecute=0 rethrow=0 return_oop=0}
                      ; - java.lang.String::length@4
                      ; - java.lang.String::startsWith@6
                      ; - java.lang.String::startsWith@3
                      ; - java.lang.ClassLoader::preDefineClass@43
                      ; - java.lang.ClassLoader::defineClass@4
                      ; - org.eclipse.osgi.internal.loader.ModuleClassLoader::defineClass@37 (line 315)
                      ; - org.eclipse.osgi.internal.loader.classpath.ClasspathManager::defineClass@424 (line 779)
  0x000001c839238950: ace3 6cff 

  0x000001c839238954: ;   {other}
  0x000001c839238954: 0f1f 8400 | 0000 0000 | baf6 ffff | ff48 8b6c | 2450 4c8b | 5424 484c | 8954 2440 | 4c8b 5424 
  0x000001c839238974: 584c 8954 | 2448 4c8b | 9424 9000 | 0000 4c89 | 5424 5890 

  0x000001c839238988: ;   {runtime_call UncommonTrapBlob}
  0x000001c839238988: c5f8 77e8 

  0x000001c83923898c: ; ImmutableOopMap {rbp=Oop [64]=Oop [72]=Oop [88]=Oop [96]=Oop [104]=Oop [112]=Oop [128]=Oop [144]=Oop }
                      ;*invokevirtual getPackageName {reexecute=0 rethrow=0 return_oop=0}
                      ; - java.lang.ClassLoader::postDefineClass@2
                      ; - java.lang.ClassLoader::defineClass@37
                      ; - org.eclipse.osgi.internal.loader.ModuleClassLoader::defineClass@37 (line 315)
                      ; - org.eclipse.osgi.internal.loader.classpath.ClasspathManager::defineClass@424 (line 779)
  0x000001c83923898c: 70e3 6cff 

  0x000001c839238990: ;   {other}
  0x000001c839238990: 0f1f 8400 | 0000 0000 | baf6 ffff | ff48 8b6c | 2450 4c8b | 5424 484c | 8954 2440 | 4c8b 5424 
  0x000001c8392389b0: 584c 8954 | 2448 4c8b | 9424 9000 | 0000 4c89 | 5424 5890 

  0x000001c8392389c4: ;   {runtime_call UncommonTrapBlob}
  0x000001c8392389c4: c5f8 77e8 

  0x000001c8392389c8: ; ImmutableOopMap {rbp=Oop [64]=Oop [72]=Oop [88]=Oop [96]=Oop [104]=Oop [112]=Oop [128]=Oop [144]=Oop }
                      ;*invokevirtual hashCode {reexecute=0 rethrow=0 return_oop=0}
                      ; - java.util.concurrent.ConcurrentHashMap::get@1
                      ; - java.lang.ClassLoader::getNamedPackage@5
                      ; - java.lang.ClassLoader::postDefineClass@9
                      ; - java.lang.ClassLoader::defineClass@37
                      ; - org.eclipse.osgi.internal.loader.ModuleClassLoader::defineClass@37 (line 315)
                      ; - org.eclipse.osgi.internal.loader.classpath.ClasspathManager::defineClass@424 (line 779)
  0x000001c8392389c8: 34e3 6cff 

  0x000001c8392389cc: ;   {other}
  0x000001c8392389cc: 0f1f 8400 | 0000 0000 | baf6 ffff | ff49 8bed | 4889 7424 | 404c 895c | 2448 6690 

  0x000001c8392389e8: ;   {runtime_call UncommonTrapBlob}
  0x000001c8392389e8: c5f8 77e8 

  0x000001c8392389ec: ; ImmutableOopMap {rbp=Oop [64]=Oop [72]=Oop [96]=Oop [104]=Oop [112]=Oop [128]=Oop }
                      ;*invokevirtual keySet {reexecute=0 rethrow=0 return_oop=0}
                      ; - java.util.HashSet::iterator@4
                      ; - java.util.Collections$UnmodifiableCollection$1::<init>@17
                      ; - java.util.Collections$UnmodifiableCollection::iterator@5
                      ; - org.eclipse.osgi.internal.loader.classpath.ClasspathManager::defineClass@258 (line 764)
  0x000001c8392389ec: 10e3 6cff 

  0x000001c8392389f0: ;   {other}
  0x000001c8392389f0: 0f1f 8400 | 0000 0000 | baf6 ffff | ff49 8bed | 4889 7424 | 404c 895c | 2448 6690 

  0x000001c839238a0c: ;   {runtime_call UncommonTrapBlob}
  0x000001c839238a0c: c5f8 77e8 

  0x000001c839238a10: ; ImmutableOopMap {rbp=Oop [64]=Oop [72]=Oop [96]=Oop [104]=Oop [112]=Oop [128]=Oop }
                      ;*getfield modCount {reexecute=1 rethrow=0 return_oop=0}
                      ; - (reexecute) java.util.HashMap$HashIterator::<init>@11
                      ; - java.util.HashMap$KeyIterator::<init>@2
                      ; - java.util.HashMap$KeySet::iterator@8
                      ; - java.util.HashSet::iterator@7
                      ; - java.util.Collections$UnmodifiableCollection$1::<init>@17
                      ; - java.util.Collections$UnmodifiableCollection::iterator@5
                      ; - org.eclipse.osgi.internal.loader.classpath.ClasspathManager::defineClass@258 (line 764)
  0x000001c839238a10: ece2 6cff 

  0x000001c839238a14: ;   {other}
  0x000001c839238a14: 0f1f 8400 | 0000 0000 | ba45 ffff | ff48 8b6c | 2450 4c89 | 6c24 404c | 8974 2448 | 4c89 5c24 
  0x000001c839238a34: 5044 894c | 245c 6690 

  0x000001c839238a3c: ;   {runtime_call UncommonTrapBlob}
  0x000001c839238a3c: c5f8 77e8 

  0x000001c839238a40: ; ImmutableOopMap {rbp=Oop [64]=Oop [72]=Oop [80]=Oop [92]=NarrowOop [96]=Oop [104]=Oop [112]=Oop [128]=Oop }
                      ;*ifnonnull {reexecute=1 rethrow=0 return_oop=0}
                      ; - (reexecute) java.util.HashMap$HashIterator::nextNode@28
                      ; - java.util.HashMap$KeyIterator::next@1
                      ; - java.util.Collections$UnmodifiableCollection$1::next@4
                      ; - org.eclipse.osgi.internal.loader.classpath.ClasspathManager::defineClass@588 (line 788)
  0x000001c839238a40: bce2 6cff 

  0x000001c839238a44: ;   {other}
  0x000001c839238a44: 0f1f 8400 | 0000 0000 | baf6 ffff | ff48 8b6c | 2450 4c8b | 5c24 604c | 895c 2428 | 4c8b 5c24 
  0x000001c839238a64: 484c 895c | 2440 4c8b | 5c24 584c | 895c 2448 | 4c8b 9c24 | 9000 0000 | 4c89 5c24 | 5844 8954 
  0x000001c839238a84: 2460 6690 

  0x000001c839238a88: ;   {runtime_call UncommonTrapBlob}
  0x000001c839238a88: c5f8 77e8 

  0x000001c839238a8c: ; ImmutableOopMap {rbp=Oop [40]=Oop [64]=Oop [72]=Oop [88]=Oop [96]=NarrowOop [104]=Oop [112]=Oop [128]=Oop [144]=Oop }
                      ;*invokevirtual toExternalForm {reexecute=0 rethrow=0 return_oop=0}
                      ; - java.net.URL::toExternalForm@5
                      ; - java.net.URL::toString@1
                      ; - java.lang.ClassLoader::defineClassSourceLocation@22
                      ; - java.lang.ClassLoader::defineClass@12
                      ; - org.eclipse.osgi.internal.loader.ModuleClassLoader::defineClass@37 (line 315)
                      ; - org.eclipse.osgi.internal.loader.classpath.ClasspathManager::defineClass@424 (line 779)
  0x000001c839238a8c: 70e2 6cff 

  0x000001c839238a90: ;   {other}
  0x000001c839238a90: 0f1f 8400 | 0000 0000 | ba45 ffff | ff48 8b6c | 2450 4c8b | 5424 604c | 8954 2428 | 4c89 6c24 
  0x000001c839238ab0: 404c 8974 | 2448 4c89 | 5c24 5044 | 894c 245c | 897c 2460 

  0x000001c839238ac4: ;   {runtime_call UncommonTrapBlob}
  0x000001c839238ac4: c5f8 77e8 

  0x000001c839238ac8: ; ImmutableOopMap {rbp=Oop [40]=Oop [64]=Oop [72]=Oop [80]=Oop [92]=NarrowOop [96]=NarrowOop [104]=Oop [112]=Oop [128]=Oop }
                      ;*ifnull {reexecute=1 rethrow=0 return_oop=0}
                      ; - (reexecute) java.util.HashMap$HashIterator::nextNode@65
                      ; - java.util.HashMap$KeyIterator::next@1
                      ; - java.util.Collections$UnmodifiableCollection$1::next@4
                      ; - org.eclipse.osgi.internal.loader.classpath.ClasspathManager::defineClass@588 (line 788)
  0x000001c839238ac8: 34e2 6cff 

  0x000001c839238acc: ;   {other}
  0x000001c839238acc: 0f1f 8400 | 0000 0000 | baf6 ffff | ff48 8b6c | 2450 4c8b | 5424 484c | 8954 2440 | 4c8b 5424 
  0x000001c839238aec: 584c 8954 | 2448 4c8b | 9424 9000 | 0000 4c89 | 5424 5890 

  0x000001c839238b00: ;   {runtime_call UncommonTrapBlob}
  0x000001c839238b00: c5f8 77e8 

  0x000001c839238b04: ; ImmutableOopMap {rbp=Oop [64]=Oop [72]=Oop [88]=Oop [96]=Oop [104]=Oop [112]=Oop [128]=Oop [144]=Oop }
                      ;*arraylength {reexecute=0 rethrow=0 return_oop=0}
                      ; - java.lang.String::isEmpty@4
                      ; - java.net.URLStreamHandler::toExternalForm@29
                      ; - java.net.URL::toExternalForm@5
                      ; - java.net.URL::toString@1
                      ; - java.lang.ClassLoader::defineClassSourceLocation@22
                      ; - java.lang.ClassLoader::defineClass@12
                      ; - org.eclipse.osgi.internal.loader.ModuleClassLoader::defineClass@37 (line 315)
                      ; - org.eclipse.osgi.internal.loader.classpath.ClasspathManager::defineClass@424 (line 779)
  0x000001c839238b04: f8e1 6cff 

  0x000001c839238b08: ;   {other}
  0x000001c839238b08: 0f1f 8400 | 0000 0000 | baf6 ffff | ff48 8b6c | 2450 4c8b | 5424 484c | 8954 2440 | 4c89 6c24 
  0x000001c839238b28: 4866 6690 

  0x000001c839238b2c: ;   {runtime_call UncommonTrapBlob}
  0x000001c839238b2c: c5f8 77e8 

  0x000001c839238b30: ; ImmutableOopMap {rbp=Oop [64]=Oop [72]=Oop [96]=Oop [104]=Oop [112]=Oop [128]=Oop }
                      ;*invokeinterface remove {reexecute=0 rethrow=0 return_oop=0}
                      ; - org.eclipse.osgi.internal.loader.classpath.ClasspathManager::defineClass@455 (line 781)
  0x000001c839238b30: cce1 6cff 

  0x000001c839238b34: ;   {other}
  0x000001c839238b34: 0f1f 8400 | 0000 0000 | baf6 ffff | ff48 8b6c | 2450 4c89 | 6c24 404c | 8974 2448 

  0x000001c839238b50: ;   {runtime_call UncommonTrapBlob}
  0x000001c839238b50: c5f8 77e8 

  0x000001c839238b54: ; ImmutableOopMap {rbp=Oop [64]=Oop [72]=Oop [96]=Oop [104]=Oop [112]=Oop [128]=Oop }
                      ;*invokeinterface iterator {reexecute=0 rethrow=0 return_oop=0}
                      ; - java.util.Collections$UnmodifiableCollection$1::<init>@17
                      ; - java.util.Collections$UnmodifiableCollection::iterator@5
                      ; - org.eclipse.osgi.internal.loader.classpath.ClasspathManager::defineClass@576 (line 788)
  0x000001c839238b54: a8e1 6cff 

  0x000001c839238b58: ;   {other}
  0x000001c839238b58: 0f1f 8400 | 0000 0000 | baf6 ffff | ff4c 8b54 | 2460 4c89 | 5424 284c | 8b54 2468 | 4c89 5424 
  0x000001c839238b78: 304c 896c | 2440 4889 | 5c24 5844 | 894c 2464 

  0x000001c839238b88: ;   {runtime_call UncommonTrapBlob}
  0x000001c839238b88: c5f8 77e8 

  0x000001c839238b8c: ; ImmutableOopMap {[40]=Oop [48]=Oop [64]=Oop [88]=Oop [100]=NarrowOop [112]=Oop [120]=Oop [128]=Oop }
                      ;*arraylength {reexecute=0 rethrow=0 return_oop=0}
                      ; - java.lang.String::isEmpty@4
                      ; - java.lang.ClassLoader::definePackage@1
                      ; - java.lang.ClassLoader::getDefinedPackage@32
                      ; - java.lang.ClassLoader::getPackage@2
                      ; - org.eclipse.osgi.internal.loader.ModuleClassLoader::publicGetPackage@9 (line 330)
                      ; - org.eclipse.osgi.internal.loader.classpath.ClasspathManager::definePackage@26 (line 825)
                      ; - org.eclipse.osgi.internal.loader.classpath.ClasspathManager::defineClass@9 (line 733)
  0x000001c839238b8c: 70e1 6cff 

  0x000001c839238b90: ;   {other}
  0x000001c839238b90: 0f1f 8400 | 0000 0000 | baf6 ffff | ff48 8b6c | 2450 4c89 | 6c24 404c | 8974 2448 

  0x000001c839238bac: ;   {runtime_call UncommonTrapBlob}
  0x000001c839238bac: c5f8 77e8 

  0x000001c839238bb0: ; ImmutableOopMap {rbp=Oop [64]=Oop [72]=Oop [96]=Oop [104]=Oop [112]=Oop [128]=Oop }
                      ;*invokevirtual keySet {reexecute=0 rethrow=0 return_oop=0}
                      ; - java.util.HashSet::iterator@4
                      ; - java.util.Collections$UnmodifiableCollection$1::<init>@17
                      ; - java.util.Collections$UnmodifiableCollection::iterator@5
                      ; - org.eclipse.osgi.internal.loader.classpath.ClasspathManager::defineClass@576 (line 788)
  0x000001c839238bb0: 4ce1 6cff 

  0x000001c839238bb4: ;   {other}
  0x000001c839238bb4: 0f1f 8400 | 0000 0000 | baf6 ffff | ff48 8b6c | 2450 4c89 | 6c24 404c | 8974 2448 

  0x000001c839238bd0: ;   {runtime_call UncommonTrapBlob}
  0x000001c839238bd0: c5f8 77e8 

  0x000001c839238bd4: ; ImmutableOopMap {rbp=Oop [64]=Oop [72]=Oop [96]=Oop [104]=Oop [112]=Oop [128]=Oop }
                      ;*getfield modCount {reexecute=1 rethrow=0 return_oop=0}
                      ; - (reexecute) java.util.HashMap$HashIterator::<init>@11
                      ; - java.util.HashMap$KeyIterator::<init>@2
                      ; - java.util.HashMap$KeySet::iterator@8
                      ; - java.util.HashSet::iterator@7
                      ; - java.util.Collections$UnmodifiableCollection$1::<init>@17
                      ; - java.util.Collections$UnmodifiableCollection::iterator@5
                      ; - org.eclipse.osgi.internal.loader.classpath.ClasspathManager::defineClass@576 (line 788)
  0x000001c839238bd4: 28e1 6cff 

  0x000001c839238bd8: ;   {other}
  0x000001c839238bd8: 0f1f 8400 | 0000 0000 | ba45 ffff | ff48 8b6c | 2450 4c8b | 9c24 8000 | 0000 4c89 | 5c24 204c 
  0x000001c839238bf8: 8b5c 2460 | 4c89 5c24 | 284c 8b5c | 2468 4c89 | 5c24 304c | 8b5c 2470 | 4c89 5c24 | 384c 8b5c 
  0x000001c839238c18: 2448 4c89 | 5c24 404c | 8b5c 2458 | 4c89 5c24 | 484c 8b9c | 2490 0000 | 004c 895c | 2470 448b 
  0x000001c839238c38: 9c24 8c00 | 0000 4489 | 5c24 7c4c | 8994 2490 | 0000 0044 | 898c 2498 | 0000 0090 

  0x000001c839238c54: ;   {runtime_call UncommonTrapBlob}
  0x000001c839238c54: c5f8 77e8 

  0x000001c839238c58: ; ImmutableOopMap {rbp=Oop [32]=Oop [40]=Oop [48]=Oop [56]=Oop [64]=Oop [72]=Oop [112]=Oop [136]=NarrowOop [144]=Oop [152]=NarrowOop [156]=NarrowOop [248]=Oop }
                      ;*ifnull {reexecute=1 rethrow=0 return_oop=0}
                      ; - (reexecute) java.lang.ClassLoader::checkCerts@30
                      ; - java.lang.ClassLoader::preDefineClass@113
                      ; - java.lang.ClassLoader::defineClass@4
                      ; - org.eclipse.osgi.internal.loader.ModuleClassLoader::defineClass@37 (line 315)
                      ; - org.eclipse.osgi.internal.loader.classpath.ClasspathManager::defineClass@424 (line 779)
  0x000001c839238c58: a4e0 6cff 

  0x000001c839238c5c: ;   {other}
  0x000001c839238c5c: 0f1f 8400 | 0000 0000 | ba45 ffff | ff48 8b6c | 2450 4c8b | 9424 8000 | 0000 4c89 | 5424 204c 
  0x000001c839238c7c: 8b54 2460 | 4c89 5424 | 284c 8b54 | 2468 4c89 | 5424 304c | 8b54 2470 | 4c89 5424 | 384c 8b54 
  0x000001c839238c9c: 2448 4c89 | 5424 404c | 8b54 2458 | 4c89 5424 | 484c 8b94 | 2490 0000 | 004c 8954 | 2468 4489 
  0x000001c839238cbc: 9c24 8400 | 0000 6690 

  0x000001c839238cc4: ;   {runtime_call UncommonTrapBlob}
  0x000001c839238cc4: c5f8 77e8 

  0x000001c839238cc8: ; ImmutableOopMap {rbp=Oop [32]=Oop [40]=Oop [48]=Oop [56]=Oop [64]=Oop [72]=Oop [104]=Oop [132]=NarrowOop [136]=NarrowOop [144]=Oop [248]=Oop }
                      ;*ifnull {reexecute=1 rethrow=0 return_oop=0}
                      ; - (reexecute) java.lang.ClassLoader::defineClassSourceLocation@8
                      ; - java.lang.ClassLoader::defineClass@12
                      ; - org.eclipse.osgi.internal.loader.ModuleClassLoader::defineClass@37 (line 315)
                      ; - org.eclipse.osgi.internal.loader.classpath.ClasspathManager::defineClass@424 (line 779)
  0x000001c839238cc8: 34e0 6cff 

  0x000001c839238ccc: ;   {other}
  0x000001c839238ccc: 0f1f 8400 | 0000 0000 | 33ed 4d85 | db40 0f94 | c5ba 45ff | ffff 4c8b | 5c24 504c | 895c 2420 
  0x000001c839238cec: 4c8b 9c24 | 8000 0000 | 4c89 5c24 | 284c 8b5c | 2460 4c89 | 5c24 304c | 8b5c 2468 | 4c89 5c24 
  0x000001c839238d0c: 384c 8b5c | 2470 4c89 | 5c24 404c | 8b5c 2458 | 4c89 5c24 | 504c 8b9c | 2490 0000 | 004c 895c 
  0x000001c839238d2c: 2460 448b | 8424 8800 | 0000 4889 | 4424 7844 | 8944 2474 | 4889 8424 | 8800 0000 

  0x000001c839238d48: ;   {runtime_call UncommonTrapBlob}
  0x000001c839238d48: c5f8 77e8 

  0x000001c839238d4c: ; ImmutableOopMap {[32]=Oop [40]=Oop [48]=Oop [56]=Oop [64]=Oop [72]=Oop [80]=Oop [96]=Oop [116]=NarrowOop [120]=Oop [136]=Oop [144]=Oop [152]=Oop }
                      ;*ifeq {reexecute=1 rethrow=0 return_oop=0}
                      ; - (reexecute) java.lang.Class::getPackageName@29
                      ; - java.lang.ClassLoader::postDefineClass@2
                      ; - java.lang.ClassLoader::defineClass@37
                      ; - org.eclipse.osgi.internal.loader.ModuleClassLoader::defineClass@37 (line 315)
                      ; - org.eclipse.osgi.internal.loader.classpath.ClasspathManager::defineClass@424 (line 779)
  0x000001c839238d4c: b0df 6cff 

  0x000001c839238d50: ;   {other}
  0x000001c839238d50: 0f1f 8400 | 0000 0000 | baf6 ffff | ff48 8b6c | 2450 4c8b | 5424 484c | 8954 2440 | 4c8b 5424 
  0x000001c839238d70: 584c 8954 | 2448 4c8b | 9424 9000 | 0000 4c89 | 5424 5890 

  0x000001c839238d84: ;   {runtime_call UncommonTrapBlob}
  0x000001c839238d84: c5f8 77e8 

  0x000001c839238d88: ; ImmutableOopMap {rbp=Oop [64]=Oop [72]=Oop [88]=Oop [96]=Oop [104]=Oop [112]=Oop [128]=Oop [144]=Oop }
                      ;*arraylength {reexecute=0 rethrow=0 return_oop=0}
                      ; - java.lang.String::length@4
                      ; - java.lang.String::lastIndexOf@3
                      ; - java.lang.Class::getPackageName@47
                      ; - java.lang.ClassLoader::postDefineClass@2
                      ; - java.lang.ClassLoader::defineClass@37
                      ; - org.eclipse.osgi.internal.loader.ModuleClassLoader::defineClass@37 (line 315)
                      ; - org.eclipse.osgi.internal.loader.classpath.ClasspathManager::defineClass@424 (line 779)
  0x000001c839238d88: 74df 6cff 

  0x000001c839238d8c: ;   {other}
  0x000001c839238d8c: 0f1f 8400 | 0000 0000 | ba45 ffff | ff48 8b6c | 2450 4c8b | 5424 604c | 8954 2428 | 4c8b 5424 
  0x000001c839238dac: 684c 8954 | 2430 4c8b | 5424 484c | 8954 2440 | 4c8b 5424 | 584c 8954 | 2448 4c8b | 9424 9000 
  0x000001c839238dcc: 0000 4c89 | 5424 5844 | 895c 2468 

  0x000001c839238dd8: ;   {runtime_call UncommonTrapBlob}
  0x000001c839238dd8: c5f8 77e8 

  0x000001c839238ddc: ; ImmutableOopMap {rbp=Oop [40]=Oop [48]=Oop [64]=Oop [72]=Oop [88]=Oop [104]=NarrowOop [112]=Oop [128]=Oop [144]=Oop [160]=Oop }
                      ;*ifnull {reexecute=1 rethrow=0 return_oop=0}
                      ; - (reexecute) java.lang.ClassLoader::postDefineClass@17
                      ; - java.lang.ClassLoader::defineClass@37
                      ; - org.eclipse.osgi.internal.loader.ModuleClassLoader::defineClass@37 (line 315)
                      ; - org.eclipse.osgi.internal.loader.classpath.ClasspathManager::defineClass@424 (line 779)
  0x000001c839238ddc: 20df 6cff 

  0x000001c839238de0: ;   {other}
  0x000001c839238de0: 0f1f 8400 | 0000 0000 | 488b d0e9 | 7594 ffff | ba76 ffff | ff48 8b6c | 2450 4c8b | 9424 8000 
  0x000001c839238e00: 0000 4c89 | 5424 204c | 8b54 2460 | 4c89 5424 | 284c 8b54 | 2468 4c89 | 5424 304c | 8b54 2470 
  0x000001c839238e20: 4c89 5424 | 384c 8b54 | 2448 4c89 | 5424 404c | 8b54 2458 | 4c89 5424 | 484c 8b94 | 2490 0000 
  0x000001c839238e40: 004c 8954 | 2470 448b | 9c24 8800 | 0000 4489 | 5c24 7844 | 8b94 248c | 0000 0044 | 8954 247c 
  0x000001c839238e60: 4c89 ac24 | 9800 0000 | 448b 9c24 | b800 0000 | 4489 9c24 | a000 0000 | 4489 b424 | a400 0000 
  0x000001c839238e80: c5fa 1184 | 24a8 0000 | 00c5 fb11 | 8c24 b000 | 0000 448b | 9424 c000 | 0000 4489 | 9424 b800 
  0x000001c839238ea0: 0000 6690 

  0x000001c839238ea4: ;   {runtime_call UncommonTrapBlob}
  0x000001c839238ea4: c5f8 77e8 

  0x000001c839238ea8: ; ImmutableOopMap {rbp=Oop [32]=Oop [40]=Oop [48]=Oop [56]=Oop [64]=Oop [72]=Oop [112]=Oop [120]=NarrowOop [152]=Oop [168]=NarrowOop [176]=Oop [248]=Oop }
                      ;*if_icmpge {reexecute=1 rethrow=0 return_oop=0}
                      ; - (reexecute) java.lang.ClassLoader::compareCerts@67
                      ; - java.lang.ClassLoader::checkCerts@80
                      ; - java.lang.ClassLoader::preDefineClass@113
                      ; - java.lang.ClassLoader::defineClass@4
                      ; - org.eclipse.osgi.internal.loader.ModuleClassLoader::defineClass@37 (line 315)
                      ; - org.eclipse.osgi.internal.loader.classpath.ClasspathManager::defineClass@424 (line 779)
  0x000001c839238ea8: 54de 6cff 

  0x000001c839238eac: ;   {other}
  0x000001c839238eac: 0f1f 8400 | 0000 0000 | ba76 ffff | ff48 8b6c | 2450 4c8b | 9424 8000 | 0000 4c89 | 5424 204c 
  0x000001c839238ecc: 8b54 2460 | 4c89 5424 | 284c 8b54 | 2468 4c89 | 5424 304c | 8b54 2470 | 4c89 5424 | 384c 8b54 
  0x000001c839238eec: 2448 4c89 | 5424 404c | 8b54 2458 | 4c89 5424 | 484c 8b94 | 2490 0000 | 004c 8954 | 2470 448b 
  0x000001c839238f0c: 9c24 8800 | 0000 4489 | 5c24 7844 | 8b94 248c | 0000 0044 | 8954 247c | c5fb 118c | 2490 0000 
  0x000001c839238f2c: 0044 89b4 | 249c 0000 | 00c5 fa11 | 8424 a000 | 0000 4c89 | ac24 a800 | 0000 448b | 9424 b800 
  0x000001c839238f4c: 0000 4489 | 9424 b000 | 0000 6690 

  0x000001c839238f58: ;   {runtime_call UncommonTrapBlob}
  0x000001c839238f58: c5f8 77e8 

  0x000001c839238f5c: ; ImmutableOopMap {rbp=Oop [32]=Oop [40]=Oop [48]=Oop [56]=Oop [64]=Oop [72]=Oop [112]=Oop [120]=NarrowOop [144]=Oop [160]=NarrowOop [168]=Oop [248]=Oop }
                      ;*if_icmpge {reexecute=1 rethrow=0 return_oop=0}
                      ; - (reexecute) java.lang.ClassLoader::compareCerts@152
                      ; - java.lang.ClassLoader::checkCerts@80
                      ; - java.lang.ClassLoader::preDefineClass@113
                      ; - java.lang.ClassLoader::defineClass@4
                      ; - org.eclipse.osgi.internal.loader.ModuleClassLoader::defineClass@37 (line 315)
                      ; - org.eclipse.osgi.internal.loader.classpath.ClasspathManager::defineClass@424 (line 779)
  0x000001c839238f5c: a0dd 6cff 

  0x000001c839238f60: ;   {other}
  0x000001c839238f60: 0f1f 8400 | 0000 0000 | 4533 c9ba | f4ff ffff | 488b 6c24 | 504c 8b94 | 2480 0000 | 004c 8954 
  0x000001c839238f80: 2420 4c8b | 5424 604c | 8954 2428 | 4c8b 5424 | 684c 8954 | 2430 4c8b | 5424 704c | 8954 2438 
  0x000001c839238fa0: 4c8b 5424 | 484c 8954 | 2440 4c8b | 5424 584c | 8954 2448 | 4c8b 9424 | 9000 0000 | 4c89 5424 
  0x000001c839238fc0: 7044 8b94 | 2488 0000 | 0044 8954 | 2478 448b | 9c24 8c00 | 0000 4489 | 5c24 7c4c | 89ac 2498 
  0x000001c839238fe0: 0000 0044 | 8b94 24b8 | 0000 0044 | 8994 24a0 | 0000 0044 | 89b4 24a4 | 0000 00c5 | fb11 8c24 
  0x000001c839239000: b000 0000 | 4489 8c24 | b800 0000 | c5fa 1184 | 24bc 0000 | 0066 6690 

  0x000001c839239018: ;   {runtime_call UncommonTrapBlob}
  0x000001c839239018: c5f8 77e8 

  0x000001c83923901c: ; ImmutableOopMap {rbp=Oop [32]=Oop [40]=Oop [48]=Oop [56]=Oop [64]=Oop [72]=Oop [112]=Oop [120]=NarrowOop [152]=Oop [176]=Oop [188]=NarrowOop [248]=Oop }
                      ;*instanceof {reexecute=0 rethrow=0 return_oop=0}
                      ; - java.security.cert.Certificate::equals@8
                      ; - java.lang.ClassLoader::compareCerts@81
                      ; - java.lang.ClassLoader::checkCerts@80
                      ; - java.lang.ClassLoader::preDefineClass@113
                      ; - java.lang.ClassLoader::defineClass@4
                      ; - org.eclipse.osgi.internal.loader.ModuleClassLoader::defineClass@37 (line 315)
                      ; - org.eclipse.osgi.internal.loader.classpath.ClasspathManager::defineClass@424 (line 779)
  0x000001c83923901c: e0dc 6cff 

  0x000001c839239020: ;   {other}
  0x000001c839239020: 0f1f 8400 | 0000 0000 | 4533 dbba | f4ff ffff | 488b 6c24 | 504c 8b94 | 2480 0000 | 004c 8954 
  0x000001c839239040: 2420 4c8b | 5424 604c | 8954 2428 | 4c8b 5424 | 684c 8954 | 2430 4c8b | 5424 704c | 8954 2438 
  0x000001c839239060: 4c8b 5424 | 484c 8954 | 2440 4c8b | 5424 584c | 8954 2448 | 4c8b 9424 | 9000 0000 | 4c89 5424 
  0x000001c839239080: 7044 8b94 | 2488 0000 | 0044 8954 | 2478 448b | 8424 8c00 | 0000 4489 | 4424 7cc5 | fb11 8c24 
  0x000001c8392390a0: 9000 0000 | 4489 b424 | 9c00 0000 | 4c89 ac24 | a800 0000 | 4489 9c24 | b000 0000 | c5fa 1184 
  0x000001c8392390c0: 24b4 0000 | 0066 6690 

  0x000001c8392390c8: ;   {runtime_call UncommonTrapBlob}
  0x000001c8392390c8: c5f8 77e8 

  0x000001c8392390cc: ; ImmutableOopMap {rbp=Oop [32]=Oop [40]=Oop [48]=Oop [56]=Oop [64]=Oop [72]=Oop [112]=Oop [120]=NarrowOop [144]=Oop [168]=Oop [180]=NarrowOop [248]=Oop }
                      ;*instanceof {reexecute=0 rethrow=0 return_oop=0}
                      ; - java.security.cert.Certificate::equals@8
                      ; - java.lang.ClassLoader::compareCerts@166
                      ; - java.lang.ClassLoader::checkCerts@80
                      ; - java.lang.ClassLoader::preDefineClass@113
                      ; - java.lang.ClassLoader::defineClass@4
                      ; - org.eclipse.osgi.internal.loader.ModuleClassLoader::defineClass@37 (line 315)
                      ; - org.eclipse.osgi.internal.loader.classpath.ClasspathManager::defineClass@424 (line 779)
  0x000001c8392390cc: 30dc 6cff 

  0x000001c8392390d0: ;   {other}
  0x000001c8392390d0: 0f1f 8400 | 0000 0000 | baf6 ffff | ff49 8bed 

  0x000001c8392390e0: ;   {runtime_call UncommonTrapBlob}
  0x000001c8392390e0: c5f8 77e8 

  0x000001c8392390e4: ; ImmutableOopMap {rbp=Oop [96]=Oop [104]=Oop [112]=Oop [120]=Oop [128]=Oop }
                      ;*invokevirtual getBundleInfo {reexecute=0 rethrow=0 return_oop=0}
                      ; - org.eclipse.osgi.internal.loader.classpath.ClasspathManager::definePackage@59 (line 834)
                      ; - org.eclipse.osgi.internal.loader.classpath.ClasspathManager::defineClass@9 (line 733)
  0x000001c8392390e4: 18dc 6cff 

  0x000001c8392390e8: ;   {other}
  0x000001c8392390e8: 0f1f 8400 | 0000 0000 | baf6 ffff | ff49 8bed 

  0x000001c8392390f8: ;   {runtime_call UncommonTrapBlob}
  0x000001c8392390f8: c5f8 77e8 

  0x000001c8392390fc: ; ImmutableOopMap {rbp=Oop [96]=Oop [104]=Oop [112]=Oop [120]=Oop [128]=Oop }
                      ;*invokevirtual getStorage {reexecute=0 rethrow=0 return_oop=0}
                      ; - org.eclipse.osgi.internal.loader.classpath.ClasspathManager::definePackage@62 (line 834)
                      ; - org.eclipse.osgi.internal.loader.classpath.ClasspathManager::defineClass@9 (line 733)
  0x000001c8392390fc: 00dc 6cff 

  0x000001c839239100: ;   {other}
  0x000001c839239100: 0f1f 8400 | 0000 0000 | baf6 ffff | ff49 8bed 

  0x000001c839239110: ;   {runtime_call UncommonTrapBlob}
  0x000001c839239110: c5f8 77e8 

  0x000001c839239114: ; ImmutableOopMap {rbp=Oop [96]=Oop [104]=Oop [112]=Oop [120]=Oop [128]=Oop }
                      ;*invokevirtual getConfiguration {reexecute=0 rethrow=0 return_oop=0}
                      ; - org.eclipse.osgi.internal.loader.classpath.ClasspathManager::definePackage@65 (line 834)
                      ; - org.eclipse.osgi.internal.loader.classpath.ClasspathManager::defineClass@9 (line 733)
  0x000001c839239114: e8db 6cff 

  0x000001c839239118: ;   {other}
  0x000001c839239118: 0f1f 8400 | 0000 0000 | baf6 ffff | ff49 8bed 

  0x000001c839239128: ;   {runtime_call UncommonTrapBlob}
  0x000001c839239128: c5f8 77e8 

  0x000001c83923912c: ; ImmutableOopMap {rbp=Oop [96]=Oop [104]=Oop [112]=Oop [120]=Oop [128]=Oop }
                      ;*invokevirtual getConfiguration {reexecute=0 rethrow=0 return_oop=0}
                      ; - org.eclipse.osgi.storage.Storage::getConfiguration@4 (line 600)
                      ; - org.eclipse.osgi.internal.loader.classpath.ClasspathManager::definePackage@65 (line 834)
                      ; - org.eclipse.osgi.internal.loader.classpath.ClasspathManager::defineClass@9 (line 733)
  0x000001c83923912c: d0db 6cff 

  0x000001c839239130: ;   {other}
  0x000001c839239130: 0f1f 8400 | 0000 0000 | baf6 ffff | ff49 8bed 

  0x000001c839239140: ;   {runtime_call UncommonTrapBlob}
  0x000001c839239140: c5f8 77e8 

  0x000001c839239144: ; ImmutableOopMap {rbp=Oop [96]=Oop [104]=Oop [112]=Oop [120]=Oop [128]=Oop }
                      ;*getfield DEFINE_PACKAGE_ATTRIBUTES {reexecute=1 rethrow=0 return_oop=0}
                      ; - (reexecute) org.eclipse.osgi.internal.loader.classpath.ClasspathManager::definePackage@68 (line 834)
                      ; - org.eclipse.osgi.internal.loader.classpath.ClasspathManager::defineClass@9 (line 733)
  0x000001c839239144: b8db 6cff 

  0x000001c839239148: ;   {other}
  0x000001c839239148: 0f1f 8400 | 0000 0000 | baf6 ffff | ff48 8b6c | 2450 6690 

  0x000001c83923915c: ;   {runtime_call UncommonTrapBlob}
  0x000001c83923915c: c5f8 77e8 

  0x000001c839239160: ; ImmutableOopMap {rbp=Oop [96]=Oop [104]=Oop [112]=Oop [120]=Oop [128]=Oop }
                      ;*invokevirtual getSpecification {reexecute=0 rethrow=0 return_oop=0}
                      ; - org.eclipse.osgi.internal.loader.classpath.ClasspathManager::definePackage@84 (line 837)
                      ; - org.eclipse.osgi.internal.loader.classpath.ClasspathManager::defineClass@9 (line 733)
  0x000001c839239160: 9cdb 6cff 

  0x000001c839239164: ;   {other}
  0x000001c839239164: 0f1f 8400 | 0000 0000 | baf6 ffff | ff48 8b6c | 2450 6690 

  0x000001c839239178: ;   {runtime_call UncommonTrapBlob}
  0x000001c839239178: c5f8 77e8 

  0x000001c83923917c: ; ImmutableOopMap {rbp=Oop [96]=Oop [104]=Oop [112]=Oop [120]=Oop [128]=Oop }
                      ;*invokevirtual getTitle {reexecute=0 rethrow=0 return_oop=0}
                      ; - org.eclipse.osgi.internal.loader.classpath.ClasspathManager::definePackage@98 (line 839)
                      ; - org.eclipse.osgi.internal.loader.classpath.ClasspathManager::defineClass@9 (line 733)
  0x000001c83923917c: 80db 6cff 

  0x000001c839239180: ;   {other}
  0x000001c839239180: 0f1f 8400 | 0000 0000 | baf6 ffff | ff48 8b6c | 2450 6690 

  0x000001c839239194: ;   {runtime_call UncommonTrapBlob}
  0x000001c839239194: c5f8 77e8 

  0x000001c839239198: ; ImmutableOopMap {rbp=Oop [96]=Oop [104]=Oop [112]=Oop [120]=Oop [128]=Oop }
                      ;*invokevirtual getTitle {reexecute=0 rethrow=0 return_oop=0}
                      ; - org.eclipse.osgi.internal.loader.classpath.ClasspathManager::definePackage@119 (line 842)
                      ; - org.eclipse.osgi.internal.loader.classpath.ClasspathManager::defineClass@9 (line 733)
  0x000001c839239198: 64db 6cff 

  0x000001c83923919c: ;   {other}
  0x000001c83923919c: 0f1f 8400 | 0000 0000 | eb00 4889 | 4424 20e9 | b48f ffff | 4889 4424 | 20e9 aa8f | ffff baf6 
  0x000001c8392391bc: ffff ff49 | 8bed 4c89 | 4424 5090 

  0x000001c8392391c8: ;   {runtime_call UncommonTrapBlob}
  0x000001c8392391c8: c5f8 77e8 

  0x000001c8392391cc: ; ImmutableOopMap {rbp=Oop [80]=Oop [96]=Oop [104]=Oop [112]=Oop [120]=Oop [128]=Oop }
                      ;*invokevirtual set {reexecute=0 rethrow=0 return_oop=0}
                      ; - org.eclipse.osgi.internal.loader.classpath.ClasspathManager::defineClass@44 (line 737)
  0x000001c8392391cc: 30db 6cff 

  0x000001c8392391d0: ;   {other}
  0x000001c8392391d0: 0f1f 8400 | 0000 0000 | baf6 ffff | ff49 8bed | 4889 7424 | 404c 895c | 2448 6690 

  0x000001c8392391ec: ;   {runtime_call UncommonTrapBlob}
  0x000001c8392391ec: c5f8 77e8 

  0x000001c8392391f0: ; ImmutableOopMap {rbp=Oop [64]=Oop [72]=Oop [96]=Oop [104]=Oop [112]=Oop [128]=Oop }
                      ;*getfield head {reexecute=1 rethrow=0 return_oop=0}
                      ; - (reexecute) java.util.LinkedHashMap$LinkedHashIterator::<init>@27
                      ; - java.util.LinkedHashMap$LinkedKeyIterator::<init>@3
                      ; - java.util.LinkedHashMap$LinkedKeySet::iterator@12
                      ; - java.util.HashSet::iterator@7
                      ; - java.util.Collections$UnmodifiableCollection$1::<init>@17
                      ; - java.util.Collections$UnmodifiableCollection::iterator@5
                      ; - org.eclipse.osgi.internal.loader.classpath.ClasspathManager::defineClass@258 (line 764)
  0x000001c8392391f0: 0cdb 6cff 

  0x000001c8392391f4: ;   {other}
  0x000001c8392391f4: 0f1f 8400 | 0000 0000 | 4889 4424 | 20e9 2d8f | ffff baf6 | ffff ff48 | 8b6c 2450 | 4c89 6c24 
  0x000001c839239214: 404c 8974 | 2448 6690 

  0x000001c83923921c: ;   {runtime_call UncommonTrapBlob}
  0x000001c83923921c: c5f8 77e8 

  0x000001c839239220: ; ImmutableOopMap {rbp=Oop [64]=Oop [72]=Oop [96]=Oop [104]=Oop [112]=Oop [128]=Oop }
                      ;*getfield head {reexecute=1 rethrow=0 return_oop=0}
                      ; - (reexecute) java.util.LinkedHashMap$LinkedHashIterator::<init>@27
                      ; - java.util.LinkedHashMap$LinkedKeyIterator::<init>@3
                      ; - java.util.LinkedHashMap$LinkedKeySet::iterator@12
                      ; - java.util.HashSet::iterator@7
                      ; - java.util.Collections$UnmodifiableCollection$1::<init>@17
                      ; - java.util.Collections$UnmodifiableCollection::iterator@5
                      ; - org.eclipse.osgi.internal.loader.classpath.ClasspathManager::defineClass@576 (line 788)
  0x000001c839239220: dcda 6cff 

  0x000001c839239224: ;   {other}
  0x000001c839239224: 0f1f 8400 | 0000 0000 | baf6 ffff | ff48 8b6c | 2450 4c8b | 5424 604c | 8954 2428 | 4c8b 5424 
  0x000001c839239244: 484c 8954 | 2440 4c8b | 5424 584c | 8954 2448 | 4c8b 9424 | 9000 0000 | 4c89 5424 | 5844 8944 
  0x000001c839239264: 2460 6690 

  0x000001c839239268: ;   {runtime_call UncommonTrapBlob}
  0x000001c839239268: c5f8 77e8 

  0x000001c83923926c: ; ImmutableOopMap {rbp=Oop [40]=Oop [64]=Oop [72]=Oop [88]=Oop [104]=Oop [112]=Oop [128]=Oop [144]=Oop }
                      ;*aaload {reexecute=0 rethrow=0 return_oop=0}
                      ; - java.security.CodeSource::getCertificates@50
                      ; - java.lang.ClassLoader::checkCerts@34
                      ; - java.lang.ClassLoader::preDefineClass@113
                      ; - java.lang.ClassLoader::defineClass@4
                      ; - org.eclipse.osgi.internal.loader.ModuleClassLoader::defineClass@37 (line 315)
                      ; - org.eclipse.osgi.internal.loader.classpath.ClasspathManager::defineClass@424 (line 779)
  0x000001c83923926c: 90da 6cff 

  0x000001c839239270: ;   {other}
  0x000001c839239270: 0f1f 8400 | 0000 0000 | baf6 ffff | ff48 8b6c | 2450 4c8b | 5424 484c | 8954 2440 | 4c8b 5424 
  0x000001c839239290: 584c 8954 | 2448 4c8b | 9424 9000 | 0000 4c89 | 5424 5890 

  0x000001c8392392a4: ;   {runtime_call UncommonTrapBlob}
  0x000001c8392392a4: c5f8 77e8 

  0x000001c8392392a8: ; ImmutableOopMap {rbp=Oop [64]=Oop [72]=Oop [88]=Oop [96]=Oop [104]=Oop [112]=Oop [128]=Oop [144]=Oop }
                      ;*invokevirtual getSignerCertPath {reexecute=0 rethrow=0 return_oop=0}
                      ; - java.security.CodeSource::getCertificates@51
                      ; - java.lang.ClassLoader::checkCerts@34
                      ; - java.lang.ClassLoader::preDefineClass@113
                      ; - java.lang.ClassLoader::defineClass@4
                      ; - org.eclipse.osgi.internal.loader.ModuleClassLoader::defineClass@37 (line 315)
                      ; - org.eclipse.osgi.internal.loader.classpath.ClasspathManager::defineClass@424 (line 779)
  0x000001c8392392a8: 54da 6cff 

  0x000001c8392392ac: ;   {other}
  0x000001c8392392ac: 0f1f 8400 | 0000 0000 | baf6 ffff | ff48 8b6c | 2450 4c8b | 5424 484c | 8954 2440 | 4c8b 5424 
  0x000001c8392392cc: 584c 8954 | 2448 4c8b | 9424 9000 | 0000 4c89 | 5424 5890 

  0x000001c8392392e0: ;   {runtime_call UncommonTrapBlob}
  0x000001c8392392e0: c5f8 77e8 

  0x000001c8392392e4: ; ImmutableOopMap {rbp=Oop [64]=Oop [72]=Oop [88]=Oop [96]=Oop [104]=Oop [112]=Oop [128]=Oop [144]=Oop }
                      ;*invokevirtual getCertificates {reexecute=0 rethrow=0 return_oop=0}
                      ; - java.security.CodeSource::getCertificates@54
                      ; - java.lang.ClassLoader::checkCerts@34
                      ; - java.lang.ClassLoader::preDefineClass@113
                      ; - java.lang.ClassLoader::defineClass@4
                      ; - org.eclipse.osgi.internal.loader.ModuleClassLoader::defineClass@37 (line 315)
                      ; - org.eclipse.osgi.internal.loader.classpath.ClasspathManager::defineClass@424 (line 779)
  0x000001c8392392e4: 18da 6cff 

  0x000001c8392392e8: ;   {other}
  0x000001c8392392e8: 0f1f 8400 | 0000 0000 | baf6 ffff | ff48 8b6c | 2450 4c8b | 5424 484c | 8954 2440 | 4c8b 5424 
  0x000001c839239308: 584c 8954 | 2448 4c8b | 9424 9000 | 0000 4c89 | 5424 5890 

  0x000001c83923931c: ;   {runtime_call UncommonTrapBlob}
  0x000001c83923931c: c5f8 77e8 

  0x000001c839239320: ; ImmutableOopMap {rbp=Oop [64]=Oop [72]=Oop [88]=Oop [96]=Oop [104]=Oop [112]=Oop [128]=Oop [144]=Oop }
                      ;*arraylength {reexecute=0 rethrow=0 return_oop=0}
                      ; - java.security.CodeSource::getCertificates@40
                      ; - java.lang.ClassLoader::checkCerts@34
                      ; - java.lang.ClassLoader::preDefineClass@113
                      ; - java.lang.ClassLoader::defineClass@4
                      ; - org.eclipse.osgi.internal.loader.ModuleClassLoader::defineClass@37 (line 315)
                      ; - org.eclipse.osgi.internal.loader.classpath.ClasspathManager::defineClass@424 (line 779)
  0x000001c839239320: dcd9 6cff 

  0x000001c839239324: ;   {other}
  0x000001c839239324: 0f1f 8400 | 0000 0000 | baf6 ffff | ff48 8b6c | 2450 4c8b | 5424 604c | 8954 2428 | 4c8b 5424 
  0x000001c839239344: 484c 8954 | 2440 4c8b | 5424 584c | 8954 2448 | 4c8b 9424 | 9000 0000 | 4c89 5424 | 5889 4c24 
  0x000001c839239364: 6066 6690 

  0x000001c839239368: ;   {runtime_call UncommonTrapBlob}
  0x000001c839239368: c5f8 77e8 

  0x000001c83923936c: ; ImmutableOopMap {rbp=Oop [40]=Oop [64]=Oop [72]=Oop [88]=Oop [104]=Oop [112]=Oop [128]=Oop [144]=Oop }
                      ;*aaload {reexecute=0 rethrow=0 return_oop=0}
                      ; - java.security.CodeSource::getCertificates@50
                      ; - java.lang.ClassLoader::postDefineClass@24
                      ; - java.lang.ClassLoader::defineClass@37
                      ; - org.eclipse.osgi.internal.loader.ModuleClassLoader::defineClass@37 (line 315)
                      ; - org.eclipse.osgi.internal.loader.classpath.ClasspathManager::defineClass@424 (line 779)
  0x000001c83923936c: 90d9 6cff 

  0x000001c839239370: ;   {other}
  0x000001c839239370: 0f1f 8400 | 0000 0000 | baf6 ffff | ff48 8b6c | 2450 4c8b | 5424 484c | 8954 2440 | 4c8b 5424 
  0x000001c839239390: 584c 8954 | 2448 4c8b | 9424 9000 | 0000 4c89 | 5424 5890 

  0x000001c8392393a4: ;   {runtime_call UncommonTrapBlob}
  0x000001c8392393a4: c5f8 77e8 

  0x000001c8392393a8: ; ImmutableOopMap {rbp=Oop [64]=Oop [72]=Oop [88]=Oop [96]=Oop [104]=Oop [112]=Oop [128]=Oop [144]=Oop }
                      ;*invokevirtual getSignerCertPath {reexecute=0 rethrow=0 return_oop=0}
                      ; - java.security.CodeSource::getCertificates@51
                      ; - java.lang.ClassLoader::postDefineClass@24
                      ; - java.lang.ClassLoader::defineClass@37
                      ; - org.eclipse.osgi.internal.loader.ModuleClassLoader::defineClass@37 (line 315)
                      ; - org.eclipse.osgi.internal.loader.classpath.ClasspathManager::defineClass@424 (line 779)
  0x000001c8392393a8: 54d9 6cff 

  0x000001c8392393ac: ;   {other}
  0x000001c8392393ac: 0f1f 8400 | 0000 0000 | baf6 ffff | ff48 8b6c | 2450 4c8b | 5424 484c | 8954 2440 | 4c8b 5424 
  0x000001c8392393cc: 584c 8954 | 2448 4c8b | 9424 9000 | 0000 4c89 | 5424 5890 

  0x000001c8392393e0: ;   {runtime_call UncommonTrapBlob}
  0x000001c8392393e0: c5f8 77e8 

  0x000001c8392393e4: ; ImmutableOopMap {rbp=Oop [64]=Oop [72]=Oop [88]=Oop [96]=Oop [104]=Oop [112]=Oop [128]=Oop [144]=Oop }
                      ;*invokevirtual getCertificates {reexecute=0 rethrow=0 return_oop=0}
                      ; - java.security.CodeSource::getCertificates@54
                      ; - java.lang.ClassLoader::postDefineClass@24
                      ; - java.lang.ClassLoader::defineClass@37
                      ; - org.eclipse.osgi.internal.loader.ModuleClassLoader::defineClass@37 (line 315)
                      ; - org.eclipse.osgi.internal.loader.classpath.ClasspathManager::defineClass@424 (line 779)
  0x000001c8392393e4: 18d9 6cff 

  0x000001c8392393e8: ;   {other}
  0x000001c8392393e8: 0f1f 8400 | 0000 0000 | baf6 ffff | ff48 8b6c | 2450 4c8b | 5424 484c | 8954 2440 | 4c8b 5424 
  0x000001c839239408: 584c 8954 | 2448 4c8b | 9424 9000 | 0000 4c89 | 5424 5890 

  0x000001c83923941c: ;   {runtime_call UncommonTrapBlob}
  0x000001c83923941c: c5f8 77e8 

  0x000001c839239420: ; ImmutableOopMap {rbp=Oop [64]=Oop [72]=Oop [88]=Oop [96]=Oop [104]=Oop [112]=Oop [128]=Oop [144]=Oop }
                      ;*arraylength {reexecute=0 rethrow=0 return_oop=0}
                      ; - java.security.CodeSource::getCertificates@40
                      ; - java.lang.ClassLoader::postDefineClass@24
                      ; - java.lang.ClassLoader::defineClass@37
                      ; - org.eclipse.osgi.internal.loader.ModuleClassLoader::defineClass@37 (line 315)
                      ; - org.eclipse.osgi.internal.loader.classpath.ClasspathManager::defineClass@424 (line 779)
  0x000001c839239420: dcd8 6cff 

  0x000001c839239424: ;   {other}
  0x000001c839239424: 0f1f 8400 | 0000 0000 | ba97 ffff | ff48 8b6c | 2450 4c8b | 5424 604c | 8954 2428 | 4c8b 5424 
  0x000001c839239444: 684c 8954 | 2430 448b | 5424 5844 | 8954 2450 | 4c8b 9424 | 8800 0000 | 4c89 5424 | 6866 6690 
  0x000001c839239464: ;   {runtime_call UncommonTrapBlob}
  0x000001c839239464: c5f8 77e8 

  0x000001c839239468: ; ImmutableOopMap {rbp=Oop [32]=Oop [40]=Oop [48]=Oop [80]=NarrowOop [104]=Oop [112]=Oop [120]=Oop [136]=Oop }
                      ;*invokevirtual clone {reexecute=1 rethrow=0 return_oop=0}
                      ; - (reexecute) java.util.Arrays::copyOfRange@18
                      ; - java.lang.StringLatin1::newString@16
                      ; - java.lang.String::substring@41
                      ; - org.eclipse.osgi.internal.loader.classpath.ClasspathManager::definePackage@15 (line 824)
                      ; - org.eclipse.osgi.internal.loader.classpath.ClasspathManager::defineClass@9 (line 733)
  0x000001c839239468: 94d8 6cff 

  0x000001c83923946c: ;   {other}
  0x000001c83923946c: 0f1f 8400 | 0000 0000 | ba97 ffff | ff4c 8b94 | 2480 0000 | 004c 8954 | 2420 4c8b | 5424 604c 
  0x000001c83923948c: 8954 2428 | 4c8b 5424 | 684c 8954 | 2430 4c8b | 5424 704c | 8954 2438 | 4c8b 5424 | 484c 8954 
  0x000001c8392394ac: 2440 4c8b | 5424 584c | 8954 2448 | 448b 9424 | 9800 0000 | 4489 5424 | 684c 8b94 | 2490 0000 
  0x000001c8392394cc: 004c 8954 | 2478 448b | 9c24 8800 | 0000 4489 | 9c24 8400 | 0000 448b | 9424 9c00 | 0000 4489 
  0x000001c8392394ec: 9424 8800 | 0000 4c8b | 9424 a800 | 0000 4c89 | 9424 a000 | 0000 6690 

  0x000001c839239504: ;   {runtime_call UncommonTrapBlob}
  0x000001c839239504: c5f8 77e8 

  0x000001c839239508: ; ImmutableOopMap {rbp=Oop [32]=Oop [40]=Oop [48]=Oop [56]=Oop [64]=Oop [72]=Oop [104]=NarrowOop [120]=Oop [132]=NarrowOop [136]=NarrowOop [160]=Oop [168]=Oop [248]=Oop }
                      ;*invokevirtual clone {reexecute=1 rethrow=0 return_oop=0}
                      ; - (reexecute) java.util.Arrays::copyOfRange@18
                      ; - java.lang.StringLatin1::newString@16
                      ; - java.lang.String::substring@41
                      ; - java.lang.ClassLoader::checkCerts@21
                      ; - java.lang.ClassLoader::preDefineClass@113
                      ; - java.lang.ClassLoader::defineClass@4
                      ; - org.eclipse.osgi.internal.loader.ModuleClassLoader::defineClass@37 (line 315)
                      ; - org.eclipse.osgi.internal.loader.classpath.ClasspathManager::defineClass@424 (line 779)
  0x000001c839239508: f4d7 6cff 

  0x000001c83923950c: ;   {other}
  0x000001c83923950c: 0f1f 8400 | 0000 0000 | ba97 ffff | ff48 8b6c | 2450 4c8b | 9424 8000 | 0000 4c89 | 5424 204c 
  0x000001c83923952c: 8b54 2460 | 4c89 5424 | 284c 8b54 | 2468 4c89 | 5424 304c | 8b54 2470 | 4c89 5424 | 384c 8b54 
  0x000001c83923954c: 2448 4c89 | 5424 404c | 8b54 2458 | 4c89 5424 | 484c 8b94 | 2490 0000 | 004c 8954 | 2470 448b 
  0x000001c83923956c: 9c24 8c00 | 0000 4489 | 5c24 7c90 

  0x000001c839239578: ;   {runtime_call UncommonTrapBlob}
  0x000001c839239578: c5f8 77e8 

  0x000001c83923957c: ; ImmutableOopMap {rbp=Oop [32]=Oop [40]=Oop [48]=Oop [56]=Oop [64]=Oop [72]=Oop [112]=Oop [136]=NarrowOop [152]=NarrowOop [160]=Oop [248]=Oop }
                      ;*invokevirtual clone {reexecute=1 rethrow=0 return_oop=0}
                      ; - (reexecute) java.security.CodeSource::getCertificates@11
                      ; - java.lang.ClassLoader::checkCerts@34
                      ; - java.lang.ClassLoader::preDefineClass@113
                      ; - java.lang.ClassLoader::defineClass@4
                      ; - org.eclipse.osgi.internal.loader.ModuleClassLoader::defineClass@37 (line 315)
                      ; - org.eclipse.osgi.internal.loader.classpath.ClasspathManager::defineClass@424 (line 779)
  0x000001c83923957c: 80d7 6cff 

  0x000001c839239580: ;   {other}
  0x000001c839239580: 0f1f 8400 | 0000 0000 | eb00 4889 | 4424 20e9 | d08b ffff | baf4 ffff | ff48 8b6c | 2450 4c8b 
  0x000001c8392395a0: 5424 404c | 8954 2420 | 4c8b 5424 | 604c 8954 | 2428 4c8b | 5424 684c | 8954 2430 | 4c8b 5424 
  0x000001c8392395c0: 704c 8954 | 2438 4c8b | 5424 484c | 8954 2440 | 4c8b 5424 | 584c 8954 | 2448 4c8b | 9424 9000 
  0x000001c8392395e0: 0000 4c89 | 5424 7044 | 8b9c 248c | 0000 0044 | 895c 247c 

  0x000001c8392395f4: ;   {runtime_call UncommonTrapBlob}
  0x000001c8392395f4: c5f8 77e8 

  0x000001c8392395f8: ; ImmutableOopMap {rbp=Oop [32]=Oop [40]=Oop [48]=Oop [56]=Oop [64]=Oop [72]=Oop [112]=Oop [136]=NarrowOop [152]=NarrowOop [160]=Oop [248]=Oop }
                      ;*checkcast {reexecute=0 rethrow=0 return_oop=0}
                      ; - java.security.CodeSource::getCertificates@76
                      ; - java.lang.ClassLoader::checkCerts@34
                      ; - java.lang.ClassLoader::preDefineClass@113
                      ; - java.lang.ClassLoader::defineClass@4
                      ; - org.eclipse.osgi.internal.loader.ModuleClassLoader::defineClass@37 (line 315)
                      ; - org.eclipse.osgi.internal.loader.classpath.ClasspathManager::defineClass@424 (line 779)
  0x000001c8392395f8: 04d7 6cff 

  0x000001c8392395fc: ;   {other}
  0x000001c8392395fc: 0f1f 8400 | 0000 0000 | ba97 ffff | ff48 8b6c | 2450 4c8b | 9424 8000 | 0000 4c89 | 5424 204c 
  0x000001c83923961c: 8b54 2460 | 4c89 5424 | 284c 8b54 | 2468 4c89 | 5424 304c | 8b54 2470 | 4c89 5424 | 384c 8b54 
  0x000001c83923963c: 2448 4c89 | 5424 404c | 8b54 2458 | 4c89 5424 | 4844 8b9c | 248c 0000 | 0044 895c | 2450 4c8b 
  0x000001c83923965c: 9424 9000 | 0000 4c89 | 5424 6044 | 8b94 2488 | 0000 0044 | 8954 2454 | 4c8b 9424 | 9800 0000 
  0x000001c83923967c: 4c89 5424 | 7866 6690 

  0x000001c839239684: ;   {runtime_call UncommonTrapBlob}
  0x000001c839239684: c5f8 77e8 

  0x000001c839239688: ; ImmutableOopMap {rbp=Oop [32]=Oop [40]=Oop [48]=Oop [56]=Oop [64]=Oop [72]=Oop [80]=NarrowOop [84]=NarrowOop [96]=Oop [120]=Oop [160]=Oop [168]=Oop }
                      ;*invokevirtual clone {reexecute=1 rethrow=0 return_oop=0}
                      ; - (reexecute) java.util.Arrays::copyOfRange@18
                      ; - java.lang.StringLatin1::newString@16
                      ; - java.lang.String::substring@41
                      ; - java.lang.Class::getPackageName@62
                      ; - java.lang.ClassLoader::postDefineClass@2
                      ; - java.lang.ClassLoader::defineClass@37
                      ; - org.eclipse.osgi.internal.loader.ModuleClassLoader::defineClass@37 (line 315)
                      ; - org.eclipse.osgi.internal.loader.classpath.ClasspathManager::defineClass@424 (line 779)
  0x000001c839239688: 74d6 6cff 

  0x000001c83923968c: ;   {other}
  0x000001c83923968c: 0f1f 8400 | 0000 0000 | ba97 ffff | ff48 8b6c | 2450 4c8b | 5424 604c | 8954 2428 | 4c8b 5424 
  0x000001c8392396ac: 684c 8954 | 2430 4c8b | 5424 704c | 8954 2438 | 4c8b 5424 | 484c 8954 | 2440 4c8b | 5424 584c 
  0x000001c8392396cc: 8954 2448 | 4c8b 9424 | 9000 0000 | 4c89 5424 | 5866 6690 

  0x000001c8392396e0: ;   {runtime_call UncommonTrapBlob}
  0x000001c8392396e0: c5f8 77e8 

  0x000001c8392396e4: ; ImmutableOopMap {rbp=Oop [40]=Oop [48]=Oop [56]=Oop [64]=Oop [72]=Oop [88]=Oop [128]=Oop [136]=NarrowOop [140]=NarrowOop [144]=Oop [160]=Oop }
                      ;*invokevirtual clone {reexecute=1 rethrow=0 return_oop=0}
                      ; - (reexecute) java.security.CodeSource::getCertificates@11
                      ; - java.lang.ClassLoader::postDefineClass@24
                      ; - java.lang.ClassLoader::defineClass@37
                      ; - org.eclipse.osgi.internal.loader.ModuleClassLoader::defineClass@37 (line 315)
                      ; - org.eclipse.osgi.internal.loader.classpath.ClasspathManager::defineClass@424 (line 779)
  0x000001c8392396e4: 18d6 6cff 

  0x000001c8392396e8: ;   {other}
  0x000001c8392396e8: 0f1f 8400 | 0000 0000 | baf4 ffff | ff4c 8b54 | 2460 4c89 | 5424 284c | 8b54 2468 | 4c89 5424 
  0x000001c839239708: 304c 8b54 | 2470 4c89 | 5424 384c | 8b54 2448 | 4c89 5424 | 404c 8b54 | 2458 4c89 | 5424 484c 
  0x000001c839239728: 8b94 2490 | 0000 004c | 8954 2458 

  0x000001c839239734: ;   {runtime_call UncommonTrapBlob}
  0x000001c839239734: c5f8 77e8 

  0x000001c839239738: ; ImmutableOopMap {rbp=Oop [40]=Oop [48]=Oop [56]=Oop [64]=Oop [72]=Oop [88]=Oop [128]=Oop [136]=NarrowOop [140]=NarrowOop [144]=Oop [160]=Oop }
                      ;*checkcast {reexecute=0 rethrow=0 return_oop=0}
                      ; - java.security.CodeSource::getCertificates@76
                      ; - java.lang.ClassLoader::postDefineClass@24
                      ; - java.lang.ClassLoader::defineClass@37
                      ; - org.eclipse.osgi.internal.loader.ModuleClassLoader::defineClass@37 (line 315)
                      ; - org.eclipse.osgi.internal.loader.classpath.ClasspathManager::defineClass@424 (line 779)
  0x000001c839239738: c4d5 6cff 

  0x000001c83923973c: ;   {other}
  0x000001c83923973c: 0f1f 8400 | 0000 0000 | 488b 4c24 | 4848 8d94 | 2400 0100 | 004d 8bc7 | c5f8 7749 | ba40 d95c 
  0x000001c83923975c: 34f9 7f00 | 0041 ffd2 

  0x000001c839239764: ;   {other}
  0x000001c839239764: 0f1f 8400 | 0000 0000 | e9e6 0000 | 0048 8bd8 | e9de 0000 | 0048 8bd8 | e9d6 0000 | 0048 8bd8 
  0x000001c839239784: eb31 488b | d8eb 2c48 | 8bd8 e9c4 | 0000 0048 | 8bd8 e9bc | 0000 0048 | 8bd8 eb17 | 488b d8eb 
  0x000001c8392397a4: 1248 8bd8 | eb0d 488b | d8eb 0848 | 8bd8 eb03 | 488b d84c | 8b5c 2448 | 488d 8424 | 0001 0000 
  0x000001c8392397c4: 4883 3800 | 0f84 7900 | 0000 4d8b | 1341 f6c2 | 020f 8462 | 0000 0049 | 83ba 8600 | 0000 0074 
  0x000001c8392397e4: 0949 ff8a | 8600 0000 | eb4b 498b | 8296 0000 | 0049 0b82 | 8e00 0000 | 750a 49c7 | 423e 0000 
  0x000001c839239804: 0000 eb3d | 4983 ba9e | 0000 0000 | 7422 4833 | c049 c742 | 3e00 0000 | 00f0 8304 | 2400 4983 
  0x000001c839239824: ba9e 0000 | 0000 750d | f04d 0fb1 | 7a3e 7505 | 83c8 01eb | 0ca8 00eb | 084c 8b10 | f04d 0fb1 
  0x000001c839239844: 1375 0a49 | ff8f 5005 | 0000 4533 | d20f 85ed | feff ff48 | 895c 2420 | e903 89ff 

  0x000001c839239860: ;   {no_reloc}
  0x000001c839239860: ffeb 04eb | 02eb 0048 | 8944 2420 | e91f 88ff | ffeb 04eb | 02eb 0048 | 8944 2420 | e9e3 88ff 
  0x000001c839239880: ff48 8944 | 2420 e9d9 | 88ff ffeb | 06eb 04eb | 02eb 0048 | 8944 2420 | e9c7 88ff | ffeb 08eb 
  0x000001c8392398a0: 06eb 04eb | 02eb 0048 | 8bd0 e9b6 | 89ff ffba | 97ff ffff | 488b 6c24 | 504c 8b54 | 2440 4c89 
  0x000001c8392398c0: 5424 204c | 8b54 2460 | 4c89 5424 | 284c 8b54 | 2468 4c89 | 5424 304c | 8b54 2470 | 4c89 5424 
  0x000001c8392398e0: 384c 8b54 | 2448 4c89 | 5424 404c | 8b54 2458 | 4c89 5424 | 484c 8b94 | 2490 0000 | 004c 8954 
  0x000001c839239900: 2470 6690 

  0x000001c839239904: ;   {runtime_call UncommonTrapBlob}
  0x000001c839239904: c5f8 77e8 

  0x000001c839239908: ; ImmutableOopMap {rbp=Oop [32]=Oop [40]=Oop [48]=Oop [56]=Oop [64]=Oop [72]=Oop [112]=Oop [136]=NarrowOop [152]=Oop [160]=Oop [248]=Oop }
                      ;*invokevirtual clone {reexecute=1 rethrow=0 return_oop=0}
                      ; - (reexecute) java.security.CodeSource::getCertificates@86
                      ; - java.lang.ClassLoader::checkCerts@34
                      ; - java.lang.ClassLoader::preDefineClass@113
                      ; - java.lang.ClassLoader::defineClass@4
                      ; - org.eclipse.osgi.internal.loader.ModuleClassLoader::defineClass@37 (line 315)
                      ; - org.eclipse.osgi.internal.loader.classpath.ClasspathManager::defineClass@424 (line 779)
  0x000001c839239908: f4d3 6cff 

  0x000001c83923990c: ;   {other}
  0x000001c83923990c: 0f1f 8400 | 0000 0000 | ba97 ffff | ff48 8b6c | 2450 4c8b | 5424 604c | 8954 2428 | 4c8b 5424 
  0x000001c83923992c: 684c 8954 | 2430 4c8b | 5424 704c | 8954 2438 | 4c8b 5424 | 484c 8954 | 2440 4c8b | 5424 584c 
  0x000001c83923994c: 8954 2448 | 4c8b 9424 | 9000 0000 | 4c89 5424 | 5866 6690 

  0x000001c839239960: ;   {runtime_call UncommonTrapBlob}
  0x000001c839239960: c5f8 77e8 

  0x000001c839239964: ; ImmutableOopMap {rbp=Oop [40]=Oop [48]=Oop [56]=Oop [64]=Oop [72]=Oop [88]=Oop [128]=Oop [136]=NarrowOop [144]=Oop [152]=Oop [160]=Oop }
                      ;*invokevirtual clone {reexecute=1 rethrow=0 return_oop=0}
                      ; - (reexecute) java.security.CodeSource::getCertificates@86
                      ; - java.lang.ClassLoader::postDefineClass@24
                      ; - java.lang.ClassLoader::defineClass@37
                      ; - org.eclipse.osgi.internal.loader.ModuleClassLoader::defineClass@37 (line 315)
                      ; - org.eclipse.osgi.internal.loader.classpath.ClasspathManager::defineClass@424 (line 779)
  0x000001c839239964: 98d3 6cff 

  0x000001c839239968: ;   {other}
  0x000001c839239968: 0f1f 8400 | 0000 0000 | eb5c eb5a | eb58 eb56 | eb54 eb52 | eb50 eb4e | eb4c eb4a | eb48 eb46 
  0x000001c839239988: eb44 eb42 | eb40 eb3e | eb3c eb3a | eb38 eb36 | eb34 eb32 | eb30 eb2e | eb2c eb2a | eb28 eb26 
  0x000001c8392399a8: eb24 eb22 | eb20 eb1e | eb1c eb1a | eb18 eb16 | eb14 eb12 | eb10 eb0e | eb0c eb0a | eb08 eb06 
  0x000001c8392399c8: eb04 eb02 | eb00 4889 | 4424 20e9 | b886 ffff 

  0x000001c8392399d8: ;   {internal_word}
  0x000001c8392399d8: 49ba 5f1a | 2339 c801 | 0000 4d89 | 9768 0400 

  0x000001c8392399e8: ;   {runtime_call SafepointBlob}
  0x000001c8392399e8: 00e9 92c1 

  0x000001c8392399ec: ;   {runtime_call StubRoutines (final stubs)}
  0x000001c8392399ec: 6cff e80d | 3e6b ffe9 | 0653 ffff 
[Stub Code]
  0x000001c8392399f8: ;   {no_reloc}
  0x000001c8392399f8: 48bb 0000 | 0000 0000 

  0x000001c839239a00: ;   {runtime_call nmethod}
  0x000001c839239a00: 0000 e9fb 

  0x000001c839239a04: ;   {static_stub}
  0x000001c839239a04: ffff ff48 | bb00 0000 | 0000 0000 

  0x000001c839239a10: ;   {runtime_call nmethod}
  0x000001c839239a10: 00e9 fbff 

  0x000001c839239a14: ;   {static_stub}
  0x000001c839239a14: ffff 48bb | 0000 0000 | 0000 0000 

  0x000001c839239a20: ;   {runtime_call nmethod}
  0x000001c839239a20: e9fb ffff 

  0x000001c839239a24: ;   {static_stub}
  0x000001c839239a24: ff48 bb00 | 0000 0000 

  0x000001c839239a2c: ;   {runtime_call nmethod}
  0x000001c839239a2c: 0000 00e9 | fbff ffff 

  0x000001c839239a34: ;   {static_stub}
  0x000001c839239a34: 48bb 0000 | 0000 0000 

  0x000001c839239a3c: ;   {runtime_call nmethod}
  0x000001c839239a3c: 0000 e9fb 

  0x000001c839239a40: ;   {static_stub}
  0x000001c839239a40: ffff ff48 | bb00 0000 | 0000 0000 

  0x000001c839239a4c: ;   {runtime_call nmethod}
  0x000001c839239a4c: 00e9 fbff 

  0x000001c839239a50: ;   {static_stub}
  0x000001c839239a50: ffff 48bb | 0000 0000 | 0000 0000 

  0x000001c839239a5c: ;   {runtime_call nmethod}
  0x000001c839239a5c: e9fb ffff 

  0x000001c839239a60: ;   {static_stub}
  0x000001c839239a60: ff48 bb00 | 0000 0000 

  0x000001c839239a68: ;   {runtime_call nmethod}
  0x000001c839239a68: 0000 00e9 | fbff ffff 

  0x000001c839239a70: ;   {static_stub}
  0x000001c839239a70: 48bb 0000 | 0000 0000 

  0x000001c839239a78: ;   {runtime_call nmethod}
  0x000001c839239a78: 0000 e9fb 

  0x000001c839239a7c: ;   {static_stub}
  0x000001c839239a7c: ffff ff48 | bb00 0000 | 0000 0000 

  0x000001c839239a88: ;   {runtime_call nmethod}
  0x000001c839239a88: 00e9 fbff 

  0x000001c839239a8c: ;   {static_stub}
  0x000001c839239a8c: ffff 48bb | 0000 0000 | 0000 0000 

  0x000001c839239a98: ;   {runtime_call nmethod}
  0x000001c839239a98: e9fb ffff 

  0x000001c839239a9c: ;   {static_stub}
  0x000001c839239a9c: ff48 bb00 | 0000 0000 

  0x000001c839239aa4: ;   {runtime_call nmethod}
  0x000001c839239aa4: 0000 00e9 | fbff ffff 

  0x000001c839239aac: ;   {static_stub}
  0x000001c839239aac: 48bb 0000 | 0000 0000 

  0x000001c839239ab4: ;   {runtime_call nmethod}
  0x000001c839239ab4: 0000 e9fb 

  0x000001c839239ab8: ;   {static_stub}
  0x000001c839239ab8: ffff ff48 | bb00 0000 | 0000 0000 

  0x000001c839239ac4: ;   {runtime_call nmethod}
  0x000001c839239ac4: 00e9 fbff 

  0x000001c839239ac8: ;   {static_stub}
  0x000001c839239ac8: ffff 48bb | 0000 0000 | 0000 0000 

  0x000001c839239ad4: ;   {runtime_call nmethod}
  0x000001c839239ad4: e9fb ffff 

  0x000001c839239ad8: ;   {static_stub}
  0x000001c839239ad8: ff48 bb00 | 0000 0000 

  0x000001c839239ae0: ;   {runtime_call nmethod}
  0x000001c839239ae0: 0000 00e9 | fbff ffff 

  0x000001c839239ae8: ;   {static_stub}
  0x000001c839239ae8: 48bb 0000 | 0000 0000 

  0x000001c839239af0: ;   {runtime_call nmethod}
  0x000001c839239af0: 0000 e9fb 

  0x000001c839239af4: ;   {static_stub}
  0x000001c839239af4: ffff ff48 | bb00 0000 | 0000 0000 

  0x000001c839239b00: ;   {runtime_call nmethod}
  0x000001c839239b00: 00e9 fbff 

  0x000001c839239b04: ;   {static_stub}
  0x000001c839239b04: ffff 48bb | 0000 0000 | 0000 0000 

  0x000001c839239b10: ;   {runtime_call nmethod}
  0x000001c839239b10: e9fb ffff 

  0x000001c839239b14: ;   {static_stub}
  0x000001c839239b14: ff48 bb00 | 0000 0000 

  0x000001c839239b1c: ;   {runtime_call nmethod}
  0x000001c839239b1c: 0000 00e9 | fbff ffff 

  0x000001c839239b24: ;   {static_stub}
  0x000001c839239b24: 48bb 0000 | 0000 0000 

  0x000001c839239b2c: ;   {runtime_call nmethod}
  0x000001c839239b2c: 0000 e9fb 

  0x000001c839239b30: ;   {static_stub}
  0x000001c839239b30: ffff ff48 | bb00 0000 | 0000 0000 

  0x000001c839239b3c: ;   {runtime_call nmethod}
  0x000001c839239b3c: 00e9 fbff 

  0x000001c839239b40: ;   {static_stub}
  0x000001c839239b40: ffff 48bb | 0000 0000 | 0000 0000 

  0x000001c839239b4c: ;   {runtime_call nmethod}
  0x000001c839239b4c: e9fb ffff 

  0x000001c839239b50: ;   {static_stub}
  0x000001c839239b50: ff48 bb00 | 0000 0000 

  0x000001c839239b58: ;   {runtime_call nmethod}
  0x000001c839239b58: 0000 00e9 | fbff ffff 

  0x000001c839239b60: ;   {static_stub}
  0x000001c839239b60: 48bb 0000 | 0000 0000 

  0x000001c839239b68: ;   {runtime_call nmethod}
  0x000001c839239b68: 0000 e9fb 

  0x000001c839239b6c: ;   {static_stub}
  0x000001c839239b6c: ffff ff48 | bb00 0000 | 0000 0000 

  0x000001c839239b78: ;   {runtime_call nmethod}
  0x000001c839239b78: 00e9 fbff 

  0x000001c839239b7c: ;   {static_stub}
  0x000001c839239b7c: ffff 48bb | 0000 0000 | 0000 0000 

  0x000001c839239b88: ;   {runtime_call nmethod}
  0x000001c839239b88: e9fb ffff 

  0x000001c839239b8c: ;   {static_stub}
  0x000001c839239b8c: ff48 bb00 | 0000 0000 

  0x000001c839239b94: ;   {runtime_call nmethod}
  0x000001c839239b94: 0000 00e9 | fbff ffff 

  0x000001c839239b9c: ;   {static_stub}
  0x000001c839239b9c: 48bb 0000 | 0000 0000 

  0x000001c839239ba4: ;   {runtime_call nmethod}
  0x000001c839239ba4: 0000 e9fb 

  0x000001c839239ba8: ;   {static_stub}
  0x000001c839239ba8: ffff ff48 | bb00 0000 | 0000 0000 

  0x000001c839239bb4: ;   {runtime_call nmethod}
  0x000001c839239bb4: 00e9 fbff 

  0x000001c839239bb8: ;   {static_stub}
  0x000001c839239bb8: ffff 48bb | 0000 0000 | 0000 0000 

  0x000001c839239bc4: ;   {runtime_call nmethod}
  0x000001c839239bc4: e9fb ffff 

  0x000001c839239bc8: ;   {static_stub}
  0x000001c839239bc8: ff48 bb00 | 0000 0000 

  0x000001c839239bd0: ;   {runtime_call nmethod}
  0x000001c839239bd0: 0000 00e9 | fbff ffff 

  0x000001c839239bd8: ;   {static_stub}
  0x000001c839239bd8: 48bb 0000 | 0000 0000 

  0x000001c839239be0: ;   {runtime_call nmethod}
  0x000001c839239be0: 0000 e9fb 

  0x000001c839239be4: ;   {static_stub}
  0x000001c839239be4: ffff ff48 | bb00 0000 | 0000 0000 

  0x000001c839239bf0: ;   {runtime_call nmethod}
  0x000001c839239bf0: 00e9 fbff 

  0x000001c839239bf4: ;   {static_stub}
  0x000001c839239bf4: ffff 48bb | e007 1245 | c801 0000 

  0x000001c839239c00: ;   {runtime_call I2C/C2I adapters}
  0x000001c839239c00: e96a 026d 

  0x000001c839239c04: ;   {static_stub}
  0x000001c839239c04: ff48 bb00 | 0000 0000 

  0x000001c839239c0c: ;   {runtime_call nmethod}
  0x000001c839239c0c: 0000 00e9 | fbff ffff 

  0x000001c839239c14: ;   {static_stub}
  0x000001c839239c14: 48bb 0000 | 0000 0000 

  0x000001c839239c1c: ;   {runtime_call nmethod}
  0x000001c839239c1c: 0000 e9fb 

  0x000001c839239c20: ;   {static_stub}
  0x000001c839239c20: ffff ff48 | bb00 0000 | 0000 0000 

  0x000001c839239c2c: ;   {runtime_call nmethod}
  0x000001c839239c2c: 00e9 fbff 

  0x000001c839239c30: ;   {static_stub}
  0x000001c839239c30: ffff 48bb | 0000 0000 | 0000 0000 

  0x000001c839239c3c: ;   {runtime_call nmethod}
  0x000001c839239c3c: e9fb ffff 

  0x000001c839239c40: ;   {static_stub}
  0x000001c839239c40: ff48 bb00 | 0000 0000 

  0x000001c839239c48: ;   {runtime_call nmethod}
  0x000001c839239c48: 0000 00e9 | fbff ffff 

  0x000001c839239c50: ;   {static_stub}
  0x000001c839239c50: 48bb 0000 | 0000 0000 

  0x000001c839239c58: ;   {runtime_call nmethod}
  0x000001c839239c58: 0000 e9fb 

  0x000001c839239c5c: ;   {static_stub}
  0x000001c839239c5c: ffff ff48 | bb00 0000 | 0000 0000 

  0x000001c839239c68: ;   {runtime_call nmethod}
  0x000001c839239c68: 00e9 fbff 

  0x000001c839239c6c: ;   {static_stub}
  0x000001c839239c6c: ffff 48bb | 0000 0000 | 0000 0000 

  0x000001c839239c78: ;   {runtime_call nmethod}
  0x000001c839239c78: e9fb ffff 

  0x000001c839239c7c: ;   {runtime_call ExceptionBlob}
  0x000001c839239c7c: ffe9 7ef4 | 77ff e800 | 0000 0048 | 832c 2405 

  0x000001c839239c8c: ;   {runtime_call DeoptimizationBlob}
  0x000001c839239c8c: e98f d36c | fff4 f4f4 | f4f4 f4f4 
[/MachCode]


Compiled method (c2) 13906 5701   !   4       org.eclipse.osgi.internal.loader.classpath.ClasspathManager::findClassImpl (328 bytes)
 total in heap  [0x000001c8391a0110,0x000001c8391af0d8] = 61384
 relocation     [0x000001c8391a0270,0x000001c8391a0ae0] = 2160
 main code      [0x000001c8391a0ae0,0x000001c8391a9180] = 34464
 stub code      [0x000001c8391a9180,0x000001c8391a93c0] = 576
 oops           [0x000001c8391a93c0,0x000001c8391a9410] = 80
 metadata       [0x000001c8391a9410,0x000001c8391a9ba8] = 1944
 scopes data    [0x000001c8391a9ba8,0x000001c8391ad170] = 13768
 scopes pcs     [0x000001c8391ad170,0x000001c8391ae470] = 4864
 dependencies   [0x000001c8391ae470,0x000001c8391ae6b8] = 584
 handler table  [0x000001c8391ae6b8,0x000001c8391aee68] = 1968
 nul chk table  [0x000001c8391aee68,0x000001c8391af0d8] = 624

[Constant Pool (empty)]

[MachCode]
[Entry Point]
  # {method} {0x000001c88868a000} 'findClassImpl' '(Ljava/lang/String;Lorg/eclipse/osgi/internal/loader/classpath/ClasspathEntry;Ljava/util/List;)Ljava/lang/Class;' in 'org/eclipse/osgi/internal/loader/classpath/ClasspathManager'
  # this:     rdx:rdx   = 'org/eclipse/osgi/internal/loader/classpath/ClasspathManager'
  # parm0:    r8:r8     = 'java/lang/String'
  # parm1:    r9:r9     = 'org/eclipse/osgi/internal/loader/classpath/ClasspathEntry'
  # parm2:    rdi:rdi   = 'java/util/List'
  #           [sp+0x120]  (sp of caller)
  0x000001c8391a0ae0: 448b 5208 | 49bb 0000 | 0045 c801 | 0000 4d03 | d349 3bc2 

  0x000001c8391a0af4: ;   {runtime_call ic_miss_stub}
  0x000001c8391a0af4: 0f85 86db | 75ff 6690 | 0f1f 4000 
[Verified Entry Point]
  0x000001c8391a0b00: 8984 2400 | 80ff ff55 | 4881 ec10 | 0100 0090 | 4181 7f20 | 0400 0000 | 0f85 5486 | 0000 4889 
  0x000001c8391a0b20: 7c24 384c | 894c 2430 | 4889 5424 | 7044 8b72 | 1841 0fb6 | 6e0e 85ed | 0f85 a24a | 0000 410f 
  0x000001c8391a0b40: b66e 0f85 | ed0f 84b1 | 4a00 004c | 8944 2478 

  0x000001c8391a0b50: ; implicit exception: dispatches to 0x000001c8391a7b18
  0x000001c8391a0b50: 458b 5014 

  0x000001c8391a0b54: ; implicit exception: dispatches to 0x000001c8391a79cc
  0x000001c8391a0b54: 418b 7a0c | 410f be58 | 10c4 6262 | f7cf 458d | 41ff 85db | 0f85 e949 | 0000 448d | 5fff 453b 
  0x000001c8391a0b74: d845 0f4f | d845 85db | 0f8c 9b00 | 0000 85ff | 0f86 9247 | 0000 443b | df0f 8389 | 4700 0045 
  0x000001c8391a0b94: 85db 0f8e | e447 0000 | 458d 43ff | 430f be4c | 1a10 83f9 | 2e0f 8446 | 2a00 0041 | ffcb 453b 
  0x000001c8391a0bb4: d87f e941 | 83fb 027e | 4566 6690 | 4d63 c343 | 0fbe 5c02 | 1083 fb2e | 7457 430f | be4c 020f 
  0x000001c8391a0bd4: 83f9 2e74 | 5141 8d4b | fe41 0fbe | 5c0a 1083 | fb2e 7446 | 418d 4bfd | 450f be44 

  0x000001c8391a0bf0: ;   {no_reloc}
  0x000001c8391a0bf0: 0a10 4183 | f82e 7436 | 4183 c3fc | 4183 fb02 | 7fbe 4183 | fbff 7e15 | 470f be44 | 1a10 4183 
  0x000001c8391a0c10: f82e 741d | 41ff cb41 | 83fb ff7f | eb41 bbff | ffff ffeb | 0c41 8bcb | eb04 418d | 4bff 448b 
  0x000001c8391a0c30: d94d 8b87 | 8803 0000 | 4d8b 004c | 8944 2420 | 4585 db0f | 8e87 3700 | 0045 3bd9 | 0f8f f649 
  0x000001c8391a0c50: 0000 453b | d90f 8490 | 2900 0045 | 85db 0f84 | 2337 0000 | 4d8b 87c8 | 0100 0049 | 8b9f b801 
  0x000001c8391a0c70: 0000 4c8b | cb49 83c1 | 1849 8bd6 | 4d3b c80f | 830f 3900 | 004d 898f | b801 0000 | 410f 0d89 
  0x000001c8391a0c90: c000 0000 | 48c7 0301 | 0000 004c | 8bc3 4983 

  0x000001c8391a0ca0: ;   {metadata('java/lang/String')}
  0x000001c8391a0ca0: c010 c743 | 0878 e800 | 0044 8963 | 0cc5 fdef | c0c4 c179 | d600 498b | ea4d 8d4a | 1044 3bdf 
  0x000001c8391a0cc0: 0f85 9700 | 0000 4c63 | c781 ff00 | 0010 000f | 8739 3c00 | 0049 8bb7 | b801 0000 | 4d8b 9fc8 
  0x000001c8391a0ce0: 0100 0049 | 8d48 1748 | 83e1 f848 | 8bc6 4803 | c149 3bc3 | 0f83 143c | 0000 4989 | 87b8 0100 
  0x000001c8391a0d00: 000f 0d88 | c000 0000 | 48c7 0601 | 0000 000f | 0d88 0001 

  0x000001c8391a0d14: ;   {metadata({type array byte})}
  0x000001c8391a0d14: 0000 c746 | 0818 2300 | 0089 7e0c | 0f0d 8840 | 0100 000f | 0d88 8001 | 0000 488b | d648 83c2 
  0x000001c8391a0d34: 1049 83c0 | 0749 c1e8 | 0349 8bc9 | c5f8 7749 | ba80 9c8e | 38c8 0100 | 0041 ffd2 

  0x000001c8391a0d50: ;   {other}
  0x000001c8391a0d50: 0f1f 8400 | 0000 0000 | e9f5 0000 | 0041 81fb | 0000 1000 | 0f87 1e47 | 0000 4963 | cb41 3bfb 
  0x000001c8391a0d70: 448b c745 | 0f4f c344 | 8984 2480 | 0000 0041 | 3bf8 0f82 | 7847 0000 | 453b d80f | 826f 4700 
  0x000001c8391a0d90: 0048 83c1 | 174c 8bc1 | 4983 e0f8 | 4181 fb00 | 0010 000f | 87bc 3900 | 0049 8bb7 | b801 0000 
  0x000001c8391a0db0: 4c8b d64d | 03d0 498b | bfc8 0100 | 004c 3bd7 | 0f83 9f39 | 0000 4d89 | 97b8 0100 | 0041 0f0d 
  0x000001c8391a0dd0: 8ac0 0000 | 0048 c706 | 0100 0000 | 410f 0d8a | 0001 0000 

  0x000001c8391a0de4: ;   {metadata({type array byte})}
  0x000001c8391a0de4: c746 0818 | 2300 0044 | 895e 0c41 | 0f0d 8a40 | 0100 0041 | 0f0d 8a80 | 0100 0048 | 8bd6 4883 
  0x000001c8391a0e04: c210 48c1 | e903 448b | 9424 8000 | 0000 4585 | d20f 8475 | 4600 0045 | 8bd3 448b | 9c24 8000 
  0x000001c8391a0e24: 0000 453b | da0f 8c5b | 3400 0049 | 83c0 f049 | c1e8 0349 | 8bc9 c5f8 | 7749 ba80 | 9c8e 38c8 
  0x000001c8391a0e44: 0100 0041 

  0x000001c8391a0e48: ;   {other}
  0x000001c8391a0e48: ffd2 0f1f | 8400 0000 | 0000 4488 | 6310 4c8b | de44 895b | 144c 8bd3 | 49c1 ea09 | 49bb 0000 
  0x000001c8391a0e68: 722d c801 | 0000 4788 | 2413 4c8b | db41 8b6e | 2044 8b55 

  0x000001c8391a0e7c: ;   {metadata('java/util/Collections$UnmodifiableSet')}
  0x000001c8391a0e7c: 0841 81fa | e072 1c00 | 0f85 be44 | 0000 4c8b | d545 8b42 | 0c45 8b50 | 0849 8bd0 

  0x000001c8391a0e98: ;   {metadata('java/util/HashSet')}
  0x000001c8391a0e98: 4181 fa78 | c40d 000f | 854e 3300 | 008b 4a0c 

  0x000001c8391a0ea8: ; implicit exception: dispatches to 0x000001c8391a7ae8
  0x000001c8391a0ea8: 8b59 0841 | 8b7b 0c45 | 8b4b 1441 | 0fbe 7310 | 410f b66b | 1144 8bd7 | 41c1 ea10 | 4433 d748 
  0x000001c8391a0ec8: 8bc1 4533 | c085 f641 | 0f94 c049 

  0x000001c8391a0ed4: ;   {metadata('java/util/HashMap')}
  0x000001c8391a0ed4: 8bd1 81fb | 68a9 0800 | 0f85 1b27 | 0000 8b58 | 2485 db0f | 84dc 0000 | 008b 4b0c | 85c9 0f86 
  0x000001c8391a0ef4: b846 0000 | ffc9 85ff | 0f84 2e0f | 0000 4123 | ca44 8b4c | 8b10 4585 | c90f 84b6 | 0000 0041 
  0x000001c8391a0f14: 8b49 0c41 | 3bca 755c | 418b 4910 | 4c8b c14d | 3bc3 7448 | 4489 5424 | 404c 895c | 2428 498b 
  0x000001c8391a0f34: e944 894c | 2444 498b | d366 6690 

  0x000001c8391a0f40: ;   {optimized virtual_call}
  0x000001c8391a0f40: c5f8 77e8 

  0x000001c8391a0f44: ; ImmutableOopMap {rbp=Oop [32]=Oop [40]=Oop [48]=Oop [56]=Oop [68]=NarrowOop [112]=Oop [120]=Oop }
                      ;*invokevirtual equals {reexecute=0 rethrow=0 return_oop=0}
                      ; - java.util.HashMap::getNode@63
                      ; - java.util.HashMap::containsKey@2
                      ; - java.util.HashSet::contains@5
                      ; - java.util.Collections$UnmodifiableCollection::contains@5
                      ; - org.eclipse.osgi.internal.debug.Debug::loaderWithClass@27 (line 287)
                      ; - org.eclipse.osgi.internal.loader.classpath.ClasspathManager::findClassImpl@5 (line 667)
  0x000001c8391a0f44: 38dc 75ff 

  0x000001c8391a0f48: ;   {other}
  0x000001c8391a0f48: 0f1f 8400 | 380e 0000 | 85c0 751c | ba45 ffff | ff89 4424 | 4866 6690 

  0x000001c8391a0f60: ;   {runtime_call UncommonTrapBlob}
  0x000001c8391a0f60: c5f8 77e8 

  0x000001c8391a0f64: ; ImmutableOopMap {[40]=Oop [48]=Oop [56]=Oop [68]=NarrowOop [112]=Oop [120]=Oop }
                      ;*ifeq {reexecute=1 rethrow=0 return_oop=0}
                      ; - (reexecute) java.util.HashMap::getNode@66
                      ; - java.util.HashMap::containsKey@2
                      ; - java.util.HashSet::contains@5
                      ; - java.util.Collections$UnmodifiableCollection::contains@5
                      ; - org.eclipse.osgi.internal.debug.Debug::loaderWithClass@27 (line 287)
                      ; - org.eclipse.osgi.internal.loader.classpath.ClasspathManager::findClassImpl@5 (line 667)
  0x000001c8391a0f64: 985d 76ff 

  0x000001c8391a0f68: ;   {other}
  0x000001c8391a0f68: 0f1f 8400 | 580e 0001 | 41ba 0100 | 0000 eb54 | 458b 4118 | 4585 c074 | 4841 8b49 

  0x000001c8391a0f84: ;   {metadata('java/util/HashMap$TreeNode')}
  0x000001c8391a0f84: 0881 f920 | 011a 000f | 8493 5400 | 0049 8be8 | 8b4d 0c41 | 3bca 7518 | 448b 4d10 | 4d8b c14d 
  0x000001c8391a0fa4: 3bc3 0f85 | a22b 0000 | 41ba 0100 | 0000 eb18 | 8b5d 1849 | 8b8f 5804 

  0x000001c8391a0fbc: ; ImmutableOopMap {r11=Oop rbx=NarrowOop [32]=Oop [48]=Oop [56]=Oop [112]=Oop [120]=Oop }
                      ;*ifnonnull {reexecute=1 rethrow=0 return_oop=0}
                      ; - (reexecute) java.util.HashMap::getNode@145
                      ; - java.util.HashMap::containsKey@2
                      ; - java.util.HashSet::contains@5
                      ; - java.util.Collections$UnmodifiableCollection::contains@5
                      ; - org.eclipse.osgi.internal.debug.Debug::loaderWithClass@27 (line 287)
                      ; - org.eclipse.osgi.internal.loader.classpath.ClasspathManager::findClassImpl@5 (line 667)
                      ;   {poll}
  0x000001c8391a0fbc: 0000 8501 | 85db 7405 | 488b ebeb | cb45 33d2 | 4585 d20f | 8543 4600 | 004c 8b54 | 2478 450f 
  0x000001c8391a0fdc: be52 1045 | 85d2 0f85 | a845 0000 | 4c8b 5424 | 7841 8b4a | 1444 8b51 | 0c45 85d2 | 0f86 8500 
  0x000001c8391a0ffc: 0000 458d | 4aff 453b | ca0f 83f4 | 4200 0044 | 0fbe 4110 | 418d 7afd | 4183 f82e | 0f84 a425 
  0x000001c8391a101c: 0000 83ff | 010f 8ece | 4300 0041 | bb01 0000 | 0066 6690 | 4d63 c342 | 0fbe 5401 | 1083 fa2e 
  0x000001c8391a103c: 745f 420f | be54 0111 | 83fa 2e74 | 4b42 0fbe | 5401 1283 | fa2e 7445 | 420f be5c | 0113 83fb 
  0x000001c8391a105c: 2e74 3141 | 83c3 0444 | 3bdf 7cc8 | 453b da7d | 1666 6690 | 420f be5c | 1910 83fb | 2e74 2241 
  0x000001c8391a107c: ffc3 453b | da7c ed4c | 8bc1 4c8b | 4c24 78e9 | a202 0000 | 4183 c302 | 41ff c3eb | 0441 83c3 
  0x000001c8391a109c: 0245 3bda | 7de1 4181 | fa00 0010 | 000f 871d | 3600 004d | 8b87 b801 | 0000 498b | 9fc8 0100 
  0x000001c8391a10bc: ;   {no_reloc}
  0x000001c8391a10bc: 0049 63d2 | 4883 c217 | 4883 e2f8 | 498b f048 | 03f2 483b | f30f 83f5 | 3500 0049 | 89b7 b801 
  0x000001c8391a10dc: 0000 0f0d | 8ec0 0000 | 0049 c700 | 0100 0000 | 0f0d 8e00 

  0x000001c8391a10f0: ;   {metadata({type array byte})}
  0x000001c8391a10f0: 0100 0041 | c740 0818 | 2300 0045 | 8950 0c0f | 0d8e 4001 | 0000 0f0d | 8e80 0100 | 0045 85db 
  0x000001c8391a1110: 0f8e 8a00 | 0000 418d | 53ff 413b | d20f 8305 | 4400 0045 | 85d2 0f86 | fc43 0000 | 4963 dbba 
  0x000001c8391a1130: 0400 0000 | 4183 fb04 | 480f 4fda | 8bdb 33c0 | 4863 d00f | be74 1110 | 4188 7410 | 108d 7001 
  0x000001c8391a1150: 3bf3 7d04 | 8bc6 ebe8 | 418d 5bfd | 3bf3 0f8d | ec43 0000 | ffc0 6666 | 0f1f 8400 | 0000 0000 
  0x000001c8391a1170: 4863 d0c5 | f96e 4411 | 10c4 c179 | 7e44 1010 | 83c0 043b | c37c e941 | 3bc3 7d14 | 4863 d80f 
  0x000001c8391a1190: be74 1910 | 4188 7418 | 10ff c041 | 3bc3 7cec | 453b da0f | 8d32 0100 | 0045 3bda | 0f83 ae42 
  0x000001c8391a11b0: 0000 453b | ca0f 83a5 | 4200 0041 | 8d5b 014d | 63cb 420f | be74 0910 | 83fe 2e0f | 8484 2000 
  0x000001c8391a11d0: 0043 8874 | 0810 418d | 5301 3bd3 | 7d05 448b | daeb dc3b | d70f 8dc7 | 0000 0041 | ffc3 eb4e 
  0x000001c8391a11f0: ;   {no_reloc}
  0x000001c8391a11f0: bb2f 0000 | 0066 6666 | 0f1f 8400 | 0000 0000 | 4388 5c08 | 1042 0fbe | 5c09 1183 | fb2e 7445 
  0x000001c8391a1210: 4388 5c08 | 1142 0fbe | 5c09 1283 | fb2e 742e | 4388 5c08 | 1242 0fbe | 5c09 1383 | fb2e 742c 
  0x000001c8391a1230: 4388 5c08 | 1341 83c3 | 0444 3bdf | 7d77 4d63 | cb42 0fbe | 5c09 1083 | fb2e 75b4 | eba2 bb2f 
  0x000001c8391a1250: 0000 00eb | cbbb 2f00 | 0000 ebb4 | bb2f 0000 | 00eb cd49 | baff ffff | ffff ffff | ffc4 42b8 
  0x000001c8391a1270: f5d2 c4c1 | fb92 fa62 | f17f af6f | 4500 62f1 | 7f2f 7f02 | e9f9 0100 | 0042 c644 | 0310 2e42 
  0x000001c8391a1290: c644 0311 | 6342 c644 | 0312 6c42 | c644 0313 | 6142 c644 | 0314 7342 | c644 0315 | 73e9 8701 
  0x000001c8391a12b0: 0000 448b | da45 3bda | 7d21 6690 | 4d63 cb42 | 0fbe 7c09 | 1083 ff2e | 0f84 7822 | 0000 4388 
  0x000001c8391a12d0: 7c08 1041 | ffc3 453b | da7c e14d | 8b97 c801 | 0000 4d8b | 8fb8 0100 | 004d 8bd9 | 4983 c318 
  0x000001c8391a12f0: ;   {no_reloc}
  0x000001c8391a12f0: 4d3b da0f | 8340 3400 | 004d 899f | b801 0000 | 410f 0d8b | c000 0000 | 49c7 0101 | 0000 004d 
  0x000001c8391a1310: 8bd1 4983 

  0x000001c8391a1314: ;   {metadata('java/lang/String')}
  0x000001c8391a1314: c210 41c7 | 4108 78e8 | 0000 4589 | 610c c5fd | efc0 c4c1 | 79d6 024d | 8bd0 4589 | 5114 458b 
  0x000001c8391a1334: 500c 4585 | d20f 8611 | 2200 0041 | 0fbe 7910 | c442 42f7 | da49 63f3 | 83ff 010f | 84b3 4300 
  0x000001c8391a1354: 0045 85db | 0f8c 2243 | 0000 488d | 4606 8be8 | 85ed 0f8c | 4843 0000 | 488b c848 | c1f9 208b 
  0x000001c8391a1374: d9c4 e261 | f7cd 85c9 | 0f8c be43 | 0000 81f9 | 0000 1000 | 0f87 5f40 | 0000 4863 | d181 f900 
  0x000001c8391a1394: 0010 000f | 8770 3200 | 0049 8be8 | 4d8b 87c8 | 0100 0049 | 8b9f b801 | 0000 4883 | c217 4883 
  0x000001c8391a13b4: e2f8 4c8b | eb4c 03ea | 4d3b e80f | 8345 3200 | 004d 89af | b801 0000 | 410f 0d8d | c000 0000 
  0x000001c8391a13d4: 48c7 0301 | 0000 0041 | 0f0d 8d00 

  0x000001c8391a13e0: ;   {metadata({type array byte})}
  0x000001c8391a13e0: 0100 00c7 | 4308 1823 | 0000 894b | 0c41 0f0d | 8d40 0100 | 0041 0f0d | 8d80 0100 | 0041 8d53 
  0x000001c8391a1400: 063b ca0f | 82f7 3f00 | 004d 63c3 | 4585 db0f | 8e74 feff | ff42 c644 | 0315 7342 | c644 0314 
  0x000001c8391a1420: 7342 c644 | 0313 6142 | c644 0312 | 6c42 c644 | 0311 6342 | c644 0310 | 2e85 ff0f | 858f 4200 
  0x000001c8391a1440: 0041 3bca | 0f82 f63f | 0000 4585 | d276 3348 | 8bd3 4883 | c210 4883 | c510 4d63 | c249 83f8 
  0x000001c8391a1460: 200f 86fc | fdff ff48 | 8bcd c5f8 | 7749 bac0 | 798e 38c8 | 0100 0041 

  0x000001c8391a1478: ;   {other}
  0x000001c8391a1478: ffd2 0f1f | 8400 0000 | 0000 498b | 87b8 0100 | 004d 8b97 | c801 0000 | 4c8b d849 | 83c3 184d 
  0x000001c8391a1498: 3bda 0f83 | ef31 0000 | 4d89 9fb8 | 0100 0041 | 0f0d 8bc0 | 0000 0048 | c700 0100 

  0x000001c8391a14b4: ;   {metadata('java/lang/String')}
  0x000001c8391a14b4: 0000 c740 | 0878 e800 | 0044 8960 | 0c44 8960 | 104c 8bd3 | 4489 5014 | 4889 8424 | 8000 0000 
  0x000001c8391a14d4: 4c8b 5424 | 3045 8b5a | 1c45 8b53 

  0x000001c8391a14e0: ;   {metadata('java/util/Collections$EmptyList')}
  0x000001c8391a14e0: 0841 81fa | 0059 1d00 | 0f85 711d 

  0x000001c8391a14ec: ;   {oop(a 'java/util/Collections$EmptyIterator'{0x0000000080003990})}
  0x000001c8391a14ec: 0000 49bd | 9039 0080 | 0000 0000 | 458b 5d08 

  0x000001c8391a14fc: ;   {metadata('java/util/Collections$EmptyIterator')}
  0x000001c8391a14fc: 4181 fbe8 | e31c 000f | 84c8 0800 

  0x000001c8391a1508: ;   {metadata('java/util/Collections$UnmodifiableCollection$1')}
  0x000001c8391a1508: 0041 81fb | 3076 1d00 | 0f85 6a42 | 0000 498b | ed44 8b55 | 0c45 8b42 | 0849 8bd2 

  0x000001c8391a1524: ;   {metadata('java/util/HashMap$KeyIterator')}
  0x000001c8391a1524: 4181 f888 | 551a 000f | 85c8 2100 | 0044 8b52 | 1445 33db | 4585 d241 | 0f95 c345 | 85db 0f84 
  0x000001c8391a1544: 8908 0000 | 458b 5508 

  0x000001c8391a154c: ;   {metadata('java/util/Collections$UnmodifiableCollection$1')}
  0x000001c8391a154c: 4181 fa30 | 761d 000f | 85a7 5300 | 0045 8b55 | 0c45 8b42 | 0849 8bda 

  0x000001c8391a1564: ;   {metadata('java/util/HashMap$KeyIterator')}
  0x000001c8391a1564: 4181 f888 | 551a 000f | 8585 2600 | 0044 8b53 | 1c45 8b5a | 188b 6b0c | 443b dd0f | 85d7 5500 
  0x000001c8391a1584: 008b 4b14 

  0x000001c8391a1588: ; implicit exception: dispatches to 0x000001c8391a83ec
  0x000001c8391a1588: 448b 5918 | 894b 1844 | 895b 144c | 8bc3 49c1 | e809 49b9 | 0000 722d | c801 0000 | 4788 2401 
  0x000001c8391a15a8: 4585 db0f | 855c 0100 | 0045 8b4a | 2445 8b41 | 0c8b 6b10 | 413b e80f | 8d48 0100 | 0041 3be8 
  0x000001c8391a15c8: 0f83 5253 | 0000 418d | 78ff 413b | f80f 8345 | 5300 008d | 5501 458b | 54a9 1044 | 8953 14ff 
  0x000001c8391a15e8: c589 6b10 | 4c8b db49 | c1eb 0948 | bf00 0072 | 2dc8 0100 | 0046 8824 | 1f45 85d2 | 0f85 0301 
  0x000001c8391a1608: 0000 3bea | 7cd0 418d | 50fd 3bea | 0f8d bf00 | 0000 660f | 1f44 0000 | 418b 7ca9 | 1089 7b14 
  0x000001c8391a1628: 448d 5d01 | 4489 5b10 | 4c8b d349 | c1ea 0949 | bb00 0072 | 2dc8 0100 | 0047 8824 | 1385 ff0f 
  0x000001c8391a1648: 85c0 0000 | 0044 8d55 | 0244 8953 | 104c 8bdb | 4863 f545 | 8b54 b114 

  0x000001c8391a1660: ;   {no_reloc}
  0x000001c8391a1660: 4489 5314 | 49c1 eb09 | 48bf 0000 | 722d c801 | 0000 4688 | 241f 4585 | d20f 858e | 0000 0041 
  0x000001c8391a1680: 8b7c b118 | 897b 1444 | 8d55 0344 | 8953 104c | 8bd3 49c1 | ea09 49bb | 0000 722d | c801 0000 
  0x000001c8391a16a0: 4788 2413 | 85ff 7565 | 458b 54b1 | 1c44 8953 | 1483 c504 | 896b 104c | 8bdb 49c1 | eb09 48bf 
  0x000001c8391a16c0: 0000 722d | c801 0000 | 4688 241f | 4585 d275 | 3c3b ea0f | 8c47 ffff | ff41 3be8 | 7d2f 6690 
  0x000001c8391a16e0: 458b 5ca9 | 1044 895b | 14ff c589 | 6b10 4c8b | d349 c1ea | 0948 bf00 | 0072 2dc8 | 0100 0046 
  0x000001c8391a1700: 8824 1745 | 85db 7505 | 413b e87c | d344 8b51 | 104d 8bf2 

  0x000001c8391a1714: ; implicit exception: dispatches to 0x000001c8391a8220
  0x000001c8391a1714: 458b 5608 

  0x000001c8391a1718: ;   {metadata('org/eclipse/osgi/storage/bundlefile/NestedDirBundleFile')}
  0x000001c8391a1718: 4181 fa88 | f609 010f | 8567 6100 | 0048 8b9c | 2480 0000 | 0044 8b4b | 1445 8b41 | 0c44 0fbe 
  0x000001c8391a1738: 5b10 c4c2 | 22f7 e885 | ed0f 8ea1 | 5300 0045 | 85db 0f85 | c050 0000 | 4585 c00f | 8638 5100 
  0x000001c8391a1758: 0045 0fb6 | 5910 4183 | fb2f 0f84 | b453 0000 | 418b 6e1c 

  0x000001c8391a176c: ; implicit exception: dispatches to 0x000001c8391a8268
  0x000001c8391a176c: 448b 5508 

  0x000001c8391a1770: ;   {metadata('java/util/Collections$SingletonSet')}
  0x000001c8391a1770: 4181 fa28 | ef1c 000f | 854f 5100 | 004c 8bd5 | 418b 420c 

  0x000001c8391a1784: ; implicit exception: dispatches to 0x000001c8391a8298
  0x000001c8391a1784: 448b 5808 

  0x000001c8391a1788: ;   {metadata('java/lang/String')}
  0x000001c8391a1788: 4181 fb78 | e800 000f | 8517 6100 | 0044 8b5b | 1441 8b73 | 0c4c 8bd0 | 458b 4214 

  0x000001c8391a17a4: ; implicit exception: dispatches to 0x000001c8391a82fc
  0x000001c8391a17a4: 458b 480c | 450f be52 | 100f be6b | 10c4 c22a | f7d1 c4e2 | 52f7 ce2b | ca85 c90f | 8c82 0000 
  0x000001c8391a17c4: 0049 8bc8 | 498d 5010 | 498b cb49 | 8d4b 1041 | 3bea 0f85 | da35 0000 | 83fd 010f | 8497 5300 
  0x000001c8391a17e4: 0041 83f9 | 070f 8f6e | 2200 0033 | ed41 3be9 | 0f8d ef04 | 0000 3bee | 0f83 5651 | 0000 418d 
  0x000001c8391a1804: 49ff 3bce | 0f83 4a51 | 0000 413b | e90f 8341 | 5100 0041 | 3bc9 0f83 | 3851 0000 | 4c63 d543 
  0x000001c8391a1824: 0fbe 4c13 | 1043 0fbe | 7c10 103b | cf75 0cff | c541 3be9 | 7ce6 e9aa | 0400 0085 | ed0f 8ca2 
  0x000001c8391a1844: 0400 008b | 4b14 448b | 590c 458b | 5614 4489 | 5424 6844 | 0fbe 4310 | c4c2 3af7 | eb85 ed0f 
  0x000001c8391a1864: 8ec3 5300 | 0045 85c0 | 0f85 4651 | 0000 4585 | db0f 86d1 | 5100 0044 | 0fb6 5910 | 4183 fb2f 
  0x000001c8391a1884: ;   {no_reloc}
  0x000001c8391a1884: 0f84 e253 | 0000 458b | 4e18 458b | 5914 418b | 4b0c 448b | 5314 0fbe | 7b10 458b | 5a0c 450f 
  0x000001c8391a18a4: be51 10c4 | 4242 f7db | c4e2 2af7 | c941 03cb | 85c9 0f8c | d451 0000 | 440b d7c4 | 6229 f7c1 
  0x000001c8391a18c4: 4181 f800 | 0010 000f | 87df 5000 | 004d 63d8 | 4181 f800 | 0010 000f | 87c3 3600 | 0044 8994 
  0x000001c8391a18e4: 2488 0000 | 0044 894c | 2464 4d8b | 97c8 0100 | 0049 8baf | b801 0000 | 4983 c317 | 4983 e3f8 
  0x000001c8391a1904: 4c8b cd4d | 03cb 4d3b | ca0f 839e | 3600 004d | 898f b801 | 0000 410f | 0d89 c000 | 0000 48c7 
  0x000001c8391a1924: 4500 0100 | 0000 410f | 0d89 0001 

  0x000001c8391a1930: ;   {metadata({type array byte})}
  0x000001c8391a1930: 0000 c745 | 0818 2300 | 0044 8945 | 0c41 0f0d | 8940 0100 | 0041 0f0d | 8980 0100 | 0044 8b5c 
  0x000001c8391a1950: 2464 458b | 5314 4c8b | dd49 83c3 | 1041 8b52 | 0c44 8b44 | 2464 450f | be48 104d | 8bc2 4d8d 
  0x000001c8391a1970: 4210 4585 | c90f 84e7 | 0300 004d | 8bc8 4d8b | d348 896c | 2448 4c89 | 7424 284d | 8bf5 4c8b 
  0x000001c8391a1990: eb44 8bda | 8954 2444 | 41d1 fb4d | 63c3 498b | c949 8bd2 | c5f8 7749 | ba00 858e | 38c8 0100 
  0x000001c8391a19b0: 0041 ffd2 

  0x000001c8391a19b4: ;   {other}
  0x000001c8391a19b4: 0f1f 8400 | 0000 0000 | 498b dd4d | 8bee 4c8b | 7424 2848 | 8b6c 2448 | e91c 0100 | 0044 8d14 
  0x000001c8391a19d4: 1249 8bf0 | 498b fb8b | caf7 c2f0 | ffff ff0f | 8484 0000 | 00f7 c200 | f0ff ff0f | 8454 0000 
  0x000001c8391a19f4: 0083 e11f | 83e2 e074 | 1f48 8d34 | 1648 8d3c | 5748 f7da | 62f2 7d48 | 3004 1662 | f1ff 487f 
  0x000001c8391a1a14: 0457 4883 | c220 75ec | f7c1 ffff | ffff 0f84 | b200 0000 | baff ffff | ffc4 e271 | f7d2 f7d2 
  0x000001c8391a1a34: c5fb 92fa | 62f2 7dcf | 3006 62f1 | ff4f 7f07 | e991 0000 | 0083 e10f | 83e2 f074 | 1c48 8d34 
  0x000001c8391a1a54: 1648 8d3c | 5748 f7da | c4e2 7d30 | 0416 c5fe | 7f04 5748 | 83c2 1075 | ef8b d183 | e107 83e2 
  0x000001c8391a1a74: f874 27c4 | e279 3006 | c5fa 7f07 | 4883 c608 | 4883 c710 | e911 0000 | 00c4 e279 | 3004 16c5 
  0x000001c8391a1a94: fa7f 0457 | 4883 c208 | 75ef 8bd1 | 83fa 047c | 19c5 f96e | 06c4 e279 | 30c0 c5f9 

  0x000001c8391a1ab0: ;   {no_reloc}
  0x000001c8391a1ab0: d607 4883 | ea04 4883 | c604 4883 | c708 85d2 | 7418 488d | 3416 488d | 3c57 48f7 | da0f b60c 
  0x000001c8391a1ad0: 1666 890c | 5748 ffc2 | 75f3 8bbc | 2488 0000 | 0044 8954 | 2444 89bc | 2488 0000 | 0044 8b54 
  0x000001c8391a1af0: 2444 4e8d | 5c15 1044 | 8b53 1444 | 0fbe 4310 | 418b 520c | 4d8b ca4d | 8d52 1045 | 85c0 0f84 
  0x000001c8391a1b10: 1702 0000 | d1fa 4c63 | c249 8bca | 498b d3c5 | f877 49ba | 0085 8e38 | c801 0000 

  0x000001c8391a1b2c: ;   {other}
  0x000001c8391a1b2c: 41ff d20f | 1f84 0000 | 0000 00e9 | 0501 0000 | 498b f249 | 8bfb 8bca | f7c2 f0ff | ffff 0f84 
  0x000001c8391a1b4c: 8400 0000 | f7c2 00f0 | ffff 0f84 | 5400 0000 | 83e1 1f83 | e2e0 741f | 488d 3416 | 488d 3c57 
  0x000001c8391a1b6c: 48f7 da62 | f27d 4830 | 0416 62f1 | ff48 7f04 | 5748 83c2 | 2075 ecf7 | c1ff ffff | ff0f 84b2 
  0x000001c8391a1b8c: 0000 00ba | ffff ffff | c4e2 71f7 | d2f7 d2c5 | fb92 fa62 | f27d cf30 | 0662 f1ff | 4f7f 07e9 
  0x000001c8391a1bac: 9100 0000 | 83e1 0f83 | e2f0 741c | 488d 3416 | 488d 3c57 | 48f7 dac4 | e27d 3004 | 16c5 fe7f 
  0x000001c8391a1bcc: 0457 4883 | c210 75ef | 8bd1 83e1 | 0783 e2f8 | 7427 c4e2 | 7930 06c5 | fa7f 0748 | 83c6 0848 
  0x000001c8391a1bec: 83c7 10e9 | 1100 0000 | c4e2 7930 | 0416 c5fa | 7f04 5748 | 83c2 0875 | ef8b d183 | fa04 7c19 
  0x000001c8391a1c0c: c5f9 6e06 | c4e2 7930 | c0c5 f9d6 | 0748 83ea | 0448 83c6 | 0448 83c7 | 0885 d274 | 1848 8d34 
  0x000001c8391a1c2c: ;   {no_reloc}
  0x000001c8391a1c2c: 1648 8d3c | 5748 f7da | 0fb6 0c16 | 6689 0c57 | 48ff c275 | f34d 8b9f | c801 0000 | 4d8b 97b8 
  0x000001c8391a1c4c: 0100 004d | 8bc2 4983 | c018 4d3b | c30f 83a3 | 3200 004d | 8987 b801 | 0000 410f | 0d88 c000 
  0x000001c8391a1c6c: 0000 49c7 | 0201 0000 | 004d 8bda | 4983 c310 

  0x000001c8391a1c7c: ;   {metadata('java/lang/String')}
  0x000001c8391a1c7c: 41c7 4208 | 78e8 0000 | 4589 620c | c5fd efc0 | c4c1 79d6 | 0344 8b9c | 2488 0000 | 0045 885a 
  0x000001c8391a1c9c: 104c 8bdd | 4589 5a14 | 448b 4424 | 6845 8b58 

  0x000001c8391a1cac: ;   {metadata('org/eclipse/osgi/storage/bundlefile/ZipBundleFile')}
  0x000001c8391a1cac: 0841 81fb | 70a5 0901 | 0f85 0a4e | 0000 498b | ed48 895c | 2428 498b | d04d 8bc2 

  0x000001c8391a1cc8: ;   {optimized virtual_call}
  0x000001c8391a1cc8: c5f8 77e8 

  0x000001c8391a1ccc: ; ImmutableOopMap {rbp=Oop [32]=Oop [40]=Oop [48]=Oop [56]=Oop [112]=Oop [120]=Oop }
                      ;*invokevirtual getEntry {reexecute=0 rethrow=0 return_oop=1}
                      ; - org.eclipse.osgi.storage.bundlefile.NestedDirBundleFile::getEntry@19 (line 96)
                      ; - org.eclipse.osgi.internal.loader.classpath.ClasspathEntry::findEntry@25 (line 204)
                      ; - org.eclipse.osgi.internal.loader.classpath.ClasspathManager::findClassImpl@95 (line 675)
  0x000001c8391a1ccc: 30e6 f8ff 

  0x000001c8391a1cd0: ;   {other}
  0x000001c8391a1cd0: 0f1f 8400 | c01b 0003 | 4885 c00f | 85aa 0100 | 0048 8b5c | 2428 4c8b | ed45 8b55 | 0c45 8b42 
  0x000001c8391a1cf0: 0849 8bd2 

  0x000001c8391a1cf4: ;   {metadata('java/util/HashMap$KeyIterator')}
  0x000001c8391a1cf4: 4181 f888 | 551a 000f | 8595 2400 | 0044 8b52 | 1433 c045 | 85d2 0f95 | c049 8b97 

  0x000001c8391a1d10: ; ImmutableOopMap {rbx=Oop r13=Oop [32]=Oop [48]=Oop [56]=Oop [112]=Oop [120]=Oop }
                      ;*ifne {reexecute=1 rethrow=0 return_oop=0}
                      ; - (reexecute) org.eclipse.osgi.internal.loader.classpath.ClasspathEntry::findEntry@44 (line 203)
                      ; - org.eclipse.osgi.internal.loader.classpath.ClasspathManager::findClassImpl@95 (line 675)
  0x000001c8391a1d10: 5804 0000 

  0x000001c8391a1d14: ;   {poll}
  0x000001c8391a1d14: 8502 85c0 | 0f84 bb00 | 0000 4889 | 9c24 8000 | 0000 e92e | f8ff ff44 | 8b84 2488 | 0000 0045 
  0x000001c8391a1d34: 85c0 0f85 | 00fe ffff | 4c63 c249 | 8bca 498b | d3c5 f877 | 49ba c079 | 8e38 c801 | 0000 41ff 
  0x000001c8391a1d54: ;   {other}
  0x000001c8391a1d54: d20f 1f84 | 0000 0000 | 00e9 dffe | ffff 8bbc | 2488 0000 | 0085 ff0f | 8560 fcff | ff4d 8bc8 
  0x000001c8391a1d74: 4889 6c24 | 504c 8974 | 2440 4c89 | 6c24 284c | 8bf3 4c8b | 6c24 2089 | 5424 204c | 63c2 498b 
  0x000001c8391a1d94: c949 8bd3 | c5f8 7749 | bac0 798e | 38c8 0100 | 0041 ffd2 

  0x000001c8391a1da8: ;   {other}
  0x000001c8391a1da8: 0f1f 8400 | 0000 0000 | 448b 5424 | 204c 896c | 2420 498b | de4c 8b6c | 2428 4c8b | 7424 4048 
  0x000001c8391a1dc8: 8b6c 2450 | e910 fdff | ff48 8b9c | 2480 0000 | 004c 8b54 | 2430 418b | 6a0c 448b 

  0x000001c8391a1de4: ;   {metadata('org/eclipse/osgi/storage/bundlefile/ZipBundleFile')}
  0x000001c8391a1de4: 5d08 4181 | fb70 a509 | 010f 8571 | 3500 0048 | 895c 2428 | 488b d54c | 8bc3 6690 

  0x000001c8391a1e00: ;   {optimized virtual_call}
  0x000001c8391a1e00: c5f8 77e8 

  0x000001c8391a1e04: ; ImmutableOopMap {[32]=Oop [40]=Oop [48]=Oop [56]=Oop [112]=Oop [120]=Oop }
                      ;*invokevirtual getEntry {reexecute=0 rethrow=0 return_oop=1}
                      ; - org.eclipse.osgi.internal.loader.classpath.ClasspathEntry::findEntry@52 (line 209)
                      ; - org.eclipse.osgi.internal.loader.classpath.ClasspathManager::findClassImpl@95 (line 675)
  0x000001c8391a1e04: f8e4 f8ff 

  0x000001c8391a1e08: ;   {other}
  0x000001c8391a1e08: 0f1f 8400 | f81c 0005 | 4885 c075 | 7633 c0c5 | f877 4881 | c410 0100 

  0x000001c8391a1e20: ;   {poll_return}
  0x000001c8391a1e20: 005d 493b | a750 0400 | 000f 872d | 7300 00c3 | 85ed 0f85 | 5e25 0000 | 85f6 0f85 | 1c45 0000 
  0x000001c8391a1e40: 894c 2444 | 4c89 5c24 | 2848 8beb | 895c 2440 

  0x000001c8391a1e50: ;   {static_call}
  0x000001c8391a1e50: c5f8 77e8 

  0x000001c8391a1e54: ; ImmutableOopMap {rbp=Oop [32]=Oop [40]=Oop [48]=Oop [56]=Oop [64]=NarrowOop [112]=Oop [120]=Oop }
                      ;*invokestatic hashCode {reexecute=0 rethrow=0 return_oop=0}
                      ; - java.lang.String::hashCode@27
                      ; - java.util.HashMap::hash@9
                      ; - java.util.HashMap::getNode@23
                      ; - java.util.HashMap::containsKey@2
                      ; - java.util.HashSet::contains@5
                      ; - java.util.Collections$UnmodifiableCollection::contains@5
                      ; - org.eclipse.osgi.internal.debug.Debug::loaderWithClass@27 (line 287)
                      ; - org.eclipse.osgi.internal.loader.classpath.ClasspathManager::findClassImpl@5 (line 667)
  0x000001c8391a1e54: 6822 ceff 

  0x000001c8391a1e58: ;   {other}
  0x000001c8391a1e58: 0f1f 8400 | 481d 0006 | 85c0 0f84 | 0e26 0000 | 4c8b 5c24 | 2841 8943 | 0c44 8bd0 | 41c1 ea10 
  0x000001c8391a1e78: 4433 d08b | 4c24 4441 | 23ca 8b5c | 2440 e97a | f0ff ff48 | 8984 2488 | 0000 0044 

  0x000001c8391a1e94: ;   {metadata('org/eclipse/osgi/storage/bundlefile/ZipBundleEntry')}
  0x000001c8391a1e94: 8b50 0841 | 81fa e831 | 0b01 0f85 | 603c 0000 | 4c8b d04c | 8994 2490 | 0000 0045 | 8b72 1045 
  0x000001c8391a1eb4: 8b4a 0c45 | 8b56 1c41 | 8b6a 0c44 

  0x000001c8391a1ec0: ;   {metadata('java/util/concurrent/locks/ReentrantLock$NonfairSync')}
  0x000001c8391a1ec0: 8b5d 0841 | 81fb a0bb | 1a00 0f85 | 543c 0000 | 4c8b 5424 | 2049 8bd2 | 4d8b d64c | 8954 2460 
  0x000001c8391a1ee0: 4c8b c533 | c041 ba01 | 0000 00f0 | 450f b150 | 1041 0f94 | c245 0fb6 | d245 85d2 | 0f84 8d1c 
  0x000001c8391a1f00: 0000 4189 | 500c 4d8b | d049 c1ea | 0949 bb00 | 0072 2dc8 | 0100 0047 | 8824 1345 | 0fb6 4618 
  0x000001c8391a1f20: 458b 5624 | 4585 c00f | 85ed 1d00 | 0041 8b6a | 0c83 fd0a | 0f8c 9e47 | 0000 498b | fa48 8d9c 
  0x000001c8391a1f40: 24f0 0000 | 0048 8b07 | a802 0f85 | 2300 0000 | 4883 c801 | 4889 03f0 | 480f b11f | 0f84 3700 
  0x000001c8391a1f60: 0000 482b | c448 2507 | f0ff ff48 | 8903 e924 | 0000 004c | 8bd8 4833 | c0f0 4d0f | b17b 3e48 
  0x000001c8391a1f80: c703 0300 | 0000 7411 | 4c3b f875 | 1549 ff83 | 8600 0000 | 4833 c075 | 0949 ff87 | 5005 0000 
  0x000001c8391a1fa0: 33c0 0f85 | 0441 0000 | 458b 460c | 4585 c07c | 6141 8b6a | 0c44 3bc5 | 0f8d da47 | 0000 418b 
  0x000001c8391a1fc0: ;   {no_reloc}
  0x000001c8391a1fc0: 6a20 448b | 5d0c 453b | c30f 830d | 4300 0042 | 8b6c 8510 | 413b ee0f | 858f 4700 | 0049 8b4a 
  0x000001c8391a1fe0: 1049 bbff | ffff ffff | ffff 7f49 | 3bcb 0f84 | d047 0000 | 458b 5a24 | 4883 c101 | 4989 4a10 
  0x000001c8391a2000: ; implicit exception: dispatches to 0x000001c8391a817c
  0x000001c8391a2000: 418b 730c | 443b c60f | 8317 4300 | 004b 894c | c310 488d | 8424 f000 | 0000 4883 | 3800 0f84 
  0x000001c8391a2020: 7900 0000 | 4c8b 1741 | f6c2 020f | 8462 0000 | 0049 83ba | 8600 0000 | 0074 0949 | ff8a 8600 
  0x000001c8391a2040: 0000 eb4b | 498b 8296 | 0000 0049 | 0b82 8e00 | 0000 750a | 49c7 423e | 0000 0000 | eb3d 4983 
  0x000001c8391a2060: ba9e 0000 | 0000 7422 | 4833 c049 | c742 3e00 | 0000 00f0 | 8304 2400 | 4983 ba9e | 0000 0000 
  0x000001c8391a2080: 750d f04d | 0fb1 7a3e | 7505 83c8 | 01eb 0ca8 | 00eb 084c | 8b10 f04c | 0fb1 1775 | 0a49 ff8f 
  0x000001c8391a20a0: 5005 0000 | 4533 d20f | 858f 4000 | 0041 8b6e | 3044 8b55 

  0x000001c8391a20b4: ;   {metadata('java/util/zip/ZipFile')}
  0x000001c8391a20b4: 0841 81fa | b019 1900 | 0f85 823a | 0000 4c8b | d545 85c9 | 0f84 1e37 | 0000 458b | 4218 458b 
  0x000001c8391a20d4: 5818 458b | 400c 488d | 9c24 f000 | 0000 498b | 02a8 020f | 8523 0000 | 0048 83c8 | 0148 8903 
  0x000001c8391a20f4: f049 0fb1 | 1a0f 8437 | 0000 0048 | 2bc4 4825 | 07f0 ffff | 4889 03e9 | 2400 0000 | 488b c848 
  0x000001c8391a2114: 33c0 f04c | 0fb1 793e | 48c7 0303 | 0000 0074 | 114c 3bf8 | 7515 48ff | 8186 0000 | 0048 33c0 
  0x000001c8391a2134: 7509 49ff | 8750 0500 | 0033 c00f | 851f 3a00 | 0041 0fb6 | 6a10 85ed | 0f85 0a43 | 0000 418b 
  0x000001c8391a2154: 4a18 8b69 | 1885 ed0f | 8443 4300 | 0045 8b69 | 3c41 8b72 | 1c41 3bf5 | 0f84 6201 | 0000 85f6 
  0x000001c8391a2174: 0f84 0201 | 0000 413b | f50f 8451 | 0100 0045 | 85ed 0f84 | f000 0000 | 410f be7d | 100f be6e 
  0x000001c8391a2194: 103b ef0f | 857f 4500 | 0041 8b5d | 1444 8b4e | 148b 7b0c | 418b 490c | 3bcf 0f85 | c800 0000 
  0x000001c8391a21b4: ;   {no_reloc}
  0x000001c8391a21b4: 488b fb48 | 8d73 1049 | 8bd9 498d | 7910 85c9 | 0f84 9d00 | 0000 8bc1 | 83e0 1f83 | e1e0 0f84 
  0x000001c8391a21d4: 4b00 0000 | 488d 3c0f | 488d 340e | 48f7 d9c5 | fe6f 0c0f | c5fe 6f04 | 0ec5 f5ef | c8c4 e27d 
  0x000001c8391a21f4: 17c9 0f85 | 7200 0000 | 4883 c120 | 75e1 85c0 | 0f84 5d00 | 0000 c5fe | 6f4c 07e0 | c5fe 6f44 
  0x000001c8391a2214: 06e0 c5f5 | efc8 c4e2 | 7d17 c975 | 4deb 448b | c883 e1fc | 7419 488d | 3c0f 488d | 340e 48f7 
  0x000001c8391a2234: d98b 1c0f | 3b1c 0e75 | 3148 83c1 | 0475 f2a8 | 0274 120f | b71f 0fb7 | 0e3b d975 | 1d48 8d7f 
  0x000001c8391a2254: 0248 8d76 | 02a8 0174 | 0a0f b61f | 0fb6 0e3b | d975 07b8 | 0100 0000 | eb02 33c0 | c5f5 efc9 
  0x000001c8391a2274: c5fd efc0 | 85c0 7558 | 4585 db0f | 846b 3f00 | 0044 8944 | 2454 4c89 | 5424 4889 | 5424 4444 
  0x000001c8391a2294: 8974 2440 | 4d8b c549 | 8bd3 4489 | 5c24 5045 | 33c9 498b | ea66 6690 

  0x000001c8391a22ac: ;   {optimized virtual_call}
  0x000001c8391a22ac: c5f8 77e8 

  0x000001c8391a22b0: ; ImmutableOopMap {rbp=Oop [32]=Oop [40]=Oop [48]=Oop [56]=Oop [64]=NarrowOop [68]=NarrowOop [72]=Oop [80]=NarrowOop [84]=NarrowOop [96]=Oop [112]=Oop [120]=Oop [136]=Oop [144]=Oop }
                      ;*invokevirtual getEntryPos {reexecute=0 rethrow=0 return_oop=0}
                      ; - java.util.zip.ZipFile::getInputStream@63
                      ; - org.eclipse.osgi.storage.bundlefile.ZipBundleFile::doGetInputStream@5 (line 101)
                      ; - org.eclipse.osgi.storage.bundlefile.ZipBundleFile::doGetInputStream@5 (line 1)
                      ; - org.eclipse.osgi.storage.bundlefile.CloseableBundleFile::getInputStream@20 (line 487)
                      ; - org.eclipse.osgi.storage.bundlefile.ZipBundleEntry::getInputStream@8 (line 58)
                      ; - org.eclipse.osgi.storage.bundlefile.BundleEntry::getBytes@1 (line 97)
                      ; - org.eclipse.osgi.internal.loader.classpath.ClasspathManager::findClassImpl@109 (line 681)
  0x000001c8391a22b0: ccc8 75ff 

  0x000001c8391a22b4: ;   {other}
  0x000001c8391a22b4: 0f1f 8400 | a421 0007 | 448b 7424 | 408b 5424 | 444c 8bd5 | 448b 5c24 | 5044 8b44 | 2454 eb04 
  0x000001c8391a22d4: 418b 420c | 83f8 ff0f | 840b 4200 | 0049 8b9f | b801 0000 | 4d8b 8fc8 | 0100 0048 | 8bcb 4883 
  0x000001c8391a22f4: c138 493b | c90f 838f | 2700 0049 | 898f b801 | 0000 4c8b | cb49 83c1 | 1048 c703 | 0100 0000 
  0x000001c8391a2314: 0f0d 89c0 

  0x000001c8391a2318: ;   {metadata('java/util/zip/ZipFile$ZipFileInputStream')}
  0x000001c8391a2318: 0000 00c7 | 4308 a099 | 3100 4489 | 630c c5fd | efc0 62d1 | fe28 7f01 | c4c1 79d6 | 4120 418b 
  0x000001c8391a2338: 7338 488b | cb44 8d48 | 1448 c1e9 | 0948 bf00 | 0072 2dc8 | 0100 0044 | 8824 0f49 | 8bea 896b 
  0x000001c8391a2358: 308b 4e0c | 443b c90f | 83ab 3400 | 0089 6c24 | 68c5 f96e | de48 895c | 2458 8944 | 2454 4489 
  0x000001c8391a2378: 4424 50c4 | c179 6ecb | c4c1 f96e | c289 5424 | 4444 8974 | 2440 4863 | d844 0fb6 | 541e 2445 
  0x000001c8391a2398: 8bf2 448d | 502d 443b | d10f 83f5 | 3400 000f | b644 1e2b | 0fb6 741e | 2ac4 c179 | 7eda 410f 
  0x000001c8391a23b8: b64c 1a29 | 450f b64c | 1a3a 410f | b654 1a28 | 410f b67c | 1a3b 450f | b66c 1a3c | 450f b644 
  0x000001c8391a23d8: 1a27 450f | b65c 1a3d | 410f b66c | 1a26 450f | b654 1a25 | c1e0 080b | f041 c1e2 | 0845 0bd6 
  0x000001c8391a23f8: c1e6 1041 | c1e3 0845 | 0beb 41c1 | e008 410b | e841 c1e5 | 10c1 e510 | 440b d5c1 | e708 440b 
  0x000001c8391a2418: ;   {no_reloc}
  0x000001c8391a2418: cf45 0bcd | 4c8b 5c24 | 584d 8953 | 204d 894b | 10c1 e108 | 0bd1 0bd6 | 448b da4c | 8b44 2458 
  0x000001c8391a2438: 4d89 5828 | 41b8 ffff | ffff 4d3b | d00f 84c5 | 4000 004d | 3bd8 0f84 | 3041 0000 | 4d3b c80f 
  0x000001c8391a2458: 849b 4100 | 00c4 c1f9 | 7ec0 458b | 5018 458b | 5a18 4d8b | 5310 4c89 | 4424 484d | 03d1 8b4c 
  0x000001c8391a2478: 2454 83c1 | 0a49 f7da | 4c8b 5c24 | 584d 8953 | 10c4 c179 | 7eca 458b | 4238 458b | 580c 413b 
  0x000001c8391a2498: cb0f 8379 | 3400 0045 | 0fb6 5418 | 1a8b 4c24 | 5483 c11b | 413b cb0f | 83b3 3400 | 0041 0fb6 
  0x000001c8391a24b8: 6c18 1bc1 | e508 410b | ea83 fd08 | 0f85 3537 | 0000 450f | b65c 182b | 450f b654 | 1828 410f 
  0x000001c8391a24d8: b64c 182a | 450f b644 | 1829 41c1 | e308 410b | cb41 c1e0 | 0845 0bd0 | c1e1 1044 | 0bd1 418b 
  0x000001c8391a24f8: ea48 83c5 | 0248 81fd | 0000 0100 | 0f8f 0e1d | 0000 4d8b | 97c8 0100 | 0049 8b87 | b801 0000 
  0x000001c8391a2518: ;   {no_reloc}
  0x000001c8391a2518: 4c8b d849 | 83c3 304d | 3bda 0f83 | d025 0000 | 4d89 9fb8 | 0100 0041 | 0f0d 8bc0 | 0000 0048 
  0x000001c8391a2538: c700 0100 

  0x000001c8391a253c: ;   {metadata('java/util/zip/ZipFile$ZipFileInflaterInputStream')}
  0x000001c8391a253c: 0000 c740 | 08c0 a431 | 0044 8960 | 0c4c 8bd0 | 4983 c210 | c5fd efc0 | 62d1 fe28 | 7f02 488b 
  0x000001c8391a255c: 4c24 4844 | 8b51 1841 | 8b52 1044 | 8bdd 85d2 | 0f84 5634 | 0000 4489 | 9c24 9800 | 0000 4889 
  0x000001c8391a257c: 8424 8000 | 0000 4c8b | da4c 899c | 24a0 0000 | 0089 5424 | 6c4d 8bda | 4c89 9c24 | a800 0000 
  0x000001c8391a259c: 4489 5424 | 544c 8b9c | 24a0 0000 | 0048 8d9c | 24f8 0000 | 0049 8b03 | a802 0f85 | 2300 0000 
  0x000001c8391a25bc: 4883 c801 | 4889 03f0 | 490f b11b | 0f84 3700 | 0000 482b | c448 2507 | f0ff ff48 | 8903 e924 
  0x000001c8391a25dc: 0000 004c | 8bd0 4833 | c0f0 4d0f | b17a 3e48 | c703 0300 | 0000 7411 | 4c3b f875 | 1549 ff82 
  0x000001c8391a25fc: 8600 0000 | 4833 c075 | 0949 ff87 | 5005 0000 | 33c0 0f85 | 2436 0000 | 448b 5c24 | 5441 8b6b 
  0x000001c8391a261c: 1044 8b55 

  0x000001c8391a2620: ;   {metadata('java/util/ArrayDeque')}
  0x000001c8391a2620: 0841 81fa | 88ce 2000 | 0f85 2b36 | 0000 4c8b | cd45 8b51 | 1441 8b49 | 0c45 8b42 | 0c41 3bc8 
  0x000001c8391a2640: 0f83 ee33 | 0000 418b | 6c8a 1085 | ed0f 84e8 | 1000 0044 | 8d59 0145 | 3bd8 0f8d | 8e15 0000 
  0x000001c8391a2660: 4589 590c | 4589 648a | 1044 8b5d 

  0x000001c8391a266c: ;   {metadata('java/util/zip/Inflater')}
  0x000001c8391a266c: 0841 81fb | 0882 3500 | 0f85 ca52 | 0000 4c8b | 9c24 a000 | 0000 488d | 8424 f800 | 0000 4883 
  0x000001c8391a268c: 3800 0f84 | 7900 0000 | 4d8b 1341 | f6c2 020f | 8462 0000 | 0049 83ba | 8600 0000 | 0074 0949 
  0x000001c8391a26ac: ff8a 8600 | 0000 eb4b | 498b 8296 | 0000 0049 | 0b82 8e00 | 0000 750a | 49c7 423e | 0000 0000 
  0x000001c8391a26cc: eb3d 4983 | ba9e 0000 | 0000 7422 | 4833 c049 | c742 3e00 | 0000 00f0 | 8304 2400 | 4983 ba9e 
  0x000001c8391a26ec: 0000 0000 | 750d f04d | 0fb1 7a3e | 7505 83c8 | 01eb 0ca8 | 00eb 084c | 8b10 f04d | 0fb1 1375 
  0x000001c8391a270c: 0a49 ff8f | 5005 0000 | 4533 d20f | 855b 3a00 | 004c 8bd5 | 4c89 9424 | d000 0000 | 4c8b 9424 
  0x000001c8391a272c: 8000 0000 | 448b 5c24 | 6845 895a | 2c4c 8b54 | 2458 4c8b | 9c24 8000 | 0000 49c1 | eb09 49b8 
  0x000001c8391a274c: 0000 722d | c801 0000 | 4788 2418 | 4c8b 9c24 | 8000 0000 | 4589 530c | 4d8b d349 | c1ea 0949 
  0x000001c8391a276c: ;   {no_reloc}
  0x000001c8391a276c: bb00 0072 | 2dc8 0100 | 0047 8824 | 13f0 8344 | 24c0 004c | 8b94 2480 | 0000 0045 | 8862 1445 
  0x000001c8391a278c: 8862 1645 | 8862 1549 | 8b87 b801 | 0000 4d8b | 97c8 0100 | 004c 8bd8 | 4983 c318 | 4d3b da0f 
  0x000001c8391a27ac: 8368 2300 | 004d 899f | b801 0000 | 4c8b d049 | 83c2 1048 | c700 0100 | 0000 410f | 0d8b c000 
  0x000001c8391a27cc: ;   {metadata({type array byte})}
  0x000001c8391a27cc: 0000 c740 | 0818 2300 | 0041 0f0d | 8b00 0100 | 00c7 400c | 0100 0000 | 410f 0d8b | 4001 0000 
  0x000001c8391a27ec: 410f 0d8b | 8001 0000 | c5fd efc0 | c4c1 79d6 | 024c 8b84 | 2480 0000 | 004d 8bd0 | 4c8b d845 
  0x000001c8391a280c: 8958 2049 | c1ea 0949 | bb00 0072 | 2dc8 0100 | 0047 8824 | 1344 8b94 | 2498 0000 | 0045 85d2 
  0x000001c8391a282c: 0f8e 3a3e | 0000 4181 | fa00 0010 | 000f 8761 | 3200 0049 | 63ca 4c89 | 4424 584d | 8bd8 4c8b 
  0x000001c8391a284c: 8424 d000 | 0000 498b | e84c 8b44 | 2458 4189 | 6818 49c1 | eb09 49b8 | 0000 722d | c801 0000 
  0x000001c8391a286c: 4788 2418 | 4181 fa00 | 0010 000f | 8722 2300 | 0049 8b9f | b801 0000 | 4d8b 9fc8 | 0100 0048 
  0x000001c8391a288c: 83c1 174c | 8bc1 4983 | e0f8 4c8b | cb4d 03c8 | 4d3b cb0f | 83fa 2200 | 004d 898f | b801 0000 
  0x000001c8391a28ac: 488b fb48 | 83c7 1048 | c703 0100 | 0000 410f | 0d89 c000 

  0x000001c8391a28c0: ;   {metadata({type array byte})}
  0x000001c8391a28c0: 0000 c743 | 0818 2300 | 0044 8953 | 0c41 0f0d | 8900 0100 | 0041 0f0d | 8940 0100 | 0041 0f0d 
  0x000001c8391a28e0: 8980 0100 | 0048 c1e9 | 0348 83c1 | fe48 33c0 | 4883 f908 | 7f10 48ff | c978 5648 | 8904 cf48 
  0x000001c8391a2900: ffc9 7df7 | eb4b c5fd | efc0 e90d | 0000 00c5 | fe7f 07c5 | fe7f 4720 | 4883 c740 | 4883 e908 
  0x000001c8391a2920: 7ded 4883 | c104 7c0c | c5fe 7f07 | 4883 c720 | 4883 e904 | 4883 c104 | 7e17 48c7 | c0ff ffff 
  0x000001c8391a2940: ffc4 e2f0 | f5c0 c4e1 | fb92 f862 | f1fe 2f7f | 074c 8b54 | 2458 4588 | 6224 4c8b | db45 895a 
  0x000001c8391a2960: 1c49 c1ea | 0949 bb00 | 0072 2dc8 | 0100 0047 | 8824 134d | 8b8f b801 | 0000 4d8b | 97c8 0100 
  0x000001c8391a2980: 004d 8bd9 | 4983 c318 | 4d3b da0f | 83b0 2100 | 004d 899f | b801 0000 | 4d8b d149 | 83c2 1049 
  0x000001c8391a29a0: c701 0100 | 0000 410f | 0d8b c000 

  0x000001c8391a29ac: ;   {metadata('java/util/zip/ZipFile$InflaterCleanupAction')}
  0x000001c8391a29ac: 0000 41c7 | 4108 98d0 | 3100 4589 | 610c c5fd | efc0 c4c1 | 79d6 0241 | 8969 0c44 | 8b5c 2454 
  0x000001c8391a29cc: 4589 5910 | 4d8b 87b8 | 0100 004d | 8b97 c801 | 0000 4d8b | d849 83c3 | 304d 3bda | 0f83 8621 
  0x000001c8391a29ec: 0000 4d89 | 9fb8 0100 | 004d 8bd0 | 4983 c210 | 49c7 0001 | 0000 0041 | 0f0d 8bc0 

  0x000001c8391a2a08: ;   {metadata('jdk/internal/ref/CleanerImpl$PhantomCleanableRef')}
  0x000001c8391a2a08: 0000 0041 | c740 0830 | 4425 0045 | 8960 0cc5 | fdef c062 | d1fe 287f 

  0x000001c8391a2a20: ;   {oop(a 'java/lang/Class'{0x0000000080000438} = 'jdk/internal/ref/CleanerImpl')}
  0x000001c8391a2a20: 0248 b938 | 0400 8000 | 0000 008b | 6970 448b 

  0x000001c8391a2a30: ;   {metadata('java/lang/ref/Cleaner$1')}
  0x000001c8391a2a30: 5508 4181 | fac0 4925 | 000f 8575 

  0x000001c8391a2a3c: ;   {oop(a 'java/lang/ref/Cleaner'{0x0000000080005848})}
  0x000001c8391a2a3c: 3200 0049 | ba48 5800 | 8000 0000 | 0045 8b52 | 0c45 8b5a | 1045 85db 

  0x000001c8391a2a54: ;   {oop(a 'java/lang/ref/ReferenceQueue$Null'{0x0000000080000b10})}
  0x000001c8391a2a54: 750c 49bb | 100b 0080 | 0000 0000 | eb00 4c89 | 4c24 684d | 8bd0 4489 | 5424 544c | 8b54 2458 
  0x000001c8391a2a74: 4d8b ca45 | 8948 0c44 | 898c 2480 | 0000 004d | 8bd0 4d8b | c34d 8bda | 49c1 eb09 | 49b9 0000 
  0x000001c8391a2a94: 722d c801 | 0000 4788 | 2419 4589 | 4210 4d8b | da49 c1eb | 0949 b800 | 0072 2dc8 | 0100 0047 
  0x000001c8391a2ab4: 8824 18f0 | 8344 24c0 | 0044 8b44 | 2454 4589 | 421c 4589 | 4220 8b69 | 704d 8bda | 49c1 eb09 
  0x000001c8391a2ad4: 49b8 0000 | 722d c801 | 0000 4788 | 2418 448b 

  0x000001c8391a2ae4: ;   {metadata('java/lang/ref/Cleaner$1')}
  0x000001c8391a2ae4: 4508 4181 | f8c0 4925 | 000f 8529 

  0x000001c8391a2af0: ;   {oop(a 'java/lang/ref/Cleaner'{0x0000000080005848})}
  0x000001c8391a2af0: 3200 0049 | bb48 5800 | 8000 0000 | 0045 8b43 | 0c41 8b68 | 0c4d 8bc2 | 4189 6824 | 4d8b d049 
  0x000001c8391a2b10: c1ea 0949 | bb00 0072 | 2dc8 0100 | 0047 8824 | 1385 ed0f | 8482 2f00 | 004c 8bcd | 488d 9c24 
  0x000001c8391a2b30: f800 0000 | 498b 01a8 | 020f 8523 | 0000 0048 | 83c8 0148 | 8903 f049 | 0fb1 190f | 8437 0000 
  0x000001c8391a2b50: 0048 2bc4 | 4825 07f0 | ffff 4889 | 03e9 2400 | 0000 4c8b | d048 33c0 | f04d 0fb1 | 7a3e 48c7 
  0x000001c8391a2b70: 0303 0000 | 0074 114c | 3bf8 7515 | 49ff 8286 | 0000 0048 | 33c0 7509 | 49ff 8750 | 0500 0033 
  0x000001c8391a2b90: c00f 85e5 | 3100 0041 | 8968 1c44 | 8b5d 2045 | 8958 204d | 8bd0 49c1 | ea09 48b9 | 0000 722d 
  0x000001c8391a2bb0: c801 0000 | 4688 2411 | 448b 5424 | 5445 8953 | 1c44 8955 | 2049 c1eb | 0946 8824 | 194d 8bd9 
  0x000001c8391a2bd0: 49c1 eb09 | 4688 2419 | 488d 8424 | f800 0000 | 4883 3800 | 0f84 7900 | 0000 4d8b | 1941 f6c3 
  0x000001c8391a2bf0: ;   {no_reloc}
  0x000001c8391a2bf0: 020f 8462 | 0000 0049 | 83bb 8600 | 0000 0074 | 0949 ff8b | 8600 0000 | eb4b 498b | 8396 0000 
  0x000001c8391a2c10: 0049 0b83 | 8e00 0000 | 750a 49c7 | 433e 0000 | 0000 eb3d | 4983 bb9e | 0000 0000 | 7422 4833 
  0x000001c8391a2c30: c049 c743 | 3e00 0000 | 00f0 8304 | 2400 4983 | bb9e 0000 | 0000 750d | f04d 0fb1 | 7b3e 7505 
  0x000001c8391a2c50: 83c8 01eb | 0ca8 00eb | 084c 8b18 | f04d 0fb1 | 1975 0a49 | ff8f 5005 | 0000 4533 | db0f 854a 
  0x000001c8391a2c70: 3100 004c | 8b5c 2468 | 4589 5828 | 4d8b d849 | c1eb 0949 | b800 0072 | 2dc8 0100 | 0047 8824 
  0x000001c8391a2c90: 184c 8b4c | 2458 4589 | 5128 4d8b | d149 c1ea | 0949 bb00 | 0072 2dc8 | 0100 0047 | 8824 1344 
  0x000001c8391a2cb0: 8b5c 2450 

  0x000001c8391a2cb4: ; implicit exception: dispatches to 0x000001c8391a7f60
  0x000001c8391a2cb4: 418b 6b08 | 4d8b c348 | 8d9c 24f8 | 0000 0049 | 8b00 a802 | 0f85 2300 | 0000 4883 | c801 4889 
  0x000001c8391a2cd4: 03f0 490f | b118 0f84 | 3700 0000 | 482b c448 | 2507 f0ff | ff48 8903 | e924 0000 

  0x000001c8391a2cf0: ;   {no_reloc}
  0x000001c8391a2cf0: 004c 8bd0 | 4833 c0f0 | 4d0f b17a | 3e48 c703 | 0300 0000 | 7411 4c3b | f875 1549 | ff82 8600 
  0x000001c8391a2d10: 0000 4833 | c075 0949 | ff87 5005 | 0000 33c0 | 0f85 0231 

  0x000001c8391a2d24: ;   {metadata('java/util/Collections$SetFromMap')}
  0x000001c8391a2d24: 0000 81fd | 8024 1d00 | 0f85 c230 | 0000 418b | 680c 8b4d | 084c 8bd5 

  0x000001c8391a2d3c: ;   {metadata('java/util/WeakHashMap')}
  0x000001c8391a2d3c: 81f9 e8fd | 0f00 0f85 | 1211 0000 | 4d8b 1949 | 8bcb 4883 | e103 4883 | f901 0f85 | e616 0000 
  0x000001c8391a2d5c: 49c1 eb08 | 418b c325 | ffff ff7f | 85c0 0f84 | d216 0000 | 418b 4a28 | 8bf8 c1ef | 148b d8c1 
  0x000001c8391a2d7c: eb0c 33fb | 33f8 8bd7 | c1ea 0444 | 8bdf 41c1 | eb07 4433 | df44 33da 

  0x000001c8391a2d94: ; implicit exception: dispatches to 0x000001c8391a8030
                      ;   {metadata('java/lang/ref/ReferenceQueue')}
  0x000001c8391a2d94: 8b59 0881 | fb20 0904 | 000f 8537 | 3200 008b | 790c 85ff | 0f85 a80b | 0000 488b 

  0x000001c8391a2db0: ;   {oop(a 'java/lang/ref/ReferenceQueue$Null'{0x0000000080000b10})}
  0x000001c8391a2db0: 4c24 2048 | be10 0b00 | 8000 0000 | 0041 8b5a | 248b 530c | 8d7a ff41 | 23fb 85d2 | 0f86 7232 
  0x000001c8391a2dd0: 0000 8994 | 2498 0000 | 0044 899c | 2484 0000 | 004c 8954 | 2468 4c89 | 4424 5048 | 8974 2458 
  0x000001c8391a2df0: 498b e948 | 894c 2420 | 4c8b d34c | 8994 24a0 | 0000 004c | 8d54 bb10 | 4c89 9424 | a800 0000 
  0x000001c8391a2e10: 458b 1244 | 8994 249c | 0000 0045 | 85d2 0f85 | 7d0e 0000 | 4d8b 9fc8 | 0100 004c | 8b54 2468 
  0x000001c8391a2e30: 458b 5220 | 498b 87b8 | 0100 004c | 8bc0 4983 | c028 41ff | c24c 8b4c | 2468 4589 | 5120 4d3b 
  0x000001c8391a2e50: c30f 839d | 1d00 004d | 8987 b801 | 0000 410f | 0d88 c000 | 0000 48c7 | 0001 0000 | 004c 8bd0 
  0x000001c8391a2e70: 4983 c210 

  0x000001c8391a2e74: ;   {metadata('java/util/WeakHashMap$Entry')}
  0x000001c8391a2e74: c740 0838 | bc20 0044 | 8960 0cc5 | fdef c041 | bb07 0000 | 00c4 c178 | 92fb 62d1 | fe2f 7f02 
  0x000001c8391a2e94: 4c8b 5424 | 6845 8b52 | 2845 85d2 | 7507 4c8b | 5424 58eb | 0044 8b9c | 2480 0000 | 0044 8958 
  0x000001c8391a2eb4: 0c4d 8bda | 4489 5810 | 4c8b d04c | 8bd8 49c1 | ea09 49b8 | 0000 722d | c801 0000 | 4788 2410 
  0x000001c8391a2ed4: f083 4424 | c000 448b | 8424 8400 | 0000 4489 | 401c 448b | 9424 9c00 | 0000 4489 

  0x000001c8391a2ef0: ;   {oop(a 'java/lang/Boolean'{0x00000000800046a8} = true)}
  0x000001c8391a2ef0: 5024 c740 | 20a8 4600 | 804c 8bd0 | 49c1 ea09 | 49b8 0000 | 722d c801 | 0000 4788 | 2410 4c8b 
  0x000001c8391a2f10: 9424 a800 | 0000 4589 | 1a49 c1ea | 0949 bb00 | 0072 2dc8 | 0100 0047 | 8824 134c | 8b54 2468 
  0x000001c8391a2f30: 458b 5218 | 4c8b 5c24 | 6845 8b43 | 1441 ffc0 | 4589 4314 | 453b c20f | 8ffe 1800 | 004c 8bc5 
  0x000001c8391a2f50: 4c8b 5c24 | 5048 8d84 | 24f8 0000 | 0048 8338 | 000f 8479 | 0000 004d | 8b13 41f6 | c202 0f84 
  0x000001c8391a2f70: 6200 0000 | 4983 ba86 | 0000 0000 | 7409 49ff | 8a86 0000 | 00eb 4b49 | 8b82 9600 | 0000 490b 
  0x000001c8391a2f90: 828e 0000 | 0075 0a49 | c742 3e00 | 0000 00eb | 3d49 83ba | 9e00 0000 | 0074 2248 | 33c0 49c7 
  0x000001c8391a2fb0: 423e 0000 | 0000 f083 | 0424 0049 | 83ba 9e00 | 0000 0075 | 0df0 4d0f | b17a 3e75 | 0583 c801 
  0x000001c8391a2fd0: eb0c a800 | eb08 4c8b | 10f0 4d0f | b113 750a | 49ff 8f50 | 0500 0045 | 33d2 0f85 | 6c2e 0000 
  0x000001c8391a2ff0: ;   {no_reloc}
  0x000001c8391a2ff0: 4c8b 5c24 | 4848 8d84 | 24f0 0000 | 0048 8338 | 000f 8479 | 0000 004d | 8b13 41f6 | c202 0f84 
  0x000001c8391a3010: 6200 0000 | 4983 ba86 | 0000 0000 | 7409 49ff | 8a86 0000 | 00eb 4b49 | 8b82 9600 | 0000 490b 
  0x000001c8391a3030: 828e 0000 | 0075 0a49 | c742 3e00 | 0000 00eb | 3d49 83ba | 9e00 0000 | 0074 2248 | 33c0 49c7 
  0x000001c8391a3050: 423e 0000 | 0000 f083 | 0424 0049 | 83ba 9e00 | 0000 0075 | 0df0 4d0f | b17a 3e75 | 0583 c801 
  0x000001c8391a3070: eb0c a800 | eb08 4c8b | 10f0 4d0f | b113 750a | 49ff 8f50 | 0500 0045 | 33d2 0f85 | ff2d 0000 
  0x000001c8391a3090: 448b 5424 | 4045 8b5a | 2441 8b6b | 0c83 fd0a | 0f8c 5d33 | 0000 498b | 87b8 0100 | 004d 8b9f 
  0x000001c8391a30b0: c801 0000 | 4c8b c849 | 83c1 184d | 3bcb 0f83 | 001b 0000 | 4d89 8fb8 | 0100 004c | 8bd8 4983 
  0x000001c8391a30d0: c310 48c7 | 0001 0000 | 0041 0f0d | 89c0 0000 

  0x000001c8391a30e0: ;   {metadata('org/eclipse/osgi/storage/bundlefile/CloseableBundleFile$BundleEntryInputStream')}
  0x000001c8391a30e0: 00c7 4008 | a82a 0b01 | 4489 600c | c5fd efc0 | c4c1 79d6 | 034c 8bc0 | 4589 5014 | 448b 8c24 
  0x000001c8391a3100: 8000 0000 | 4589 480c | 4d8b d849 | c1eb 0949 | b900 0072 | 2dc8 0100 | 0047 8824 | 19f0 8344 
  0x000001c8391a3120: 24c0 0045 | 8b4a 1c45 | 8860 1041 | 8b69 0c44 

  0x000001c8391a3130: ;   {metadata('java/util/concurrent/locks/ReentrantLock$NonfairSync')}
  0x000001c8391a3130: 8b5d 0841 | 81fb a0bb | 1a00 0f85 | 832d 0000 | 488b cd33 | c041 bb01 | 0000 00f0 | 440f b159 
  0x000001c8391a3150: 1041 0f94 | c145 0fb6 | c945 85c9 | 0f84 5f0a | 0000 448b | 4c24 4444 | 8949 0c4c | 8bd9 49c1 
  0x000001c8391a3170: eb09 49b9 | 0000 722d | c801 0000 | 4788 2419 | 488b 5c24 | 2045 8b5a | 1c41 8b4a | 14ff c141 
  0x000001c8391a3190: 894a 1445 | 8b5b 0c41 | 8b4b 1041 | 8b6b 0c4c | 8bcd 4c3b | cb0f 8501 | 3500 0044 | 8d51 ff83 
  0x000001c8391a31b0: f901 7504 | 4589 630c | 4589 5310 | f083 4424 | c000 83f9 | 0175 0d45 | 8b5b 1445 | 85db 0f85 
  0x000001c8391a31d0: 0b12 0000 | 498b e848 | 8b54 2460 

  0x000001c8391a31dc: ;   {optimized virtual_call}
  0x000001c8391a31dc: c5f8 77e8 

  0x000001c8391a31e0: ; ImmutableOopMap {rbp=Oop [40]=Oop [48]=Oop [56]=Oop [112]=Oop [120]=Oop [136]=Oop [144]=Oop }
                      ;*invokevirtual releaseOpen {reexecute=0 rethrow=0 return_oop=0}
                      ; - org.eclipse.osgi.storage.bundlefile.CloseableBundleFile::getInputStream@45 (line 493)
                      ; - org.eclipse.osgi.storage.bundlefile.ZipBundleEntry::getInputStream@8 (line 58)
                      ; - org.eclipse.osgi.storage.bundlefile.BundleEntry::getBytes@1 (line 97)
                      ; - org.eclipse.osgi.internal.loader.classpath.ClasspathManager::findClassImpl@109 (line 681)
  0x000001c8391a31e0: fc86 e7ff 

  0x000001c8391a31e4: ;   {other}
  0x000001c8391a31e4: 0f1f 8400 | d430 0008 | 488b 9424 | 9000 0000 

  0x000001c8391a31f4: ;   {optimized virtual_call}
  0x000001c8391a31f4: c5f8 77e8 

  0x000001c8391a31f8: ; ImmutableOopMap {rbp=Oop [40]=Oop [48]=Oop [56]=Oop [112]=Oop [120]=Oop [136]=Oop [144]=Oop }
                      ;*invokevirtual getSize {reexecute=0 rethrow=0 return_oop=0}
                      ; - org.eclipse.osgi.storage.bundlefile.BundleEntry::getBytes@6 (line 98)
                      ; - org.eclipse.osgi.internal.loader.classpath.ClasspathManager::findClassImpl@109 (line 681)
  0x000001c8391a31f8: c44d 68f8 

  0x000001c8391a31fc: ;   {other}
  0x000001c8391a31fc: 0f1f 8400 | ec30 0009 | 448b c041 | b900 2000 | 0048 8bd5 

  0x000001c8391a3210: ;   {static_call}
  0x000001c8391a3210: c5f8 77e8 

  0x000001c8391a3214: ; ImmutableOopMap {[40]=Oop [48]=Oop [56]=Oop [112]=Oop [120]=Oop [136]=Oop [144]=Oop }
                      ;*invokestatic getBytes {reexecute=0 rethrow=0 return_oop=1}
                      ; - org.eclipse.osgi.storage.bundlefile.BundleEntry::getBytes@16 (line 102)
                      ; - org.eclipse.osgi.internal.loader.classpath.ClasspathManager::findClassImpl@109 (line 681)
  0x000001c8391a3214: 483a 68f8 

  0x000001c8391a3218: ;   {other}
  0x000001c8391a3218: 0f1f 8400 | 0831 000a | 488b 5424 | 704c 8b44 | 2478 4c8b | c848 8b7c | 2430 488b | b424 9000 
  0x000001c8391a3238: 0000 488b | 4c24 3890 

  0x000001c8391a3240: ;   {optimized virtual_call}
  0x000001c8391a3240: c5f8 77e8 

  0x000001c8391a3244: ; ImmutableOopMap {[112]=Oop [120]=Oop }
                      ;*invokespecial defineClass {reexecute=0 rethrow=0 return_oop=1}
                      ; - org.eclipse.osgi.internal.loader.classpath.ClasspathManager::findClassImpl@288 (line 695)
  0x000001c8391a3244: 98ba 0800 

  0x000001c8391a3248: ;   {other}
  0x000001c8391a3248: 0f1f 8400 | 3831 000b | e9c2 ebff | ffbe 2f00 | 0000 e972 

  0x000001c8391a325c: ;   {metadata('java/util/Collections$UnmodifiableRandomAccessList')}
  0x000001c8391a325c: dfff ff41 | 81fa e8a5 | 1c00 0f85 | 372f 0000 | 4d8b 97c8 | 0100 004d | 8baf b801 | 0000 4d8b 
  0x000001c8391a327c: c549 83c0 | 184d 8bcb | 4d3b c20f | 8390 1900 | 004d 8987 | b801 0000 | 410f 0d88 | c000 0000 
  0x000001c8391a329c: 49c7 4500 | 0100 0000 | 4d8b d549 

  0x000001c8391a32a8: ;   {metadata('java/util/Collections$UnmodifiableCollection$1')}
  0x000001c8391a32a8: 83c2 1041 | c745 0830 | 761d 0045 | 8965 0cc5 | fdef c0c4 | c179 d602 | 458b 590c | 4d8b d145 
  0x000001c8391a32c8: 8955 1045 | 8b53 0849 

  0x000001c8391a32d0: ;   {metadata('java/util/HashSet')}
  0x000001c8391a32d0: 8bd3 4181 | fa78 c40d | 000f 856e | 0900 008b | 6a0c 448b | 5d08 4c8b 

  0x000001c8391a32e8: ;   {metadata('java/util/HashMap')}
  0x000001c8391a32e8: c541 81fb | 68a9 0800 | 0f85 9811 | 0000 458b | 500c 4585 | d20f 841f | 0f00 004d | 8bda 458b 
  0x000001c8391a3308: ;   {metadata('java/util/HashMap$KeySet')}
  0x000001c8391a3308: 5308 4181 | fa88 121a | 000f 85db | 1100 004d | 8b97 c801 | 0000 4d8b | 87b8 0100 | 004d 8bc8 
  0x000001c8391a3328: 4983 c120 | 4d3b ca0f | 833c 1900 | 004d 898f | b801 0000 | 410f 0d89 | c000 0000 | 49c7 0001 
  0x000001c8391a3348: 0000 004d | 8bd0 4983 

  0x000001c8391a3350: ;   {metadata('java/util/HashMap$KeyIterator')}
  0x000001c8391a3350: c210 41c7 | 4008 8855 | 1a00 4589 | 600c c5fd | efc0 62d1 | fe08 7f02 | 458b 5b0c | 4589 581c 
  0x000001c8391a3370: ; implicit exception: dispatches to 0x000001c8391a8118
  0x000001c8391a3370: 458b 4b24 | 458b 5318 | 4589 500c | 4585 c90f | 8445 0200 | 0045 8b53 | 1445 85d2 | 0f8e 3802 
  0x000001c8391a3390: 0000 418b | 790c 85ff | 0f86 5a33 | 0000 81ff | feff ff7f | 0f8f 162e | 0000 8d4f | 0141 bb02 
  0x000001c8391a33b0: 0000 0044 | 3bd9 440f | 4fd9 4d63 | d348 c7c3 | ffff ffff | 4183 fbff | 4c0f 4cd3 | 418b d23b 
  0x000001c8391a33d0: d10f 4fd1 | 33c0 41bb | 0100 0000 | 4589 5810 | 3bc7 0f83 | b423 0000 | 458b 5481 | 1045 8950 
  0x000001c8391a33f0: 1449 8bd8 | 48c1 eb09 | 48be 0000 | 722d c801 | 0000 4488 | 241e 4585 | d20f 85bb | 0100 0041 
  0x000001c8391a3410: 8d5b 013b | da7d 0841 | 8bc3 448b | dbeb bd4c | 63d7 4863 | d149 8d72 | ff48 ffca | 48c7 c000 
  0x000001c8391a3430: 0000 8048 | 81fa 0000 | 0080 480f | 4cd0 4c3b | d249 0f4c | d248 83c2 | fe48 81fa | 0000 0080 
  0x000001c8391a3450: ;   {no_reloc}
  0x000001c8391a3450: 480f 4cd0 | 483b f248 | 0f4c d68b | f23b de0f | 8dd4 0000 | 0041 8bdb | ffc3 660f | 1f44 0000 
  0x000001c8391a3470: 4189 5810 | 443b df0f | 8322 2300 | 0047 8b5c | 9910 4589 | 5814 4d8b | d049 c1ea | 0948 ba00 
  0x000001c8391a3490: 0072 2dc8 | 0100 0046 | 8824 1245 | 85db 0f85 | 2601 0000 | 458b 5c99 | 1045 8958 | 144d 8bd0 
  0x000001c8391a34b0: 8d53 0141 | 8950 1049 | c1ea 0948 | ba00 0072 | 2dc8 0100 | 0046 8824 | 1245 85db | 0f85 f800 
  0x000001c8391a34d0: 0000 418b | 4499 1441 | 8940 144d | 8bd0 8d53 | 0241 8950 | 1049 c1ea | 0949 bb00 | 0072 2dc8 
  0x000001c8391a34f0: 0100 0047 | 8824 1385 | c00f 85cb | 0000 0045 | 8b54 9918 | 4589 5014 | 498b d044 | 8d5b 0345 
  0x000001c8391a3510: 8958 1048 | c1ea 0948 | b800 0072 | 2dc8 0100 | 0044 8824 | 1045 85d2 | 0f85 9c00 | 0000 83c3 
  0x000001c8391a3530: 043b de0f | 8c37 ffff | ff3b d90f | 8d73 4200 | 00e9 032d | 0000 bf2f | 0000 00e9 | 7edd ffff 
  0x000001c8391a3550: ;   {no_reloc}
  0x000001c8391a3550: 498b 87b8 | 0100 004d | 8b97 c801 | 0000 4c8b | d849 83c3 | 184d 3bda | 0f83 5619 | 0000 4d89 
  0x000001c8391a3570: 9fb8 0100 | 0041 0f0d | 8bc0 0000 | 0048 c700 | 0100 0000 

  0x000001c8391a3584: ;   {metadata('java/lang/String')}
  0x000001c8391a3584: c740 0878 | e800 0044 | 8960 0c44 

  0x000001c8391a3590: ;   {oop([B{0x000000008049dcd8})}
  0x000001c8391a3590: 8960 10c7 | 4014 d8dc 

  0x000001c8391a3598: ;   {oop(".class"{0x0000000080003aa8})}
  0x000001c8391a3598: 4980 49ba | a83a 0080 | 0000 0000 | 458b 5a0c | 4489 580c | 450f b65a | 1144 8858 | 1148 8984 
  0x000001c8391a35b8: 2480 0000 | 00e9 12df | ffff 4533 | dbe9 d3da | ffff 4d8b | d54d 8bd8 | 4589 5d0c | 49c1 ea09 
  0x000001c8391a35d8: 49bb 0000 | 722d c801 | 0000 4788 | 2413 e90d | dfff ff48 | 8b5c 2478 | e97d d8ff | ff41 8bcb 
  0x000001c8391a35f8: e931 d6ff 

  0x000001c8391a35fc: ;   {metadata('java/util/LinkedHashMap')}
  0x000001c8391a35fc: ff81 fbe8 | a10f 000f | 8506 3700 | 008b 4824 | 85c9 0f84 | 8500 0000 | 448b 490c | 4585 c90f 
  0x000001c8391a361c: 86f2 3800 | 0041 ffc9 | 85ff 0f84 | f60a 0000 | 4523 ca46 | 8b4c 8910 | 4585 c974 | 6041 8b59 
  0x000001c8391a363c: 0c41 3bda | 745f 458b | 4118 4585 | c074 4e41 

  0x000001c8391a364c: ;   {metadata('java/util/HashMap$TreeNode')}
  0x000001c8391a364c: 8b49 0881 | f920 011a | 000f 8401 | 3b00 0049 | 8be8 6690 | 448b 4d0c | 453b ca75 | 1b44 8b4d 
  0x000001c8391a366c: 104d 8bc1 | 4d3b c30f | 8593 1100 | 0041 ba01 | 0000 00e9 | 48d9 ffff | 8b7d 1849 | 8b9f 5804 
  0x000001c8391a368c: ; ImmutableOopMap {r11=Oop rdi=NarrowOop [32]=Oop [48]=Oop [56]=Oop [112]=Oop [120]=Oop }
                      ;*ifnonnull {reexecute=1 rethrow=0 return_oop=0}
                      ; - (reexecute) java.util.HashMap::getNode@145
                      ; - java.util.HashMap::containsKey@2
                      ; - java.util.HashSet::contains@5
                      ; - java.util.Collections$UnmodifiableCollection::contains@5
                      ; - org.eclipse.osgi.internal.debug.Debug::loaderWithClass@27 (line 287)
                      ; - org.eclipse.osgi.internal.loader.classpath.ClasspathManager::findClassImpl@5 (line 667)
                      ;   {poll}
  0x000001c8391a368c: 0000 8503 | 85ff 7405 | 488b efeb | c745 33d2 | e92b d9ff | ff41 8b49 | 104c 8bc1 | 4d3b c374 
  0x000001c8391a36ac: 4144 8954 | 2450 4c89 | 5c24 484c | 8b54 2420 | 4c89 5424 | 4049 8be9 | 4489 4c24 | 5449 8bd3 
  0x000001c8391a36cc: ;   {optimized virtual_call}
  0x000001c8391a36cc: c5f8 77e8 

  0x000001c8391a36d0: ; ImmutableOopMap {rbp=Oop [48]=Oop [56]=Oop [64]=Oop [72]=Oop [84]=NarrowOop [112]=Oop [120]=Oop }
                      ;*invokevirtual equals {reexecute=0 rethrow=0 return_oop=0}
                      ; - java.util.HashMap::getNode@63
                      ; - java.util.HashMap::containsKey@2
                      ; - java.util.HashSet::contains@5
                      ; - java.util.Collections$UnmodifiableCollection::contains@5
                      ; - org.eclipse.osgi.internal.debug.Debug::loaderWithClass@27 (line 287)
                      ; - org.eclipse.osgi.internal.loader.classpath.ClasspathManager::findClassImpl@5 (line 667)
  0x000001c8391a36d0: acb4 75ff 

  0x000001c8391a36d4: ;   {other}
  0x000001c8391a36d4: 0f1f 8400 | c435 000d | 85c0 0f84 | b03a 0000 | 4c8b 5424 | 404c 8954 | 2420 41ba | 0100 0000 
  0x000001c8391a36f4: e9d3 d8ff | ff4c 896c | 2448 4c8b | 5424 204c | 8954 2440 | 6690 c5f8 | 7748 b8a0 | 2d18 45c8 
  0x000001c8391a3714: ;   {virtual_call}
  0x000001c8391a3714: 0100 00e8 

  0x000001c8391a3718: ; ImmutableOopMap {rbp=Oop [48]=Oop [56]=Oop [64]=Oop [72]=Oop [112]=Oop [120]=Oop [128]=Oop }
                      ;*invokeinterface hasNext {reexecute=0 rethrow=0 return_oop=0}
                      ; - java.util.Collections$UnmodifiableCollection$1::hasNext@4
                      ; - org.eclipse.osgi.internal.loader.classpath.ClasspathEntry::findEntry@39 (line 203)
                      ; - org.eclipse.osgi.internal.loader.classpath.ClasspathManager::findClassImpl@95 (line 675)
  0x000001c8391a3718: 8411 ceff 

  0x000001c8391a371c: ;   {other}
  0x000001c8391a371c: 0f1f 8400 | 0c36 000e | 4c8b 5c24 | 404c 895c | 2420 4c8b | 6c24 4844 | 8bd8 e904 | deff ff4c 
  0x000001c8391a373c: 8b9c 24a0 | 0000 0048 | 8d84 24f8 | 0000 0048 | 8338 000f | 8479 0000 | 004d 8b13 | 41f6 c202 
  0x000001c8391a375c: 0f84 6200 | 0000 4983 | ba86 0000 | 0000 7409 | 49ff 8a86 | 0000 00eb | 4b49 8b82 | 9600 0000 
  0x000001c8391a377c: 490b 828e | 0000 0075 | 0a49 c742 | 3e00 0000 | 00eb 3d49 | 83ba 9e00 | 0000 0074 | 2248 33c0 
  0x000001c8391a379c: 49c7 423e | 0000 0000 | f083 0424 | 0049 83ba | 9e00 0000 | 0075 0df0 | 4d0f b17a | 3e75 0583 
  0x000001c8391a37bc: c801 eb0c | a800 eb08 | 4c8b 10f0 | 4d0f b113 | 750a 49ff | 8f50 0500 | 0045 33d2 | 0f85 6635 
  0x000001c8391a37dc: 0000 498b | 87b8 0100 | 004d 8b97 | c801 0000 | 4c8b d849 | 83c3 404d | 3bda 0f83 | d11b 0000 
  0x000001c8391a37fc: 4d89 9fb8 | 0100 004c | 8bd0 4983 | c238 48c7 | 0001 0000 | 004c 8bc0 | 4983 c010 

  0x000001c8391a3818: ;   {metadata('java/util/zip/Inflater')}
  0x000001c8391a3818: c740 0808 | 8235 0041 | 0f0d 8bc0 | 0000 0044 | 8960 0cc5 | fdef c062 | d1fe 287f | 0044 8960 
  0x000001c8391a3838: 30c5 fdef | c0c4 c179 

  0x000001c8391a3840: ;   {oop(a 'java/nio/HeapByteBuffer'{0x00000000800048c0})}
  0x000001c8391a3840: d602 c740 | 34c0 4800 | 804c 8bd0 | 498b ea4d | 8b97 c801 | 0000 498b | 87b8 0100 | 004c 8bd8 
  0x000001c8391a3860: 4983 c318 | 4d3b da0f | 833f 1b00 | 004d 899f | b801 0000 | 4c8b d049 | 83c2 1048 | c700 0100 
  0x000001c8391a3880: 0000 410f | 0d8b c000 

  0x000001c8391a3888: ;   {metadata('java/util/zip/Inflater$InflaterZStreamRef')}
  0x000001c8391a3888: 0000 c740 | 0820 9b35 | 0044 8960 | 0cc5 fdef | c0c4 c179 | d602 4c8b | d04c 8994 | 24a0 0000 
  0x000001c8391a38a8: 00ba 0100 | 0000 6690 

  0x000001c8391a38b0: ;   {static_call}
  0x000001c8391a38b0: c5f8 77e8 

  0x000001c8391a38b4: ; ImmutableOopMap {rbp=Oop [32]=Oop [40]=Oop [48]=Oop [56]=Oop [64]=NarrowOop [68]=NarrowOop [72]=Oop [80]=NarrowOop [84]=NarrowOop [88]=Oop [96]=Oop [104]=NarrowOop [112]=Oop [120]=Oop [128]=Oop [136]=Oop [144]=Oop [160]=Oop [168]=Oop }
                      ;*invokestatic init {reexecute=0 rethrow=0 return_oop=0}
                      ; - java.util.zip.Inflater::<init>@18
                      ; - java.util.zip.ZipFile$CleanableResource::getInflater@43
                      ; - java.util.zip.ZipFile$ZipFileInflaterInputStream::<init>@5
                      ; - java.util.zip.ZipFile::getInputStream@216
                      ; - org.eclipse.osgi.storage.bundlefile.ZipBundleFile::doGetInputStream@5 (line 101)
                      ; - org.eclipse.osgi.storage.bundlefile.ZipBundleFile::doGetInputStream@5 (line 1)
                      ; - org.eclipse.osgi.storage.bundlefile.CloseableBundleFile::getInputStream@20 (line 487)
                      ; - org.eclipse.osgi.storage.bundlefile.ZipBundleEntry::getInputStream@8 (line 58)
                      ; - org.eclipse.osgi.storage.bundlefile.BundleEntry::getBytes@1 (line 97)
                      ; - org.eclipse.osgi.internal.loader.classpath.ClasspathManager::findClassImpl@109 (line 681)
  0x000001c8391a38b4: 2840 dbff 

  0x000001c8391a38b8: ;   {other}
  0x000001c8391a38b8: 0f1f 8400 | a837 000f | 4889 8424 | b000 0000 

  0x000001c8391a38c8: ;   {oop(a 'java/lang/ref/Cleaner'{0x0000000080005848})}
  0x000001c8391a38c8: 48ba 4858 | 0080 0000 | 0000 4c8b | c54c 8b8c | 24a0 0000 | 0066 6690 

  0x000001c8391a38e0: ;   {optimized virtual_call}
  0x000001c8391a38e0: c5f8 77e8 

  0x000001c8391a38e4: ; ImmutableOopMap {rbp=Oop [32]=Oop [40]=Oop [48]=Oop [56]=Oop [64]=NarrowOop [68]=NarrowOop [72]=Oop [80]=NarrowOop [84]=NarrowOop [88]=Oop [96]=Oop [104]=NarrowOop [112]=Oop [120]=Oop [128]=Oop [136]=Oop [144]=Oop [160]=Oop [168]=Oop }
                      ;*invokevirtual register {reexecute=0 rethrow=0 return_oop=1}
                      ; - java.util.zip.Inflater$InflaterZStreamRef::<init>@14
                      ; - java.util.zip.Inflater::<init>@21
                      ; - java.util.zip.ZipFile$CleanableResource::getInflater@43
                      ; - java.util.zip.ZipFile$ZipFileInflaterInputStream::<init>@5
                      ; - java.util.zip.ZipFile::getInputStream@216
                      ; - org.eclipse.osgi.storage.bundlefile.ZipBundleFile::doGetInputStream@5 (line 101)
                      ; - org.eclipse.osgi.storage.bundlefile.ZipBundleFile::doGetInputStream@5 (line 1)
                      ; - org.eclipse.osgi.storage.bundlefile.CloseableBundleFile::getInputStream@20 (line 487)
                      ; - org.eclipse.osgi.storage.bundlefile.ZipBundleEntry::getInputStream@8 (line 58)
                      ; - org.eclipse.osgi.storage.bundlefile.BundleEntry::getBytes@1 (line 97)
                      ; - org.eclipse.osgi.internal.loader.classpath.ClasspathManager::findClassImpl@109 (line 681)
  0x000001c8391a38e4: 1801 fcff 

  0x000001c8391a38e8: ;   {other}
  0x000001c8391a38e8: 0f1f 8400 | d837 0010 | 4c8b 9424 | a000 0000 | 4c8b 9c24 | b000 0000 | 4d89 5a10 | 4c8b 9c24 
  0x000001c8391a3908: a000 0000 | 4c8b c04c | 8b8c 24a0 | 0000 0045 | 8941 0c49 | c1eb 0949 | b800 0072 | 2dc8 0100 
  0x000001c8391a3928: 0047 8824 | 1844 8955 | 304c 8bd5 | 49c1 ea09 | 49bb 0000 | 722d c801 | 0000 4788 | 2413 4c8b 
  0x000001c8391a3948: d54c 8994 | 24d0 0000 | 00e9 d2ed | ffff 8b79 | 188b 6f0c 

  0x000001c8391a395c: ; implicit exception: dispatches to 0x000001c8391a8498
                      ;   {metadata('java/util/concurrent/locks/ReentrantLock$NonfairSync')}
  0x000001c8391a395c: 8b5d 0881 | fba0 bb1a | 000f 8504 | 3400 0048 | 8bfd 33c0 | ba01 0000 | 00f0 0fb1 | 5710 0f94 
  0x000001c8391a397c: c20f b6d2 | 85d2 0f84 | 180a 0000 | 8b5c 2444 | 895f 0c48 | c1ef 0948 | ba00 0072 | 2dc8 0100 
  0x000001c8391a399c: 0044 8824 | 3a48 8b54 | 2420 4889 | 5424 2089 | 5c24 4448 | 8be9 4489 | 9c24 8400 | 0000 4c89 
  0x000001c8391a39bc: 5424 684c | 8944 2450 | 4c89 4c24 | 5848 8bd1 

  0x000001c8391a39cc: ;   {optimized virtual_call}
  0x000001c8391a39cc: c5f8 77e8 

  0x000001c8391a39d0: ; ImmutableOopMap {rbp=Oop [32]=Oop [40]=Oop [48]=Oop [56]=Oop [64]=NarrowOop [68]=NarrowOop [72]=Oop [80]=Oop [88]=Oop [96]=Oop [104]=Oop [112]=Oop [120]=Oop [128]=NarrowOop [136]=Oop [144]=Oop }
                      ;*invokevirtual poll0 {reexecute=0 rethrow=0 return_oop=1}
                      ; - java.lang.ref.ReferenceQueue::poll@17
                      ; - java.util.WeakHashMap::expungeStaleEntries@4
                      ; - java.util.WeakHashMap::getTable@1
                      ; - java.util.WeakHashMap::put@13
                      ; - java.util.Collections$SetFromMap::add@8
                      ; - java.util.zip.ZipFile::getInputStream@231
                      ; - org.eclipse.osgi.storage.bundlefile.ZipBundleFile::doGetInputStream@5 (line 101)
                      ; - org.eclipse.osgi.storage.bundlefile.ZipBundleFile::doGetInputStream@5 (line 1)
                      ; - org.eclipse.osgi.storage.bundlefile.CloseableBundleFile::getInputStream@20 (line 487)
                      ; - org.eclipse.osgi.storage.bundlefile.ZipBundleEntry::getInputStream@8 (line 58)
                      ; - org.eclipse.osgi.storage.bundlefile.BundleEntry::getBytes@1 (line 97)
                      ; - org.eclipse.osgi.internal.loader.classpath.ClasspathManager::findClassImpl@109 (line 681)
  0x000001c8391a39d0: acb1 75ff 

  0x000001c8391a39d4: ;   {other}
  0x000001c8391a39d4: 0f1f 8400 | c438 0011 | 4889 8424 | 9800 0000 | 448b 5518 

  0x000001c8391a39e8: ; implicit exception: dispatches to 0x000001c8391a8500
  0x000001c8391a39e8: 458b 4a0c 

  0x000001c8391a39ec: ; implicit exception: dispatches to 0x000001c8391a854c
  0x000001c8391a39ec: 458b 5110 | 418b 690c | 4c8b dd48 | 8b4c 2420 | 4c3b d90f | 853f 3500 | 0045 8d42 | ff41 83fa 
  0x000001c8391a3a0c: 0175 0445 | 8961 0c45 | 8941 10f0 | 8344 24c0 | 0041 83fa | 0175 0d45 | 8b51 1445 | 85d2 0f85 
  0x000001c8391a3a2c: fc0f 0000 | 4c8b 9424 | 9800 0000 | 4d85 d20f | 850b 1600 | 004c 8b4c | 2458 4c8b | 4424 504c 
  0x000001c8391a3a4c: 8b54 2468 | 448b 9c24 | 8400 0000 | e956 f3ff | ff85 f60f | 867b 3300 | 000f be29 | 4585 c90f 
  0x000001c8391a3a6c: 86bf 3300 | 0044 0fbe | 1241 3bea | 0f85 c9dd | ffff 4183 | f920 0f8f | 0434 0000 | 4489 4424 
  0x000001c8391a3a8c: 5844 895c | 2454 8944 | 2450 4c89 | 7424 484c | 896c 2440 | 4889 5c24 | 284c 8b74 | 2420 4c8b 
  0x000001c8391a3aac: 6c24 3048 | 8b7c 2478 | 488b 5c24 | 7041 8be9 | 4d63 d149 | bbff ffff | ffff ffff | ffc4 42a8 
  0x000001c8391a3acc: f5db c4c1 

  0x000001c8391a3ad0: ;   {no_reloc}
  0x000001c8391a3ad0: fb92 eb62 | f17f ad6f | 0262 f17f | ad6f 09c4 | e1f8 44fd | 48b8 ffff | ffff ffff | ffff 62f3 
  0x000001c8391a3af0: 752d 3ff0 | 00c4 e1f8 | 98fe 720d | c4e1 fb93 | c648 f7d0 | f348 0fbc | c085 c00f | 8d4e 0800 
  0x000001c8391a3b10: 0044 8bcd | 8d6c 2801 | 4889 5c24 | 7048 897c | 2478 4c89 | 6c24 304c | 8974 2420 | 488b 5c24 
  0x000001c8391a3b30: 284c 8b6c | 2440 4c8b | 7424 488b | 4424 5044 | 8b5c 2454 | 448b 4424 | 58e9 a3dc | ffff 4489 
  0x000001c8391a3b50: 5424 504c | 895c 2448 | 4c8b 5424 | 204c 8954 | 2440 498b | d366 6690 

  0x000001c8391a3b68: ;   {optimized virtual_call}
  0x000001c8391a3b68: c5f8 77e8 

  0x000001c8391a3b6c: ; ImmutableOopMap {rbp=Oop [48]=Oop [56]=Oop [64]=Oop [72]=Oop [112]=Oop [120]=Oop }
                      ;*invokevirtual equals {reexecute=0 rethrow=0 return_oop=0}
                      ; - java.util.HashMap::getNode@128
                      ; - java.util.HashMap::containsKey@2
                      ; - java.util.HashSet::contains@5
                      ; - java.util.Collections$UnmodifiableCollection::contains@5
                      ; - org.eclipse.osgi.internal.debug.Debug::loaderWithClass@27 (line 287)
                      ; - org.eclipse.osgi.internal.loader.classpath.ClasspathManager::findClassImpl@5 (line 667)
  0x000001c8391a3b6c: 10b0 75ff 

  0x000001c8391a3b70: ;   {other}
  0x000001c8391a3b70: 0f1f 8400 | 603a 0012 | 85c0 0f84 | 2434 0000 | 4c8b 5424 | 404c 8954 | 2420 e91d | d4ff ff45 
  0x000001c8391a3b90: 8b58 0c4d | 8bd3 4c8b | 5c24 204d | 3bd3 0f85 | d10c 0000 | 418b 6810 | ffc5 85ed | 0f8c 1634 
  0x000001c8391a3bb0: 0000 4189 | 6810 f083 | 4424 c000 | e95a e3ff | ff44 8b59 | 0c48 8b5c | 2420 4c3b | db0f 8501 
  0x000001c8391a3bd0: 0d00 008b | 6910 ffc5 | 85ed 0f8c | 0c34 0000 | 8969 10f0 | 8344 24c0 | 00e9 97f5 | ffff 4533 
  0x000001c8391a3bf0: dbe9 6aea | ffff 4c89 | 6c24 484c | 8b5c 2420 | 4c89 5c24 | 404c 8b5c | 2430 4c89 | 5c24 2848 
  0x000001c8391a3c10: 8bd3 c5f8 | 7748 b8a0 | 2d18 45c8 

  0x000001c8391a3c1c: ;   {virtual_call}
  0x000001c8391a3c1c: 0100 00e8 

  0x000001c8391a3c20: ; ImmutableOopMap {[40]=Oop [56]=Oop [64]=Oop [72]=Oop [112]=Oop [120]=Oop [128]=Oop }
                      ;*invokeinterface next {reexecute=0 rethrow=0 return_oop=1}
                      ; - java.util.Collections$UnmodifiableCollection$1::next@4
                      ; - org.eclipse.osgi.internal.loader.classpath.ClasspathEntry::findEntry@14 (line 203)
                      ; - org.eclipse.osgi.internal.loader.classpath.ClasspathManager::findClassImpl@95 (line 675)
  0x000001c8391a3c20: 7c23 ceff 

  0x000001c8391a3c24: ;   {other}
  0x000001c8391a3c24: 0f1f 8400 | 143b 0013 | 4c8b 5c24 | 284c 895c | 2430 4c8b | 5c24 404c | 895c 2420 | 4c8b 6c24 
  0x000001c8391a3c44: 484c 8bf0 | e9c7 daff | ff4c 896c | 2448 4c8b | 5424 204c | 8954 2440 | 4c8b 5424 | 304c 8954 
  0x000001c8391a3c64: 2428 c5f8 | 7748 b8d0 | 890b 45c8 

  0x000001c8391a3c70: ;   {virtual_call}
  0x000001c8391a3c70: 0100 00e8 

  0x000001c8391a3c74: ; ImmutableOopMap {[40]=Oop [56]=Oop [64]=Oop [72]=Oop [112]=Oop [120]=Oop [128]=Oop }
                      ;*invokeinterface iterator {reexecute=0 rethrow=0 return_oop=1}
                      ; - java.util.Collections$UnmodifiableCollection$1::<init>@17
                      ; - java.util.Collections$UnmodifiableCollection::iterator@5
                      ; - org.eclipse.osgi.internal.loader.classpath.ClasspathEntry::findEntry@4 (line 203)
                      ; - org.eclipse.osgi.internal.loader.classpath.ClasspathManager::findClassImpl@95 (line 675)
  0x000001c8391a3c74: 281e d2ff 

  0x000001c8391a3c78: ;   {other}
  0x000001c8391a3c78: 0f1f 8400 | 683b 0014 | 4c8b 5c24 | 284c 895c | 2430 4c8b | 5c24 404c | 895c 2420 | 4c8b 6c24 
  0x000001c8391a3c98: 484c 8bc0 | e929 f9ff | ff4d 8bda | 458b 531c | 448b 8424 | 8400 0000 | 453b c274 | 1f45 8b5b 
  0x000001c8391a3cb8: 244d 8b97 

  0x000001c8391a3cbc: ; ImmutableOopMap {r11=NarrowOop rbx=NarrowOop rbp=Oop [32]=Oop [40]=Oop [48]=Oop [56]=Oop [64]=NarrowOop [68]=NarrowOop [72]=Oop [80]=Oop [88]=Oop [96]=Oop [104]=Oop [112]=Oop [120]=Oop [128]=NarrowOop [136]=Oop [144]=Oop [156]=NarrowOop [160]=Oop [168]=Derived_oop_[160] }
                      ;*goto {reexecute=1 rethrow=0 return_oop=0}
                      ; - (reexecute) java.util.WeakHashMap::put@89
                      ; - java.util.Collections$SetFromMap::add@8
                      ; - java.util.zip.ZipFile::getInputStream@231
                      ; - org.eclipse.osgi.storage.bundlefile.ZipBundleFile::doGetInputStream@5 (line 101)
                      ; - org.eclipse.osgi.storage.bundlefile.ZipBundleFile::doGetInputStream@5 (line 1)
                      ; - org.eclipse.osgi.storage.bundlefile.CloseableBundleFile::getInputStream@20 (line 487)
                      ; - org.eclipse.osgi.storage.bundlefile.ZipBundleEntry::getInputStream@8 (line 58)
                      ; - org.eclipse.osgi.storage.bundlefile.BundleEntry::getBytes@1 (line 97)
                      ; - org.eclipse.osgi.internal.loader.classpath.ClasspathManager::findClassImpl@109 (line 681)
  0x000001c8391a3cbc: 5804 0000 

  0x000001c8391a3cc0: ;   {poll}
  0x000001c8391a3cc0: 4185 0245 | 85db 0f84 | 58f1 ffff | 4d8b d34d | 8bda ebd0 | 4d8b cb45 | 8b53 0c4c | 8bc5 4d3b 
  0x000001c8391a3ce0: d00f 85b5 | 0c00 0045 

  0x000001c8391a3ce8: ;   {oop(a 'java/lang/Boolean'{0x00000000800046a8} = true)}
  0x000001c8391a3ce8: 8b53 2041 | 81fa a846 | 0080 0f84 | 58f2 ffff 

  0x000001c8391a3cf8: ;   {oop(a 'java/lang/Boolean'{0x00000000800046a8} = true)}
  0x000001c8391a3cf8: 41c7 4320 | a846 0080 | 4d8b d349 | c1ea 0949 | bb00 0072 | 2dc8 0100 | 0047 8824 | 13e9 36f2 
  0x000001c8391a3d18: ffff 4585 | d274 6d89 | 5424 5844 | 894c 2454 | 4489 7424 | 504c 8b9c | 2490 0000 | 004c 895c 
  0x000001c8391a3d38: 2448 4c8b | 9c24 8800 | 0000 4c89 | 5c24 4048 | 8b6c 2420 | 498b d24c | 8b44 2460 

  0x000001c8391a3d54: ;   {optimized virtual_call}
  0x000001c8391a3d54: c5f8 77e8 

  0x000001c8391a3d58: ; ImmutableOopMap {rbp=Oop [40]=Oop [48]=Oop [56]=Oop [64]=Oop [72]=Oop [80]=NarrowOop [84]=NarrowOop [88]=NarrowOop [96]=Oop [112]=Oop [120]=Oop [144]=Oop }
                      ;*invokevirtual add {reexecute=0 rethrow=0 return_oop=0}
                      ; - org.eclipse.osgi.storage.bundlefile.CloseableBundleFile::mruListAdd@12 (line 435)
                      ; - org.eclipse.osgi.storage.bundlefile.CloseableBundleFile::internalOpen@8 (line 131)
                      ; - org.eclipse.osgi.storage.bundlefile.CloseableBundleFile::lockOpen@8 (line 87)
                      ; - org.eclipse.osgi.storage.bundlefile.CloseableBundleFile::getInputStream@1 (line 483)
                      ; - org.eclipse.osgi.storage.bundlefile.ZipBundleEntry::getInputStream@8 (line 58)
                      ; - org.eclipse.osgi.storage.bundlefile.BundleEntry::getBytes@1 (line 97)
                      ; - org.eclipse.osgi.internal.loader.classpath.ClasspathManager::findClassImpl@109 (line 681)
  0x000001c8391a3d58: 24ae 75ff 

  0x000001c8391a3d5c: ;   {other}
  0x000001c8391a3d5c: 0f1f 8400 | 4c3c 0016 | 85c0 0f85 | b60f 0000 | 4889 6c24 | 204c 8b54 | 2440 4c89 | 9424 8800 
  0x000001c8391a3d7c: 0000 448b | 7424 5044 | 8b4c 2454 | 8b54 2458 | 4533 d241 | 0fb6 6e18 | 85ed 0f84 | bc32 0000 
  0x000001c8391a3d9c: 4585 d20f | 8536 0f00 | 004c 8b94 | 2488 0000 | 004c 8954 | 2440 4c8b | 9424 9000 | 0000 4c89 
  0x000001c8391a3dbc: 5424 4844 | 894c 2454 | 8954 2458 | 450f b64e | 1945 8b5e | 1044 8974 | 2450 4d8b 

  0x000001c8391a3dd8: ;   {oop(a 'org/eclipse/osgi/framework/util/SecureAction'{0x00000000801a2378})}
  0x000001c8391a3dd8: c348 ba78 | 231a 8000 | 0000 0090 

  0x000001c8391a3de4: ;   {optimized virtual_call}
  0x000001c8391a3de4: c5f8 77e8 

  0x000001c8391a3de8: ; ImmutableOopMap {[32]=Oop [40]=Oop [48]=Oop [56]=Oop [64]=Oop [72]=Oop [80]=NarrowOop [84]=NarrowOop [88]=NarrowOop [96]=Oop [112]=Oop [120]=Oop }
                      ;*invokevirtual getZipFile {reexecute=0 rethrow=0 return_oop=1}
                      ; - org.eclipse.osgi.storage.bundlefile.ZipBundleFile::doOpen@12 (line 51)
                      ; - org.eclipse.osgi.storage.bundlefile.CloseableBundleFile::internalOpen@64 (line 150)
                      ; - org.eclipse.osgi.storage.bundlefile.CloseableBundleFile::lockOpen@8 (line 87)
                      ; - org.eclipse.osgi.storage.bundlefile.CloseableBundleFile::getInputStream@1 (line 483)
                      ; - org.eclipse.osgi.storage.bundlefile.ZipBundleEntry::getInputStream@8 (line 58)
                      ; - org.eclipse.osgi.storage.bundlefile.BundleEntry::getBytes@1 (line 97)
                      ; - org.eclipse.osgi.internal.loader.classpath.ClasspathManager::findClassImpl@109 (line 681)
  0x000001c8391a3de8: 94ad 75ff 

  0x000001c8391a3dec: ;   {other}
  0x000001c8391a3dec: 0f1f 8400 | dc3c 0017 | 4c8b d044 | 8b74 2450 | 4589 5630 | 4c8b 5424 | 6049 c1ea | 0949 bb00 
  0x000001c8391a3e0c: 0072 2dc8 | 0100 0047 | 8824 1345 | 8866 18f0 | 8344 24c0 | 0045 8b56 | 2c41 0fb6 | 6a1d 85ed 
  0x000001c8391a3e2c: 0f85 4632 | 0000 4c8b | 5424 404c | 8994 2488 | 0000 004c | 8b54 2448 | 4c89 9424 | 9000 0000 
  0x000001c8391a3e4c: 448b 4c24 | 548b 5424 | 58e9 53e2 

  0x000001c8391a3e58: ;   {metadata('java/util/IdentityHashMap')}
  0x000001c8391a3e58: ffff 81f9 | 58bf 1000 | 0f85 aa31 | 0000 4c89 | 4424 504c | 894c 2458 | 498b ea49 | 8bd1 6690 
  0x000001c8391a3e78: ;   {static_call}
  0x000001c8391a3e78: c5f8 77e8 

  0x000001c8391a3e7c: ; ImmutableOopMap {rbp=Oop [32]=Oop [40]=Oop [48]=Oop [56]=Oop [64]=NarrowOop [68]=NarrowOop [72]=Oop [80]=Oop [88]=Oop [96]=Oop [112]=Oop [120]=Oop [128]=NarrowOop [136]=Oop [144]=Oop }
                      ;*invokestatic maskNull {reexecute=0 rethrow=0 return_oop=1}
                      ; - java.util.IdentityHashMap::put@1
                      ; - java.util.Collections$SetFromMap::add@8
                      ; - java.util.zip.ZipFile::getInputStream@231
                      ; - org.eclipse.osgi.storage.bundlefile.ZipBundleFile::doGetInputStream@5 (line 101)
                      ; - org.eclipse.osgi.storage.bundlefile.ZipBundleFile::doGetInputStream@5 (line 1)
                      ; - org.eclipse.osgi.storage.bundlefile.CloseableBundleFile::getInputStream@20 (line 487)
                      ; - org.eclipse.osgi.storage.bundlefile.ZipBundleEntry::getInputStream@8 (line 58)
                      ; - org.eclipse.osgi.storage.bundlefile.BundleEntry::getBytes@1 (line 97)
                      ; - org.eclipse.osgi.internal.loader.classpath.ClasspathManager::findClassImpl@109 (line 681)
  0x000001c8391a3e7c: 00b7 75ff 

  0x000001c8391a3e80: ;   {other}
  0x000001c8391a3e80: 0f1f 8400 | 703d 0018 | 4889 4424 | 684c 8bd5 | 458b 5a1c 

  0x000001c8391a3e94: ; implicit exception: dispatches to 0x000001c8391a85b0
  0x000001c8391a3e94: 458b 430c | 418b e84c | 8994 2498 | 0000 004d | 8bd3 4c89 | 9424 a000 | 0000 488b | d066 6690 
  0x000001c8391a3eb4: ;   {static_call}
  0x000001c8391a3eb4: c5f8 77e8 

  0x000001c8391a3eb8: ; ImmutableOopMap {[32]=Oop [40]=Oop [48]=Oop [56]=Oop [64]=NarrowOop [68]=NarrowOop [72]=Oop [80]=Oop [88]=Oop [96]=Oop [104]=Oop [112]=Oop [120]=Oop [128]=NarrowOop [136]=Oop [144]=Oop [152]=Oop [160]=Oop }
                      ;*invokestatic hash {reexecute=0 rethrow=0 return_oop=0}
                      ; - java.util.IdentityHashMap::put@19
                      ; - java.util.Collections$SetFromMap::add@8
                      ; - java.util.zip.ZipFile::getInputStream@231
                      ; - org.eclipse.osgi.storage.bundlefile.ZipBundleFile::doGetInputStream@5 (line 101)
                      ; - org.eclipse.osgi.storage.bundlefile.ZipBundleFile::doGetInputStream@5 (line 1)
                      ; - org.eclipse.osgi.storage.bundlefile.CloseableBundleFile::getInputStream@20 (line 487)
                      ; - org.eclipse.osgi.storage.bundlefile.ZipBundleEntry::getInputStream@8 (line 58)
                      ; - org.eclipse.osgi.storage.bundlefile.BundleEntry::getBytes@1 (line 97)
                      ; - org.eclipse.osgi.internal.loader.classpath.ClasspathManager::findClassImpl@109 (line 681)
  0x000001c8391a3eb8: c4b6 75ff 

  0x000001c8391a3ebc: ;   {other}
  0x000001c8391a3ebc: 0f1f 8400 | ac3d 0019 | 89ac 24d0 | 0000 0044 | 8bc0 89ac | 24c0 0000 | 00eb 6166 | 0f1f 8400 
  0x000001c8391a3edc: 0000 0000 | 8b94 2484 | 0000 0044 | 8b84 24c0 | 0000 0090 

  0x000001c8391a3ef0: ;   {static_call}
  0x000001c8391a3ef0: c5f8 77e8 

  0x000001c8391a3ef4: ; ImmutableOopMap {[32]=Oop [40]=Oop [48]=Oop [56]=Oop [64]=NarrowOop [68]=NarrowOop [72]=Oop [80]=Oop [88]=Oop [96]=Oop [104]=Oop [112]=Oop [120]=Oop [128]=NarrowOop [136]=Oop [144]=Oop [152]=Oop [160]=Oop }
                      ;*invokestatic nextKeyIndex {reexecute=0 rethrow=0 return_oop=0}
                      ; - java.util.IdentityHashMap::put@65
                      ; - java.util.Collections$SetFromMap::add@8
                      ; - java.util.zip.ZipFile::getInputStream@231
                      ; - org.eclipse.osgi.storage.bundlefile.ZipBundleFile::doGetInputStream@5 (line 101)
                      ; - org.eclipse.osgi.storage.bundlefile.ZipBundleFile::doGetInputStream@5 (line 1)
                      ; - org.eclipse.osgi.storage.bundlefile.CloseableBundleFile::getInputStream@20 (line 487)
                      ; - org.eclipse.osgi.storage.bundlefile.ZipBundleEntry::getInputStream@8 (line 58)
                      ; - org.eclipse.osgi.storage.bundlefile.BundleEntry::getBytes@1 (line 97)
                      ; - org.eclipse.osgi.internal.loader.classpath.ClasspathManager::findClassImpl@109 (line 681)
  0x000001c8391a3ef4: 88b6 75ff 

  0x000001c8391a3ef8: ;   {other}
  0x000001c8391a3ef8: 0f1f 8400 | e83d 001a | 4d8b 9758 

  0x000001c8391a3f04: ; ImmutableOopMap {[32]=Oop [40]=Oop [48]=Oop [56]=Oop [64]=NarrowOop [68]=NarrowOop [72]=Oop [80]=Oop [88]=Oop [96]=Oop [104]=Oop [112]=Oop [120]=Oop [128]=NarrowOop [136]=Oop [144]=Oop [152]=Oop [160]=Oop }
                      ;*goto {reexecute=1 rethrow=0 return_oop=0}
                      ; - (reexecute) java.util.IdentityHashMap::put@70
                      ; - java.util.Collections$SetFromMap::add@8
                      ; - java.util.zip.ZipFile::getInputStream@231
                      ; - org.eclipse.osgi.storage.bundlefile.ZipBundleFile::doGetInputStream@5 (line 101)
                      ; - org.eclipse.osgi.storage.bundlefile.ZipBundleFile::doGetInputStream@5 (line 1)
                      ; - org.eclipse.osgi.storage.bundlefile.CloseableBundleFile::getInputStream@20 (line 487)
                      ; - org.eclipse.osgi.storage.bundlefile.ZipBundleEntry::getInputStream@8 (line 58)
                      ; - org.eclipse.osgi.storage.bundlefile.BundleEntry::getBytes@1 (line 97)
                      ; - org.eclipse.osgi.internal.loader.classpath.ClasspathManager::findClassImpl@109 (line 681)
                      ;   {poll}
  0x000001c8391a3f04: 0400 0041 | 8502 4c8b | 8c24 a000 | 0000 418b | 490c 448b | 9c24 c000 | 0000 448b | c044 899c 
  0x000001c8391a3f24: 24c0 0000 | 004c 898c | 24a0 0000 | 0089 8c24 | d000 0000 | 458b d044 | 3b84 24d0 | 0000 000f 
  0x000001c8391a3f44: 838b 2c00 | 0044 8984 | 2484 0000 | 004c 8b84 | 24a0 0000 | 004f 8d4c | 9010 458b | 5808 4489 
  0x000001c8391a3f64: 9c24 b000 | 0000 458b | 194c 898c | 24a8 0000 | 004d 63d2 | 4f8d 5490 | 144c 8994 | 24b8 0000 
  0x000001c8391a3f84: 0044 8b84 | 2484 0000 | 0041 ffc0 | 4489 8424 | b400 0000 | 4585 db74 | 5a4d 8bd3 | 4c8b 5c24 
  0x000001c8391a3fa4: 684d 3bd3 | 0f85 32ff | ffff 443b | 8424 d000 | 0000 0f83 | d430 0000 | 448b 9c24 | b000 0000 
  0x000001c8391a3fc4: ;   {metadata('java/lang/Object'[])}
  0x000001c8391a3fc4: 4181 fb70 | 1200 000f | 850b 3100 | 004c 8b94 | 24b8 0000 

  0x000001c8391a3fd8: ;   {oop(a 'java/lang/Boolean'{0x00000000800046a8} = true)}
  0x000001c8391a3fd8: 0041 c702 | a846 0080 | 49c1 ea09 | 49bb 0000 | 722d c801 | 0000 4788 | 2413 e921 | 0100 004c 
  0x000001c8391a3ff8: 8b94 2498 | 0000 0041 | 8b6a 1444 | 8d5c 6d03 | ffc5 443b | 9c24 c000 | 0000 0f8e | 7a00 0000 
  0x000001c8391a4018: 488b 9424 | 9800 0000 | 448b 8424 | c000 0000 

  0x000001c8391a4028: ;   {optimized virtual_call}
  0x000001c8391a4028: c5f8 77e8 

  0x000001c8391a402c: ; ImmutableOopMap {[32]=Oop [40]=Oop [48]=Oop [56]=Oop [64]=NarrowOop [68]=NarrowOop [72]=Oop [80]=Oop [88]=Oop [96]=Oop [104]=Oop [112]=Oop [120]=Oop [128]=NarrowOop [136]=Oop [144]=Oop [152]=Oop [160]=Oop [184]=Derived_oop_[160] [168]=Derived_oop_[160] }
                      ;*invokevirtual resize {reexecute=0 rethrow=0 return_oop=0}
                      ; - java.util.IdentityHashMap::put@96
                      ; - java.util.Collections$SetFromMap::add@8
                      ; - java.util.zip.ZipFile::getInputStream@231
                      ; - org.eclipse.osgi.storage.bundlefile.ZipBundleFile::doGetInputStream@5 (line 101)
                      ; - org.eclipse.osgi.storage.bundlefile.ZipBundleFile::doGetInputStream@5 (line 1)
                      ; - org.eclipse.osgi.storage.bundlefile.CloseableBundleFile::getInputStream@20 (line 487)
                      ; - org.eclipse.osgi.storage.bundlefile.ZipBundleEntry::getInputStream@8 (line 58)
                      ; - org.eclipse.osgi.storage.bundlefile.BundleEntry::getBytes@1 (line 97)
                      ; - org.eclipse.osgi.internal.loader.classpath.ClasspathManager::findClassImpl@109 (line 681)
  0x000001c8391a402c: 50ab 75ff 

  0x000001c8391a4030: ;   {other}
  0x000001c8391a4030: 0f1f 8400 | 203f 001c | 85c0 7456 | 4d8b 9f58 | 0400 004c | 8b94 2498 | 0000 0045 

  0x000001c8391a404c: ; ImmutableOopMap {r8=NarrowOop [32]=Oop [40]=Oop [48]=Oop [56]=Oop [64]=NarrowOop [68]=NarrowOop [72]=Oop [80]=Oop [88]=Oop [96]=Oop [104]=Oop [112]=Oop [120]=Oop [128]=NarrowOop [136]=Oop [144]=Oop [152]=Oop }
                      ;*goto {reexecute=1 rethrow=0 return_oop=0}
                      ; - (reexecute) java.util.IdentityHashMap::put@102
                      ; - java.util.Collections$SetFromMap::add@8
                      ; - java.util.zip.ZipFile::getInputStream@231
                      ; - org.eclipse.osgi.storage.bundlefile.ZipBundleFile::doGetInputStream@5 (line 101)
                      ; - org.eclipse.osgi.storage.bundlefile.ZipBundleFile::doGetInputStream@5 (line 1)
                      ; - org.eclipse.osgi.storage.bundlefile.CloseableBundleFile::getInputStream@20 (line 487)
                      ; - org.eclipse.osgi.storage.bundlefile.ZipBundleEntry::getInputStream@8 (line 58)
                      ; - org.eclipse.osgi.storage.bundlefile.BundleEntry::getBytes@1 (line 97)
                      ; - org.eclipse.osgi.internal.loader.classpath.ClasspathManager::findClassImpl@109 (line 681)
                      ;   {poll}
  0x000001c8391a404c: 8b42 1c41 | 8503 458b | 580c 4489 | 9c24 8400 | 0000 4d8b | d049 8bea | 488b 5424 | 6845 8bc3 
  0x000001c8391a406c: ;   {static_call}
  0x000001c8391a406c: c5f8 77e8 

  0x000001c8391a4070: ; ImmutableOopMap {rbp=Oop [32]=Oop [40]=Oop [48]=Oop [56]=Oop [64]=NarrowOop [68]=NarrowOop [72]=Oop [80]=Oop [88]=Oop [96]=Oop [104]=Oop [112]=Oop [120]=Oop [128]=NarrowOop [136]=Oop [144]=Oop [152]=Oop }
                      ;*invokestatic hash {reexecute=0 rethrow=0 return_oop=0}
                      ; - java.util.IdentityHashMap::put@19
                      ; - java.util.Collections$SetFromMap::add@8
                      ; - java.util.zip.ZipFile::getInputStream@231
                      ; - org.eclipse.osgi.storage.bundlefile.ZipBundleFile::doGetInputStream@5 (line 101)
                      ; - org.eclipse.osgi.storage.bundlefile.ZipBundleFile::doGetInputStream@5 (line 1)
                      ; - org.eclipse.osgi.storage.bundlefile.CloseableBundleFile::getInputStream@20 (line 487)
                      ; - org.eclipse.osgi.storage.bundlefile.ZipBundleEntry::getInputStream@8 (line 58)
                      ; - org.eclipse.osgi.storage.bundlefile.BundleEntry::getBytes@1 (line 97)
                      ; - org.eclipse.osgi.internal.loader.classpath.ClasspathManager::findClassImpl@109 (line 681)
  0x000001c8391a4070: 0cb5 75ff 

  0x000001c8391a4074: ;   {other}
  0x000001c8391a4074: 0f1f 8400 | 643f 001e | 448b 9424 | 8400 0000 | 458b da4c | 8bcd 418b | cbe9 8cfe | ffff 4c8b 
  0x000001c8391a4094: 9424 9800 | 0000 458b | 5a18 41ff | c345 895a | 1844 8b9c | 24b0 0000 

  0x000001c8391a40ac: ;   {metadata('java/lang/Object'[])}
  0x000001c8391a40ac: 0041 81fb | 7012 0000 | 0f85 5631 | 0000 4c8b | 5424 684c | 8b9c 24a8 | 0000 0045 | 8913 4d8b 
  0x000001c8391a40cc: d349 c1ea | 0949 bb00 | 0072 2dc8 | 0100 0047 | 8824 1344 | 8b94 24b4 | 0000 0044 | 3b94 24d0 
  0x000001c8391a40ec: 0000 000f | 83d7 3000 | 004c 8b94 | 2498 0000 | 0041 896a | 144c 8b94 | 24b8 0000 

  0x000001c8391a4108: ;   {oop(a 'java/lang/Boolean'{0x00000000800046a8} = true)}
  0x000001c8391a4108: 0041 c702 | a846 0080 | 49c1 ea09 | 4788 2413 | 4c8b 4424 | 58e9 2eee | ffff 85ed | 0f85 cd0d 
  0x000001c8391a4128: 0000 85f6 | 0f85 ee2f | 0000 4489 | 4c24 544c | 895c 2448 | 4c8b 5424 | 204c 8954 | 2440 488b 
  0x000001c8391a4148: e989 4c24 | 5066 6690 

  0x000001c8391a4150: ;   {static_call}
  0x000001c8391a4150: c5f8 77e8 

  0x000001c8391a4154: ; ImmutableOopMap {rbp=Oop [48]=Oop [56]=Oop [64]=Oop [72]=Oop [80]=NarrowOop [112]=Oop [120]=Oop }
                      ;*invokestatic hashCode {reexecute=0 rethrow=0 return_oop=0}
                      ; - java.lang.String::hashCode@27
                      ; - java.util.HashMap::hash@9
                      ; - java.util.HashMap::getNode@23
                      ; - java.util.HashMap::containsKey@2
                      ; - java.util.HashSet::contains@5
                      ; - java.util.Collections$UnmodifiableCollection::contains@5
                      ; - org.eclipse.osgi.internal.debug.Debug::loaderWithClass@27 (line 287)
                      ; - org.eclipse.osgi.internal.loader.classpath.ClasspathManager::findClassImpl@5 (line 667)
  0x000001c8391a4154: 28b4 75ff 

  0x000001c8391a4158: ;   {other}
  0x000001c8391a4158: 0f1f 8400 | 4840 001f | 85c0 0f84 | 2111 0000 | 4c8b 5c24 | 4841 8943 | 0c44 8bd0 | 41c1 ea10 
  0x000001c8391a4178: 4433 d044 | 8b4c 2454 | 4523 ca4c | 8b44 2440 | 4c89 4424 | 208b 4c24 | 50e9 99f4 | ffff 4c89 
  0x000001c8391a4198: 6c24 5048 | 895c 2448 | 4c8b 5424 | 204c 8954 | 2440 4c8b | 5424 304c | 8954 2428 | 6690 c5f8 
  0x000001c8391a41b8: 7748 b8a0 | 2d18 45c8 

  0x000001c8391a41c0: ;   {virtual_call}
  0x000001c8391a41c0: 0100 00e8 

  0x000001c8391a41c4: ; ImmutableOopMap {[40]=Oop [56]=Oop [64]=Oop [72]=Oop [80]=Oop [112]=Oop [120]=Oop }
                      ;*invokeinterface hasNext {reexecute=0 rethrow=0 return_oop=0}
                      ; - java.util.Collections$UnmodifiableCollection$1::hasNext@4
                      ; - org.eclipse.osgi.internal.loader.classpath.ClasspathEntry::findEntry@39 (line 203)
                      ; - org.eclipse.osgi.internal.loader.classpath.ClasspathManager::findClassImpl@95 (line 675)
  0x000001c8391a41c4: d806 ceff 

  0x000001c8391a41c8: ;   {other}
  0x000001c8391a41c8: 0f1f 8400 | b840 0020 | 4c8b 5424 | 284c 8954 | 2430 4c8b | 5424 404c | 8954 2420 | 488b 5c24 
  0x000001c8391a41e8: 484c 8b6c | 2450 e91a | dbff ff4d | 8bc3 c5f8 | 7748 b8ff | ffff ffff 

  0x000001c8391a4200: ;   {virtual_call}
  0x000001c8391a4200: ffff ffe8 

  0x000001c8391a4204: ; ImmutableOopMap {[32]=Oop [48]=Oop [56]=Oop [112]=Oop [120]=Oop }
                      ;*invokeinterface contains {reexecute=0 rethrow=0 return_oop=0}
                      ; - java.util.Collections$UnmodifiableCollection::contains@5
                      ; - org.eclipse.osgi.internal.debug.Debug::loaderWithClass@27 (line 287)
                      ; - org.eclipse.osgi.internal.loader.classpath.ClasspathManager::findClassImpl@5 (line 667)
  0x000001c8391a4204: 78ae 75ff 

  0x000001c8391a4208: ;   {other}
  0x000001c8391a4208: 0f1f 8400 | f840 0021 | 448b d0e9 | b4cd ffff | bd00 2000 | 00e9 e8e2 | ffff 4d8b | 97c8 0100 
  0x000001c8391a4228: 004d 8b9f | b801 0000 | 4d8b cb49 | 83c1 104d | 3bca 0f83 | 5821 0000 | 4d89 8fb8 | 0100 0041 
  0x000001c8391a4248: 0f0d 89c0 | 0000 0049 | c703 0100 

  0x000001c8391a4254: ;   {metadata('java/util/HashMap$KeySet')}
  0x000001c8391a4254: 0000 41c7 | 4308 8812 | 1a00 4589 | 630c 4d8b | c845 894b | 0c4d 8bcb | 4589 480c | 4d8b d049 
  0x000001c8391a4274: c1ea 0949 | b800 0072 | 2dc8 0100 | 0047 8824 | 10e9 7cf0 | ffff 4d63 | c34d 8d50 | 104d 8bda 
  0x000001c8391a4294: 4983 e3f8 | 488b fe49 | 03fb 49c1 | ea03 492b | ca48 33c0 | 4883 f908 | 7f10 48ff | c978 5648 
  0x000001c8391a42b4: 8904 cf48 | ffc9 7df7 | eb4b c5fd | efc0 e90d | 0000 00c5 | fe7f 07c5 | fe7f 4720 | 4883 c740 
  0x000001c8391a42d4: 4883 e908 | 7ded 4883 | c104 7c0c | c5fe 7f07 | 4883 c720 | 4883 e904 | 4883 c104 | 7e17 48c7 
  0x000001c8391a42f4: c0ff ffff | ffc4 e2f0 | f5c0 c4e1 | fb92 f862 | f1fe 2f7f | 0749 83f8 | 2077 3044 | 8b94 2480 
  0x000001c8391a4314: 0000 004d | 63d2 49bb | ffff ffff | ffff ffff | c442 a8f5 | dbc4 c1fb | 92fb 62d1 | 7faf 6f01 
  0x000001c8391a4334: 62f1 7f2f | 7f02 e913 | cbff ff49 | 8bc9 c5f8 | 7749 bac0 | 798e 38c8 | 0100 0041 

  0x000001c8391a4350: ;   {other}
  0x000001c8391a4350: ffd2 0f1f | 8400 0000 | 0000 e9f3 | caff ff48 | 895c 2470 | 4889 7c24 | 784c 896c | 2430 4c89 
  0x000001c8391a4370: 7424 2048 | 8b5c 2428 | 4c8b 6c24 | 404c 8b74 | 2448 e9c0 

  0x000001c8391a4384: ;   {oop(""{0x0000000080001770})}
  0x000001c8391a4384: d4ff ff48 | bb70 1700 | 8000 0000 | 00e9 dcca | ffff 4533 | d233 c9e9 | 65cb ffff | 8b5f 0c48 
  0x000001c8391a43a4: 8b54 2420 | 483b da0f | 85fb 0e00 | 008b 6f10 | ffc5 85ed | 0f8c 072f | 0000 896f | 10f0 8344 
  0x000001c8391a43c4: 24c0 008b | 5c24 44e9 | d6f5 ffff 

  0x000001c8391a43d0: ;   {oop("."{0x0000000080000af8})}
  0x000001c8391a43d0: 49bb f80a | 0080 0000 | 0000 e996 | caff ff41 | 8b6b 1485 | ed0f 84e9 | edff ff44 | 8b55 0c45 
  0x000001c8391a43f0: 85d2 0f84 | dced ffff | 4c89 4424 | 204c 8bd5 | 498b d241 | b801 0000 | 004c 8954 | 2468 6690 
  0x000001c8391a4410: ;   {optimized virtual_call}
  0x000001c8391a4410: c5f8 77e8 

  0x000001c8391a4414: ; ImmutableOopMap {rbp=NarrowOop [32]=Oop [40]=Oop [48]=Oop [56]=Oop [96]=Oop [104]=Oop [112]=Oop [120]=Oop [136]=Oop [144]=Oop }
                      ;*invokevirtual getAndUnsetStatus {reexecute=0 rethrow=0 return_oop=0}
                      ; - java.util.concurrent.locks.AbstractQueuedSynchronizer::signalNext@22
                      ; - java.util.concurrent.locks.AbstractQueuedSynchronizer::release@12
                      ; - java.util.concurrent.locks.ReentrantLock::unlock@5
                      ; - org.eclipse.osgi.storage.bundlefile.CloseableBundleFile::incrementReference@34 (line 455)
                      ; - org.eclipse.osgi.storage.bundlefile.CloseableBundleFile$BundleEntryInputStream::<init>@16 (line 513)
                      ; - org.eclipse.osgi.storage.bundlefile.CloseableBundleFile::getInputStream@37 (line 489)
                      ; - org.eclipse.osgi.storage.bundlefile.ZipBundleEntry::getInputStream@8 (line 58)
                      ; - org.eclipse.osgi.storage.bundlefile.BundleEntry::getBytes@1 (line 97)
                      ; - org.eclipse.osgi.internal.loader.classpath.ClasspathManager::findClassImpl@109 (line 681)
  0x000001c8391a4414: 68a7 75ff 

  0x000001c8391a4418: ;   {other}
  0x000001c8391a4418: 0f1f 8400 | 0843 0022 | 448b 5d18 | 498b d390 

  0x000001c8391a4428: ;   {static_call}
  0x000001c8391a4428: c5f8 77e8 

  0x000001c8391a442c: ; ImmutableOopMap {[32]=Oop [40]=Oop [48]=Oop [56]=Oop [96]=Oop [112]=Oop [120]=Oop [136]=Oop [144]=Oop }
                      ;*invokestatic unpark {reexecute=0 rethrow=0 return_oop=0}
                      ; - java.util.concurrent.locks.AbstractQueuedSynchronizer::signalNext@30
                      ; - java.util.concurrent.locks.AbstractQueuedSynchronizer::release@12
                      ; - java.util.concurrent.locks.ReentrantLock::unlock@5
                      ; - org.eclipse.osgi.storage.bundlefile.CloseableBundleFile::incrementReference@34 (line 455)
                      ; - org.eclipse.osgi.storage.bundlefile.CloseableBundleFile$BundleEntryInputStream::<init>@16 (line 513)
                      ; - org.eclipse.osgi.storage.bundlefile.CloseableBundleFile::getInputStream@37 (line 489)
                      ; - org.eclipse.osgi.storage.bundlefile.ZipBundleEntry::getInputStream@8 (line 58)
                      ; - org.eclipse.osgi.storage.bundlefile.BundleEntry::getBytes@1 (line 97)
                      ; - org.eclipse.osgi.internal.loader.classpath.ClasspathManager::findClassImpl@109 (line 681)
  0x000001c8391a442c: 50b1 75ff 

  0x000001c8391a4430: ;   {other}
  0x000001c8391a4430: 0f1f 8400 | 2043 0023 | 4c8b 4424 | 20e9 92ed | ffff 4c89 | 5424 584c | 8944 2450 | 498b e949 
  0x000001c8391a4450: 8bd1 6690 

  0x000001c8391a4454: ;   {optimized virtual_call}
  0x000001c8391a4454: c5f8 77e8 

  0x000001c8391a4458: ; ImmutableOopMap {rbp=Oop [32]=Oop [40]=Oop [48]=Oop [56]=Oop [64]=NarrowOop [68]=NarrowOop [72]=Oop [80]=Oop [88]=Oop [96]=Oop [112]=Oop [120]=Oop [128]=NarrowOop [136]=Oop [144]=Oop }
                      ;*invokevirtual hashCode {reexecute=0 rethrow=0 return_oop=0}
                      ; - java.util.WeakHashMap::hash@1
                      ; - java.util.WeakHashMap::put@7
                      ; - java.util.Collections$SetFromMap::add@8
                      ; - java.util.zip.ZipFile::getInputStream@231
                      ; - org.eclipse.osgi.storage.bundlefile.ZipBundleFile::doGetInputStream@5 (line 101)
                      ; - org.eclipse.osgi.storage.bundlefile.ZipBundleFile::doGetInputStream@5 (line 1)
                      ; - org.eclipse.osgi.storage.bundlefile.CloseableBundleFile::getInputStream@20 (line 487)
                      ; - org.eclipse.osgi.storage.bundlefile.ZipBundleEntry::getInputStream@8 (line 58)
                      ; - org.eclipse.osgi.storage.bundlefile.BundleEntry::getBytes@1 (line 97)
                      ; - org.eclipse.osgi.internal.loader.classpath.ClasspathManager::findClassImpl@109 (line 681)
  0x000001c8391a4458: e4de caff 

  0x000001c8391a445c: ;   {other}
  0x000001c8391a445c: 0f1f 8400 | 4c43 0024 | 4c8b cd4c | 8b44 2450 | 4c8b 5424 | 58e9 fae8 | ffff 4c8b | 5c24 2841 
  0x000001c8391a447c: c643 1101 | 4533 d233 | c98b 5c24 | 40e9 77ca 

  0x000001c8391a448c: ;   {metadata('java/util/LinkedHashMap')}
  0x000001c8391a448c: ffff 4181 | fbe8 a10f | 000f 85c5 | 2e00 004c | 896c 2448 | 4c8b 5424 | 204c 8954 | 2440 4c8b 
  0x000001c8391a44ac: 5424 304c | 8954 2428 | 498b d090 

  0x000001c8391a44b8: ;   {optimized virtual_call}
  0x000001c8391a44b8: c5f8 77e8 

  0x000001c8391a44bc: ; ImmutableOopMap {[40]=Oop [56]=Oop [64]=Oop [72]=Oop [112]=Oop [120]=Oop [128]=Oop }
                      ;*invokevirtual sequencedKeySet {reexecute=0 rethrow=0 return_oop=1}
                      ; - java.util.LinkedHashMap::keySet@1
                      ; - java.util.HashSet::iterator@4
                      ; - java.util.Collections$UnmodifiableCollection$1::<init>@17
                      ; - java.util.Collections$UnmodifiableCollection::iterator@5
                      ; - org.eclipse.osgi.internal.loader.classpath.ClasspathEntry::findEntry@4 (line 203)
                      ; - org.eclipse.osgi.internal.loader.classpath.ClasspathManager::findClassImpl@95 (line 675)
  0x000001c8391a44bc: c0a6 75ff 

  0x000001c8391a44c0: ;   {other}
  0x000001c8391a44c0: 0f1f 8400 | b043 0025 | 4c8b d848 | 85c0 0f84 | 6c2e 0000 | 4c8b 5424 | 284c 8954 | 2430 4c8b 
  0x000001c8391a44e0: 5424 404c | 8954 2420 | 4c8b 6c24 | 48e9 14ee 

  0x000001c8391a44f0: ;   {metadata('java/util/LinkedHashMap$LinkedKeySet')}
  0x000001c8391a44f0: ffff 4181 | fab0 6405 | 010f 857d | 2e00 004d | 8b87 b801 | 0000 4d8b | 97c8 0100 | 004d 8bc8 
  0x000001c8391a4510: 4983 c120 | 4d3b ca0f | 8387 2700 | 004d 898f | b801 0000 | 4d8b d049 | 83c2 1049 | c700 0100 
  0x000001c8391a4530: 0000 410f | 0d89 c000 

  0x000001c8391a4538: ;   {metadata('java/util/LinkedHashMap$LinkedKeyIterator')}
  0x000001c8391a4538: 0000 41c7 | 4008 f869 | 0501 4589 | 600c c5fd | efc0 62d1 | fe08 7f02 | 450f b64b | 0c45 8848 
  0x000001c8391a4558: 1041 8b6b | 1041 8968 | 1c45 85c9 | 0f85 322e | 0000 448b | 5d18 4589 | 580c 448b | 5534 4589 
  0x000001c8391a4578: 5014 4d8b | d049 c1ea | 0949 bb00 | 0072 2dc8 | 0100 0047 | 8824 13e9 | 36f0 ffff | 4889 5424 
  0x000001c8391a4598: 504c 8b44 | 2420 4c89 | 4424 4844 | 895c 2444 | 897c 2440 | 4489 5424 | 2c44 8974 | 2428 4c8b 
  0x000001c8391a45b8: 5424 784c | 8954 2420 | 488b 6c24 

  0x000001c8391a45c4: ;   {metadata('java/lang/String')}
  0x000001c8391a45c4: 7048 ba78 | e800 45c8 | 0100 0090 

  0x000001c8391a45d0: ;   {runtime_call _new_instance_Java}
  0x000001c8391a45d0: c5f8 77e8 

  0x000001c8391a45d4: ; ImmutableOopMap {rbp=Oop [32]=Oop [40]=NarrowOop [44]=NarrowOop [48]=Oop [56]=Oop [72]=Oop [80]=Oop [112]=Oop [120]=Oop }
                      ;*new {reexecute=0 rethrow=0 return_oop=1}
                      ; - java.lang.StringLatin1::newString@7
                      ; - java.lang.String::substring@41
                      ; - org.eclipse.osgi.internal.loader.BundleLoader::getPackageName@18 (line 145)
                      ; - org.eclipse.osgi.internal.debug.Debug::loaderWithClass@18 (line 286)
                      ; - org.eclipse.osgi.internal.loader.classpath.ClasspathManager::findClassImpl@5 (line 667)
  0x000001c8391a45d4: 2848 81ff 

  0x000001c8391a45d8: ;   {other}
  0x000001c8391a45d8: 0f1f 8400 | c844 0026 | 448b 7424 | 2844 8b54 | 242c 8b7c | 2440 448b | 5c24 444c | 8b4c 2448 
  0x000001c8391a45f8: 4c89 4c24 | 2048 8bd8 | 488b 5424 | 50e9 acc6 | ffff 4c8b | c589 4c24 | 5c48 8974 | 2460 4489 
  0x000001c8391a4618: 5c24 5889 | 7c24 5444 | 8954 2450 | 4c89 4c24 | 484c 8944 | 2440 4c8b | 5424 204c | 8954 2428 
  0x000001c8391a4638: ;   {metadata({type array byte})}
  0x000001c8391a4638: 48ba 1823 | 0045 c801 | 0000 448b | 4424 5c48 | 8944 2468 

  0x000001c8391a464c: ;   {runtime_call _new_array_Java}
  0x000001c8391a464c: c5f8 77e8 

  0x000001c8391a4650: ; ImmutableOopMap {[40]=Oop [48]=Oop [56]=Oop [64]=Oop [72]=Oop [112]=Oop [120]=Oop }
                      ;*invokevirtual allocateUninitializedArray0 {reexecute=0 rethrow=0 return_oop=1}
                      ; - jdk.internal.misc.Unsafe::allocateUninitializedArray@51
                      ; - java.lang.StringConcatHelper::newArray@33
                      ; - java.lang.StringConcatHelper::simpleConcat@61
                      ; - java.lang.String::concat@11
                      ; - org.eclipse.osgi.internal.loader.classpath.ClasspathManager::findClassImpl@87 (line 673)
  0x000001c8391a4650: 2c41 81ff 

  0x000001c8391a4654: ;   {other}
  0x000001c8391a4654: 0f1f 8400 | 4445 0027 | 4c8b 5424 | 284c 8954 | 2420 488b | 6c24 404c | 8b4c 2448 | 448b 5424 
  0x000001c8391a4674: 508b 7c24 | 5444 8b5c | 2458 488b | 7424 608b | 4c24 5c48 | 8bd8 e96e | cdff ff48 | 895c 2440 
  0x000001c8391a4694: 4c8b 5424 | 204c 8954 

  0x000001c8391a469c: ;   {metadata('java/lang/String')}
  0x000001c8391a469c: 2428 48ba | 78e8 0045 | c801 0000 

  0x000001c8391a46a8: ;   {runtime_call _new_instance_Java}
  0x000001c8391a46a8: c5f8 77e8 

  0x000001c8391a46ac: ; ImmutableOopMap {[40]=Oop [48]=Oop [56]=Oop [64]=Oop [112]=Oop [120]=Oop }
                      ;*new {reexecute=0 rethrow=0 return_oop=1}
                      ; - java.lang.StringConcatHelper::newString@6
                      ; - java.lang.StringConcatHelper::simpleConcat@90
                      ; - java.lang.String::concat@11
                      ; - org.eclipse.osgi.internal.loader.classpath.ClasspathManager::findClassImpl@87 (line 673)
  0x000001c8391a46ac: 5047 81ff 

  0x000001c8391a46b0: ;   {other}
  0x000001c8391a46b0: 0f1f 8400 | a045 0028 | 4c8b 5424 | 284c 8954 | 2420 488b | 5c24 40e9 | f9cd ffff | 4489 5c24 
  0x000001c8391a46d0: 5889 7c24 | 5444 894c | 2450 4489 | 5424 4c4c | 8b54 2420 | 4c89 5424 | 4048 8be9 | 894c 2448 
  0x000001c8391a46f0: ;   {metadata({type array byte})}
  0x000001c8391a46f0: 48ba 1823 | 0045 c801 | 0000 448b | 4424 4c90 

  0x000001c8391a4700: ;   {runtime_call _new_array_Java}
  0x000001c8391a4700: c5f8 77e8 

  0x000001c8391a4704: ; ImmutableOopMap {rbp=Oop [48]=Oop [56]=Oop [64]=Oop [72]=NarrowOop [112]=Oop [120]=Oop }
                      ;*invokevirtual allocateUninitializedArray0 {reexecute=0 rethrow=0 return_oop=1}
                      ; - jdk.internal.misc.Unsafe::allocateUninitializedArray@51
                      ; - java.lang.StringConcatHelper::newArray@33
                      ; - java.lang.StringLatin1::replace@49
                      ; - java.lang.String::replace@18
                      ; - org.eclipse.osgi.internal.loader.classpath.ClasspathManager::findClassImpl@81 (line 673)
  0x000001c8391a4704: 7840 81ff 

  0x000001c8391a4708: ;   {other}
  0x000001c8391a4708: 0f1f 8400 | f845 0029 | 4c8b 5424 | 404c 8954 | 2420 8b4c | 2448 448b | 5424 4c44 | 8b4c 2450 
  0x000001c8391a4728: 8b7c 2454 | 448b 5c24 | 584c 8bc0 | e9d4 c9ff 

  0x000001c8391a4738: ;   {metadata('java/lang/String')}
  0x000001c8391a4738: ff48 ba78 | e800 45c8 | 0100 004c | 8944 2458 

  0x000001c8391a4748: ;   {runtime_call _new_instance_Java}
  0x000001c8391a4748: c5f8 77e8 

  0x000001c8391a474c: ; ImmutableOopMap {[32]=Oop [48]=Oop [56]=Oop [88]=Oop [112]=Oop [120]=Oop }
                      ;*new {reexecute=0 rethrow=0 return_oop=1}
                      ; - java.lang.StringLatin1::replace@116
                      ; - java.lang.String::replace@18
                      ; - org.eclipse.osgi.internal.loader.classpath.ClasspathManager::findClassImpl@81 (line 673)
  0x000001c8391a474c: b046 81ff 

  0x000001c8391a4750: ;   {other}
  0x000001c8391a4750: 0f1f 8400 | 4046 002a | 4c8b c84c | 8b44 2458 | e9c6 cbff | ff4c 8944 | 2468 4889 | 4c24 604c 
  0x000001c8391a4770: 894c 2458 | 4c8b d248 | 895c 2450 | 4c8b 4424 | 204c 8944 | 2448 4489 | 5c24 4444 | 8974 2440 
  0x000001c8391a4790: 4c8b 5c24 | 784c 895c | 2428 4c8b | 5c24 704c | 895c 2420 

  0x000001c8391a47a4: ;   {metadata({type array byte})}
  0x000001c8391a47a4: 48ba 1823 | 0045 c801 | 0000 448b | 4424 444c | 8954 2470 

  0x000001c8391a47b8: ;   {runtime_call _new_array_nozero_Java}
  0x000001c8391a47b8: c5f8 77e8 

  0x000001c8391a47bc: ; ImmutableOopMap {rbp=Oop [88]=Derived_oop_rbp [32]=Oop [40]=Oop [48]=Oop [56]=Oop [64]=NarrowOop [72]=Oop [80]=Oop [112]=Oop }
                      ;*newarray {reexecute=0 rethrow=0 return_oop=1}
                      ; - java.util.Arrays::copyOfRangeByte@10
                      ; - java.util.Arrays::copyOfRange@13
                      ; - java.lang.StringLatin1::newString@16
                      ; - java.lang.String::substring@41
                      ; - org.eclipse.osgi.internal.loader.BundleLoader::getPackageName@18 (line 145)
                      ; - org.eclipse.osgi.internal.debug.Debug::loaderWithClass@18 (line 286)
                      ; - org.eclipse.osgi.internal.loader.classpath.ClasspathManager::findClassImpl@5 (line 667)
  0x000001c8391a47bc: 4082 81ff 

  0x000001c8391a47c0: ;   {other}
  0x000001c8391a47c0: 0f1f 8400 | b046 002b | 4c8b 5c24 | 204c 895c | 2470 4c8b | 5c24 284c | 895c 2478 | 448b 7424 
  0x000001c8391a47e0: 4044 8b5c | 2444 4c8b | 4424 484c | 8944 2420 | 488b 5c24 | 504c 8b4c | 2458 488b | 4c24 604c 
  0x000001c8391a4800: 8b44 2468 | 488b f0e9 | f3c5 ffff | 4489 5424 | 504c 895c | 2448 4c8b | 5424 204c | 8954 2440 
  0x000001c8391a4820: 498b d390 

  0x000001c8391a4824: ;   {optimized virtual_call}
  0x000001c8391a4824: c5f8 77e8 

  0x000001c8391a4828: ; ImmutableOopMap {rbp=Oop [48]=Oop [56]=Oop [64]=Oop [72]=Oop [112]=Oop [120]=Oop }
                      ;*invokevirtual equals {reexecute=0 rethrow=0 return_oop=0}
                      ; - java.util.HashMap::getNode@128
                      ; - java.util.HashMap::containsKey@2
                      ; - java.util.HashSet::contains@5
                      ; - java.util.Collections$UnmodifiableCollection::contains@5
                      ; - org.eclipse.osgi.internal.debug.Debug::loaderWithClass@27 (line 287)
                      ; - org.eclipse.osgi.internal.loader.classpath.ClasspathManager::findClassImpl@5 (line 667)
  0x000001c8391a4828: 54a3 75ff 

  0x000001c8391a482c: ;   {other}
  0x000001c8391a482c: 0f1f 8400 | 1c47 002c | 85c0 0f84 | c22b 0000 | 4c8b 5424 | 404c 8954 | 2420 e92e | eeff ff44 
  0x000001c8391a484c: 8b9c 2498 | 0000 0041 | d1e3 488b | 5424 6845 | 8bc3 6690 

  0x000001c8391a4860: ;   {optimized virtual_call}
  0x000001c8391a4860: c5f8 77e8 

  0x000001c8391a4864: ; ImmutableOopMap {rbp=Oop [32]=Oop [40]=Oop [48]=Oop [56]=Oop [64]=NarrowOop [68]=NarrowOop [72]=Oop [80]=Oop [96]=Oop [112]=Oop [120]=Oop [128]=NarrowOop [136]=Oop [144]=Oop }
                      ;*invokevirtual resize {reexecute=0 rethrow=0 return_oop=0}
                      ; - java.util.WeakHashMap::put@155
                      ; - java.util.Collections$SetFromMap::add@8
                      ; - java.util.zip.ZipFile::getInputStream@231
                      ; - org.eclipse.osgi.storage.bundlefile.ZipBundleFile::doGetInputStream@5 (line 101)
                      ; - org.eclipse.osgi.storage.bundlefile.ZipBundleFile::doGetInputStream@5 (line 1)
                      ; - org.eclipse.osgi.storage.bundlefile.CloseableBundleFile::getInputStream@20 (line 487)
                      ; - org.eclipse.osgi.storage.bundlefile.ZipBundleEntry::getInputStream@8 (line 58)
                      ; - org.eclipse.osgi.storage.bundlefile.BundleEntry::getBytes@1 (line 97)
                      ; - org.eclipse.osgi.internal.loader.classpath.ClasspathManager::findClassImpl@109 (line 681)
  0x000001c8391a4864: 18a3 75ff 

  0x000001c8391a4868: ;   {other}
  0x000001c8391a4868: 0f1f 8400 | 5847 002d | e9d8 e6ff | ff89 5424 | 5844 894c | 2454 4489 | 7424 504c | 8b9c 2490 
  0x000001c8391a4888: 0000 004c | 895c 2448 | 4c8b 9c24 | 8800 0000 | 4c89 5c24 | 4048 8b6c | 2420 498b | d041 b801 
  0x000001c8391a48a8: 0000 0090 

  0x000001c8391a48ac: ;   {optimized virtual_call}
  0x000001c8391a48ac: c5f8 77e8 

  0x000001c8391a48b0: ; ImmutableOopMap {rbp=Oop [40]=Oop [48]=Oop [56]=Oop [64]=Oop [72]=Oop [80]=NarrowOop [84]=NarrowOop [88]=NarrowOop [96]=Oop [112]=Oop [120]=Oop [136]=Oop [144]=Oop }
                      ;*invokevirtual acquire {reexecute=0 rethrow=0 return_oop=0}
                      ; - java.util.concurrent.locks.ReentrantLock$Sync::lock@9
                      ; - java.util.concurrent.locks.ReentrantLock::lock@4
                      ; - org.eclipse.osgi.storage.bundlefile.CloseableBundleFile::lockOpen@4 (line 85)
                      ; - org.eclipse.osgi.storage.bundlefile.CloseableBundleFile::getInputStream@1 (line 483)
                      ; - org.eclipse.osgi.storage.bundlefile.ZipBundleEntry::getInputStream@8 (line 58)
                      ; - org.eclipse.osgi.storage.bundlefile.BundleEntry::getBytes@1 (line 97)
                      ; - org.eclipse.osgi.internal.loader.classpath.ClasspathManager::findClassImpl@109 (line 681)
  0x000001c8391a48b0: cca6 a9f9 

  0x000001c8391a48b4: ;   {other}
  0x000001c8391a48b4: 0f1f 8400 | a447 002e | 4889 6c24 | 2044 8b74 | 2450 448b | 4c24 548b | 5424 58e9 | 47d6 ffff 
  0x000001c8391a48d4: 4c89 4424 | 4044 8954 | 2420 488b | eb48 8bd1 | 41b8 0100 | 0000 6690 

  0x000001c8391a48ec: ;   {optimized virtual_call}
  0x000001c8391a48ec: c5f8 77e8 

  0x000001c8391a48f0: ; ImmutableOopMap {rbp=Oop [32]=NarrowOop [40]=Oop [48]=Oop [56]=Oop [64]=Oop [96]=Oop [112]=Oop [120]=Oop [136]=Oop [144]=Oop }
                      ;*invokevirtual acquire {reexecute=0 rethrow=0 return_oop=0}
                      ; - java.util.concurrent.locks.ReentrantLock$Sync::lock@9
                      ; - java.util.concurrent.locks.ReentrantLock::lock@4
                      ; - org.eclipse.osgi.storage.bundlefile.CloseableBundleFile::incrementReference@4 (line 451)
                      ; - org.eclipse.osgi.storage.bundlefile.CloseableBundleFile$BundleEntryInputStream::<init>@16 (line 513)
                      ; - org.eclipse.osgi.storage.bundlefile.CloseableBundleFile::getInputStream@37 (line 489)
                      ; - org.eclipse.osgi.storage.bundlefile.ZipBundleEntry::getInputStream@8 (line 58)
                      ; - org.eclipse.osgi.storage.bundlefile.BundleEntry::getBytes@1 (line 97)
                      ; - org.eclipse.osgi.internal.loader.classpath.ClasspathManager::findClassImpl@109 (line 681)
  0x000001c8391a48f0: 8ca2 75ff 

  0x000001c8391a48f4: ;   {other}
  0x000001c8391a48f4: 0f1f 8400 | e447 002f | 488b dd44 | 8b54 2420 | 4c8b 4424 | 40e9 77e8 | ffff 4c89 | 4424 604c 
  0x000001c8391a4914: 894c 2458 | 4c8b ca48 | 895c 2450 | 4c8b 5c24 | 204c 895c | 2448 4489 | 5424 4444 | 8974 2440 
  0x000001c8391a4934: 4c8b 5424 | 784c 8954 | 2428 4c8b | 5424 704c | 8954 2420 

  0x000001c8391a4948: ;   {metadata({type array byte})}
  0x000001c8391a4948: 48ba 1823 | 0045 c801 | 0000 448b | c74c 894c | 2468 6690 

  0x000001c8391a495c: ;   {runtime_call _new_array_nozero_Java}
  0x000001c8391a495c: c5f8 77e8 

  0x000001c8391a4960: ; ImmutableOopMap {rbp=Oop [88]=Derived_oop_rbp [32]=Oop [40]=Oop [48]=Oop [56]=Oop [64]=NarrowOop [68]=NarrowOop [72]=Oop [80]=Oop [104]=Oop [120]=Oop }
                      ;*invokevirtual clone {reexecute=1 rethrow=0 return_oop=1}
                      ; - (reexecute) java.util.Arrays::copyOfRange@18
                      ; - java.lang.StringLatin1::newString@16
                      ; - java.lang.String::substring@41
                      ; - org.eclipse.osgi.internal.loader.BundleLoader::getPackageName@18 (line 145)
                      ; - org.eclipse.osgi.internal.debug.Debug::loaderWithClass@18 (line 286)
                      ; - org.eclipse.osgi.internal.loader.classpath.ClasspathManager::findClassImpl@5 (line 667)
  0x000001c8391a4960: 9c80 81ff 

  0x000001c8391a4964: ;   {other}
  0x000001c8391a4964: 0f1f 8400 | 5448 0030 | 4c8b 5c24 | 204c 895c | 2470 448b | 7424 404c | 8b5c 2448 | 4c89 5c24 
  0x000001c8391a4984: 2048 8b5c | 2450 4c8b | 4c24 584c | 8b44 2460 | 488b f0e9 | 92c3 ffff | 418b 6b0c | 85ed 0f84 
  0x000001c8391a49a4: fc2a 0000 | 4c8b d54d | 3bc2 0f84 | 33f3 ffff | 33ed 4d3b | c240 0f94 | c5ba 45ff | ffff 4c8b 
  0x000001c8391a49c4: 5424 704c | 8954 2420 | 4c8b 5424 | 784c 8954 | 2458 4c8b | 9424 8800 | 0000 4c89 | 5424 604c 
  0x000001c8391a49e4: 8b94 2490 | 0000 004c | 8954 2470 | 4c89 8424 | 9800 0000 | 448b 9c24 | 8400 0000 | 4489 5c24 
  0x000001c8391a4a04: 4489 9c24 | 8000 0000 | 89bc 2484 | 0000 004c | 898c 24a0 | 0000 0090 

  0x000001c8391a4a1c: ;   {runtime_call UncommonTrapBlob}
  0x000001c8391a4a1c: c5f8 77e8 

  0x000001c8391a4a20: ; ImmutableOopMap {[32]=Oop [40]=Oop [48]=Oop [56]=Oop [64]=NarrowOop [72]=Oop [80]=Oop [88]=Oop [96]=Oop [104]=Oop [112]=Oop [128]=NarrowOop [152]=Oop [160]=Oop }
                      ;*ifeq {reexecute=1 rethrow=0 return_oop=0}
                      ; - (reexecute) java.util.WeakHashMap::matchesKey@24
                      ; - java.util.WeakHashMap::put@54
                      ; - java.util.Collections$SetFromMap::add@8
                      ; - java.util.zip.ZipFile::getInputStream@231
                      ; - org.eclipse.osgi.storage.bundlefile.ZipBundleFile::doGetInputStream@5 (line 101)
                      ; - org.eclipse.osgi.storage.bundlefile.ZipBundleFile::doGetInputStream@5 (line 1)
                      ; - org.eclipse.osgi.storage.bundlefile.CloseableBundleFile::getInputStream@20 (line 487)
                      ; - org.eclipse.osgi.storage.bundlefile.ZipBundleEntry::getInputStream@8 (line 58)
                      ; - org.eclipse.osgi.storage.bundlefile.BundleEntry::getBytes@1 (line 97)
                      ; - org.eclipse.osgi.internal.loader.classpath.ClasspathManager::findClassImpl@109 (line 681)
  0x000001c8391a4a20: dc22 76ff 

  0x000001c8391a4a24: ;   {other}
  0x000001c8391a4a24: 0f1f 8400 | 1449 0031 | 418b 6a14 | 85ed 0f84 | f8ef ffff | 448b 5d0c | 4585 db0f | 84eb efff 
  0x000001c8391a4a44: ff4c 8bd5 | 498b d241 | b801 0000 | 004c 8994 | 24c8 0000 | 0066 6690 

  0x000001c8391a4a5c: ;   {optimized virtual_call}
  0x000001c8391a4a5c: c5f8 77e8 

  0x000001c8391a4a60: ; ImmutableOopMap {rbp=NarrowOop [32]=Oop [40]=Oop [48]=Oop [56]=Oop [64]=NarrowOop [68]=NarrowOop [72]=Oop [80]=Oop [88]=Oop [96]=Oop [104]=Oop [112]=Oop [120]=Oop [128]=NarrowOop [136]=Oop [144]=Oop [152]=Oop [200]=Oop }
                      ;*invokevirtual getAndUnsetStatus {reexecute=0 rethrow=0 return_oop=0}
                      ; - java.util.concurrent.locks.AbstractQueuedSynchronizer::signalNext@22
                      ; - java.util.concurrent.locks.AbstractQueuedSynchronizer::release@12
                      ; - java.util.concurrent.locks.ReentrantLock::unlock@5
                      ; - java.lang.ref.ReferenceQueue::poll@25
                      ; - java.util.WeakHashMap::expungeStaleEntries@4
                      ; - java.util.WeakHashMap::getTable@1
                      ; - java.util.WeakHashMap::put@13
                      ; - java.util.Collections$SetFromMap::add@8
                      ; - java.util.zip.ZipFile::getInputStream@231
                      ; - org.eclipse.osgi.storage.bundlefile.ZipBundleFile::doGetInputStream@5 (line 101)
                      ; - org.eclipse.osgi.storage.bundlefile.ZipBundleFile::doGetInputStream@5 (line 1)
                      ; - org.eclipse.osgi.storage.bundlefile.CloseableBundleFile::getInputStream@20 (line 487)
                      ; - org.eclipse.osgi.storage.bundlefile.ZipBundleEntry::getInputStream@8 (line 58)
                      ; - org.eclipse.osgi.storage.bundlefile.BundleEntry::getBytes@1 (line 97)
                      ; - org.eclipse.osgi.internal.loader.classpath.ClasspathManager::findClassImpl@109 (line 681)
  0x000001c8391a4a60: 1ca1 75ff 

  0x000001c8391a4a64: ;   {other}
  0x000001c8391a4a64: 0f1f 8400 | 5449 0032 | 448b 5518 | 498b d290 

  0x000001c8391a4a74: ;   {static_call}
  0x000001c8391a4a74: c5f8 77e8 

  0x000001c8391a4a78: ; ImmutableOopMap {[32]=Oop [40]=Oop [48]=Oop [56]=Oop [64]=NarrowOop [68]=NarrowOop [72]=Oop [80]=Oop [88]=Oop [96]=Oop [104]=Oop [112]=Oop [120]=Oop [128]=NarrowOop [136]=Oop [144]=Oop [152]=Oop }
                      ;*invokestatic unpark {reexecute=0 rethrow=0 return_oop=0}
                      ; - java.util.concurrent.locks.AbstractQueuedSynchronizer::signalNext@30
                      ; - java.util.concurrent.locks.AbstractQueuedSynchronizer::release@12
                      ; - java.util.concurrent.locks.ReentrantLock::unlock@5
                      ; - java.lang.ref.ReferenceQueue::poll@25
                      ; - java.util.WeakHashMap::expungeStaleEntries@4
                      ; - java.util.WeakHashMap::getTable@1
                      ; - java.util.WeakHashMap::put@13
                      ; - java.util.Collections$SetFromMap::add@8
                      ; - java.util.zip.ZipFile::getInputStream@231
                      ; - org.eclipse.osgi.storage.bundlefile.ZipBundleFile::doGetInputStream@5 (line 101)
                      ; - org.eclipse.osgi.storage.bundlefile.ZipBundleFile::doGetInputStream@5 (line 1)
                      ; - org.eclipse.osgi.storage.bundlefile.CloseableBundleFile::getInputStream@20 (line 487)
                      ; - org.eclipse.osgi.storage.bundlefile.ZipBundleEntry::getInputStream@8 (line 58)
                      ; - org.eclipse.osgi.storage.bundlefile.BundleEntry::getBytes@1 (line 97)
                      ; - org.eclipse.osgi.internal.loader.classpath.ClasspathManager::findClassImpl@109 (line 681)
  0x000001c8391a4a78: 04ab 75ff 

  0x000001c8391a4a7c: ;   {other}
  0x000001c8391a4a7c: 0f1f 8400 | 6c49 0033 | 488b 4c24 | 20e9 a2ef | ffff 8944 | 2458 4489 | 4424 5444 | 895c 2450 
  0x000001c8391a4a9c: 4c89 5424 | 4889 5424 | 4444 8974 | 2440 488b 

  0x000001c8391a4aac: ;   {metadata('java/util/zip/ZipFile$ZipFileInputStream')}
  0x000001c8391a4aac: 6c24 2048 | baa0 9931 | 45c8 0100 | 0066 6690 

  0x000001c8391a4abc: ;   {runtime_call _new_instance_Java}
  0x000001c8391a4abc: c5f8 77e8 

  0x000001c8391a4ac0: ; ImmutableOopMap {rbp=Oop [40]=Oop [48]=Oop [56]=Oop [64]=NarrowOop [68]=NarrowOop [72]=Oop [80]=NarrowOop [84]=NarrowOop [96]=Oop [112]=Oop [120]=Oop [136]=Oop [144]=Oop }
                      ;*new {reexecute=0 rethrow=0 return_oop=1}
                      ; - java.util.zip.ZipFile::getInputStream@77
                      ; - org.eclipse.osgi.storage.bundlefile.ZipBundleFile::doGetInputStream@5 (line 101)
                      ; - org.eclipse.osgi.storage.bundlefile.ZipBundleFile::doGetInputStream@5 (line 1)
                      ; - org.eclipse.osgi.storage.bundlefile.CloseableBundleFile::getInputStream@20 (line 487)
                      ; - org.eclipse.osgi.storage.bundlefile.ZipBundleEntry::getInputStream@8 (line 58)
                      ; - org.eclipse.osgi.storage.bundlefile.BundleEntry::getBytes@1 (line 97)
                      ; - org.eclipse.osgi.internal.loader.classpath.ClasspathManager::findClassImpl@109 (line 681)
  0x000001c8391a4ac0: 3c43 81ff 

  0x000001c8391a4ac4: ;   {other}
  0x000001c8391a4ac4: 0f1f 8400 | b449 0034 | 4c8b c848 | 896c 2420 | 448b 7424 | 408b 5424 | 444c 8b54 | 2448 448b 
  0x000001c8391a4ae4: 5c24 5044 | 8b44 2454 | 8b44 2458 | 498b d9e9 | 3ed8 ffff 

  0x000001c8391a4af8: ;   {metadata('java/util/zip/ZipFile$ZipFileInflaterInputStream')}
  0x000001c8391a4af8: 48ba c0a4 | 3145 c801 | 0000 6690 

  0x000001c8391a4b04: ;   {runtime_call _new_instance_Java}
  0x000001c8391a4b04: c5f8 77e8 

  0x000001c8391a4b08: ; ImmutableOopMap {[32]=Oop [40]=Oop [48]=Oop [56]=Oop [64]=NarrowOop [68]=NarrowOop [72]=Oop [80]=NarrowOop [88]=Oop [96]=Oop [104]=NarrowOop [112]=Oop [120]=Oop [136]=Oop [144]=Oop }
                      ;*new {reexecute=0 rethrow=0 return_oop=1}
                      ; - java.util.zip.ZipFile::getInputStream@203
                      ; - org.eclipse.osgi.storage.bundlefile.ZipBundleFile::doGetInputStream@5 (line 101)
                      ; - org.eclipse.osgi.storage.bundlefile.ZipBundleFile::doGetInputStream@5 (line 1)
                      ; - org.eclipse.osgi.storage.bundlefile.CloseableBundleFile::getInputStream@20 (line 487)
                      ; - org.eclipse.osgi.storage.bundlefile.ZipBundleEntry::getInputStream@8 (line 58)
                      ; - org.eclipse.osgi.storage.bundlefile.BundleEntry::getBytes@1 (line 97)
                      ; - org.eclipse.osgi.internal.loader.classpath.ClasspathManager::findClassImpl@109 (line 681)
  0x000001c8391a4b08: f442 81ff 

  0x000001c8391a4b0c: ;   {other}
  0x000001c8391a4b0c: 0f1f 8400 | fc49 0035 | e941 daff 

  0x000001c8391a4b18: ;   {metadata({type array byte})}
  0x000001c8391a4b18: ff48 ba18 | 2300 45c8 | 0100 0041 | b801 0000 | 0066 6690 

  0x000001c8391a4b2c: ;   {runtime_call _new_array_Java}
  0x000001c8391a4b2c: c5f8 77e8 

  0x000001c8391a4b30: ; ImmutableOopMap {[32]=Oop [40]=Oop [48]=Oop [56]=Oop [64]=NarrowOop [68]=NarrowOop [72]=Oop [80]=NarrowOop [84]=NarrowOop [88]=Oop [96]=Oop [112]=Oop [120]=Oop [128]=Oop [136]=Oop [144]=Oop [168]=Oop [208]=Oop }
                      ;*newarray {reexecute=0 rethrow=0 return_oop=1}
                      ; - java.util.zip.InflaterInputStream::<init>@22
                      ; - java.util.zip.ZipFile$ZipFileInflaterInputStream::<init>@11
                      ; - java.util.zip.ZipFile$ZipFileInflaterInputStream::<init>@10
                      ; - java.util.zip.ZipFile::getInputStream@216
                      ; - org.eclipse.osgi.storage.bundlefile.ZipBundleFile::doGetInputStream@5 (line 101)
                      ; - org.eclipse.osgi.storage.bundlefile.ZipBundleFile::doGetInputStream@5 (line 1)
                      ; - org.eclipse.osgi.storage.bundlefile.CloseableBundleFile::getInputStream@20 (line 487)
                      ; - org.eclipse.osgi.storage.bundlefile.ZipBundleEntry::getInputStream@8 (line 58)
                      ; - org.eclipse.osgi.storage.bundlefile.BundleEntry::getBytes@1 (line 97)
                      ; - org.eclipse.osgi.internal.loader.classpath.ClasspathManager::findClassImpl@109 (line 681)
  0x000001c8391a4b30: 4c3c 81ff 

  0x000001c8391a4b34: ;   {other}
  0x000001c8391a4b34: 0f1f 8400 | 244a 0036 | e9bc dcff 

  0x000001c8391a4b40: ;   {metadata('java/util/zip/ZipFile$InflaterCleanupAction')}
  0x000001c8391a4b40: ff48 ba98 | d031 45c8 | 0100 004c | 8b94 24a8 | 0000 004c | 8994 24a0 | 0000 0090 

  0x000001c8391a4b5c: ;   {runtime_call _new_instance_Java}
  0x000001c8391a4b5c: c5f8 77e8 

  0x000001c8391a4b60: ; ImmutableOopMap {rbp=NarrowOop [32]=Oop [40]=Oop [48]=Oop [56]=Oop [64]=NarrowOop [68]=NarrowOop [72]=Oop [80]=NarrowOop [84]=NarrowOop [88]=Oop [96]=Oop [112]=Oop [120]=Oop [136]=Oop [144]=Oop [160]=Oop [208]=Oop }
                      ;*new {reexecute=0 rethrow=0 return_oop=1}
                      ; - java.util.zip.ZipFile$ZipFileInflaterInputStream::<init>@24
                      ; - java.util.zip.ZipFile$ZipFileInflaterInputStream::<init>@10
                      ; - java.util.zip.ZipFile::getInputStream@216
                      ; - org.eclipse.osgi.storage.bundlefile.ZipBundleFile::doGetInputStream@5 (line 101)
                      ; - org.eclipse.osgi.storage.bundlefile.ZipBundleFile::doGetInputStream@5 (line 1)
                      ; - org.eclipse.osgi.storage.bundlefile.CloseableBundleFile::getInputStream@20 (line 487)
                      ; - org.eclipse.osgi.storage.bundlefile.ZipBundleEntry::getInputStream@8 (line 58)
                      ; - org.eclipse.osgi.storage.bundlefile.BundleEntry::getBytes@1 (line 97)
                      ; - org.eclipse.osgi.internal.loader.classpath.ClasspathManager::findClassImpl@109 (line 681)
  0x000001c8391a4b60: 9c42 81ff 

  0x000001c8391a4b64: ;   {other}
  0x000001c8391a4b64: 0f1f 8400 | 544a 0037 | 4c8b c8e9 | 4fde ffff 

  0x000001c8391a4b74: ;   {metadata('jdk/internal/ref/CleanerImpl$PhantomCleanableRef')}
  0x000001c8391a4b74: 498b e948 | ba30 4425 | 45c8 0100 | 0066 6690 

  0x000001c8391a4b84: ;   {runtime_call _new_instance_Java}
  0x000001c8391a4b84: c5f8 77e8 

  0x000001c8391a4b88: ; ImmutableOopMap {rbp=Oop [32]=Oop [40]=Oop [48]=Oop [56]=Oop [64]=NarrowOop [68]=NarrowOop [72]=Oop [80]=NarrowOop [88]=Oop [96]=Oop [112]=Oop [120]=Oop [136]=Oop [144]=Oop }
                      ;*new {reexecute=0 rethrow=0 return_oop=1}
                      ; - java.lang.ref.Cleaner::register@14
                      ; - java.util.zip.ZipFile$ZipFileInflaterInputStream::<init>@34
                      ; - java.util.zip.ZipFile$ZipFileInflaterInputStream::<init>@10
                      ; - java.util.zip.ZipFile::getInputStream@216
                      ; - org.eclipse.osgi.storage.bundlefile.ZipBundleFile::doGetInputStream@5 (line 101)
                      ; - org.eclipse.osgi.storage.bundlefile.ZipBundleFile::doGetInputStream@5 (line 1)
                      ; - org.eclipse.osgi.storage.bundlefile.CloseableBundleFile::getInputStream@20 (line 487)
                      ; - org.eclipse.osgi.storage.bundlefile.ZipBundleEntry::getInputStream@8 (line 58)
                      ; - org.eclipse.osgi.storage.bundlefile.BundleEntry::getBytes@1 (line 97)
                      ; - org.eclipse.osgi.internal.loader.classpath.ClasspathManager::findClassImpl@109 (line 681)
  0x000001c8391a4b88: 7442 81ff 

  0x000001c8391a4b8c: ;   {other}
  0x000001c8391a4b8c: 0f1f 8400 | 7c4a 0038 | 4c8b cd4c | 8bc0 e982 

  0x000001c8391a4b9c: ;   {metadata({type array byte})}
  0x000001c8391a4b9c: deff ff48 | ba18 2300 | 45c8 0100 | 0045 8bc2 

  0x000001c8391a4bac: ;   {runtime_call _new_array_Java}
  0x000001c8391a4bac: c5f8 77e8 

  0x000001c8391a4bb0: ; ImmutableOopMap {rbp=NarrowOop [32]=Oop [40]=Oop [48]=Oop [56]=Oop [64]=NarrowOop [68]=NarrowOop [72]=Oop [80]=NarrowOop [84]=NarrowOop [88]=Oop [96]=Oop [112]=Oop [120]=Oop [136]=Oop [144]=Oop [168]=Oop [208]=Oop }
                      ;*newarray {reexecute=0 rethrow=0 return_oop=1}
                      ; - java.util.zip.InflaterInputStream::<init>@64
                      ; - java.util.zip.ZipFile$ZipFileInflaterInputStream::<init>@11
                      ; - java.util.zip.ZipFile$ZipFileInflaterInputStream::<init>@10
                      ; - java.util.zip.ZipFile::getInputStream@216
                      ; - org.eclipse.osgi.storage.bundlefile.ZipBundleFile::doGetInputStream@5 (line 101)
                      ; - org.eclipse.osgi.storage.bundlefile.ZipBundleFile::doGetInputStream@5 (line 1)
                      ; - org.eclipse.osgi.storage.bundlefile.CloseableBundleFile::getInputStream@20 (line 487)
                      ; - org.eclipse.osgi.storage.bundlefile.ZipBundleEntry::getInputStream@8 (line 58)
                      ; - org.eclipse.osgi.storage.bundlefile.BundleEntry::getBytes@1 (line 97)
                      ; - org.eclipse.osgi.internal.loader.classpath.ClasspathManager::findClassImpl@109 (line 681)
  0x000001c8391a4bb0: cc3b 81ff 

  0x000001c8391a4bb4: ;   {other}
  0x000001c8391a4bb4: 0f1f 8400 | a44a 0039 | 488b d8e9 | 8ddd ffff 

  0x000001c8391a4bc4: ;   {metadata('org/eclipse/osgi/storage/bundlefile/CloseableBundleFile$BundleEntryInputStream')}
  0x000001c8391a4bc4: 418b ea48 | baa8 2a0b | 46c8 0100 | 004c 8984 | 2498 0000 | 0066 6690 

  0x000001c8391a4bdc: ;   {runtime_call _new_instance_Java}
  0x000001c8391a4bdc: c5f8 77e8 

  0x000001c8391a4be0: ; ImmutableOopMap {rbp=NarrowOop [32]=Oop [40]=Oop [48]=Oop [56]=Oop [68]=NarrowOop [96]=Oop [112]=Oop [120]=Oop [128]=NarrowOop [136]=Oop [144]=Oop [152]=Oop }
                      ;*new {reexecute=0 rethrow=0 return_oop=1}
                      ; - org.eclipse.osgi.storage.bundlefile.CloseableBundleFile::getInputStream@31 (line 489)
                      ; - org.eclipse.osgi.storage.bundlefile.ZipBundleEntry::getInputStream@8 (line 58)
                      ; - org.eclipse.osgi.storage.bundlefile.BundleEntry::getBytes@1 (line 97)
                      ; - org.eclipse.osgi.internal.loader.classpath.ClasspathManager::findClassImpl@109 (line 681)
  0x000001c8391a4be0: 1c42 81ff 

  0x000001c8391a4be4: ;   {other}
  0x000001c8391a4be4: 0f1f 8400 | d44a 003a | 448b d5e9 | 01e5 ffff 

  0x000001c8391a4bf4: ;   {metadata('java/util/WeakHashMap$Entry')}
  0x000001c8391a4bf4: 48ba 38bc | 2045 c801 | 0000 89bc | 24d0 0000 | 0066 6690 

  0x000001c8391a4c08: ;   {runtime_call _new_instance_Java}
  0x000001c8391a4c08: c5f8 77e8 

  0x000001c8391a4c0c: ; ImmutableOopMap {rbp=Oop [32]=Oop [40]=Oop [48]=Oop [56]=Oop [64]=NarrowOop [68]=NarrowOop [72]=Oop [80]=Oop [88]=Oop [96]=Oop [104]=Oop [112]=Oop [120]=Oop [128]=NarrowOop [136]=Oop [144]=Oop [156]=NarrowOop [160]=Oop [168]=Derived_oop_[160] }
                      ;*new {reexecute=0 rethrow=0 return_oop=1}
                      ; - java.util.WeakHashMap::put@113
                      ; - java.util.Collections$SetFromMap::add@8
                      ; - java.util.zip.ZipFile::getInputStream@231
                      ; - org.eclipse.osgi.storage.bundlefile.ZipBundleFile::doGetInputStream@5 (line 101)
                      ; - org.eclipse.osgi.storage.bundlefile.ZipBundleFile::doGetInputStream@5 (line 1)
                      ; - org.eclipse.osgi.storage.bundlefile.CloseableBundleFile::getInputStream@20 (line 487)
                      ; - org.eclipse.osgi.storage.bundlefile.ZipBundleEntry::getInputStream@8 (line 58)
                      ; - org.eclipse.osgi.storage.bundlefile.BundleEntry::getBytes@1 (line 97)
                      ; - org.eclipse.osgi.internal.loader.classpath.ClasspathManager::findClassImpl@109 (line 681)
  0x000001c8391a4c0c: f041 81ff 

  0x000001c8391a4c10: ;   {other}
  0x000001c8391a4c10: 0f1f 8400 | 004b 003b | e977 e2ff | ff4c 894c | 2448 4c8b | 5424 204c | 8954 2440 | 4c8b 5424 
  0x000001c8391a4c30: 304c 8954 

  0x000001c8391a4c34: ;   {metadata('java/util/Collections$UnmodifiableCollection$1')}
  0x000001c8391a4c34: 2428 48ba | 3076 1d45 | c801 0000 

  0x000001c8391a4c40: ;   {runtime_call _new_instance_Java}
  0x000001c8391a4c40: c5f8 77e8 

  0x000001c8391a4c44: ; ImmutableOopMap {[40]=Oop [56]=Oop [64]=Oop [72]=Oop [112]=Oop [120]=Oop [128]=Oop }
                      ;*new {reexecute=0 rethrow=0 return_oop=1}
                      ; - java.util.Collections$UnmodifiableCollection::iterator@0
                      ; - org.eclipse.osgi.internal.loader.classpath.ClasspathEntry::findEntry@4 (line 203)
                      ; - org.eclipse.osgi.internal.loader.classpath.ClasspathManager::findClassImpl@95 (line 675)
  0x000001c8391a4c44: b841 81ff 

  0x000001c8391a4c48: ;   {other}
  0x000001c8391a4c48: 0f1f 8400 | 384b 003c | 4c8b 5c24 | 284c 895c | 2430 4c8b | 5c24 404c | 895c 2420 | 4c8b e84c 
  0x000001c8391a4c68: 8b4c 2448 | e94f e6ff | ff4c 895c | 2450 4c89 | 6c24 484c | 8b54 2420 | 4c89 5424 | 404c 8b54 
  0x000001c8391a4c88: 2430 4c89 | 5424 2848 | 8b6c 2470 

  0x000001c8391a4c94: ;   {metadata('java/util/HashMap$KeyIterator')}
  0x000001c8391a4c94: 48ba 8855 | 1a45 c801 | 0000 6690 

  0x000001c8391a4ca0: ;   {runtime_call _new_instance_Java}
  0x000001c8391a4ca0: c5f8 77e8 

  0x000001c8391a4ca4: ; ImmutableOopMap {rbp=Oop [40]=Oop [56]=Oop [64]=Oop [72]=Oop [80]=Oop [120]=Oop [128]=Oop }
                      ;*new {reexecute=0 rethrow=0 return_oop=1}
                      ; - java.util.HashMap$KeySet::iterator@0
                      ; - java.util.HashSet::iterator@7
                      ; - java.util.Collections$UnmodifiableCollection$1::<init>@17
                      ; - java.util.Collections$UnmodifiableCollection::iterator@5
                      ; - org.eclipse.osgi.internal.loader.classpath.ClasspathEntry::findEntry@4 (line 203)
                      ; - org.eclipse.osgi.internal.loader.classpath.ClasspathManager::findClassImpl@95 (line 675)
  0x000001c8391a4ca4: 5841 81ff 

  0x000001c8391a4ca8: ;   {other}
  0x000001c8391a4ca8: 0f1f 8400 | 984b 003d | 4889 6c24 | 704c 8b5c | 2428 4c89 | 5c24 304c | 8b5c 2440 | 4c89 5c24 
  0x000001c8391a4cc8: 204c 8b6c | 2448 4c8b | 5c24 504c | 8bc0 e98d | e6ff ff89 | 5424 5844 | 894c 2454 | 4489 7424 
  0x000001c8391a4ce8: 504c 8b94 | 2490 0000 | 004c 8954 | 2448 4c8b | 9424 8800 | 0000 4c89 | 5424 4048 | 8b54 2460 
  0x000001c8391a4d08: ;   {optimized virtual_call}
  0x000001c8391a4d08: c5f8 77e8 

  0x000001c8391a4d0c: ; ImmutableOopMap {[32]=Oop [40]=Oop [48]=Oop [56]=Oop [64]=Oop [72]=Oop [80]=NarrowOop [84]=NarrowOop [88]=NarrowOop [96]=Oop [112]=Oop [120]=Oop }
                      ;*invokespecial mruListAdd {reexecute=0 rethrow=0 return_oop=0}
                      ; - org.eclipse.osgi.storage.bundlefile.CloseableBundleFile::internalOpen@59 (line 147)
                      ; - org.eclipse.osgi.storage.bundlefile.CloseableBundleFile::lockOpen@8 (line 87)
                      ; - org.eclipse.osgi.storage.bundlefile.CloseableBundleFile::getInputStream@1 (line 483)
                      ; - org.eclipse.osgi.storage.bundlefile.ZipBundleEntry::getInputStream@8 (line 58)
                      ; - org.eclipse.osgi.storage.bundlefile.BundleEntry::getBytes@1 (line 97)
                      ; - org.eclipse.osgi.internal.loader.classpath.ClasspathManager::findClassImpl@109 (line 681)
  0x000001c8391a4d0c: 709e 75ff 

  0x000001c8391a4d10: ;   {other}
  0x000001c8391a4d10: 0f1f 8400 | 004c 003e | 448b 7424 | 50e9 a6f0 | ffff 8b4c | 2450 448b | 511c 4585 | d20f 842a 
  0x000001c8391a4d30: 2700 0089 | 4424 2049 | 8bd2 6690 

  0x000001c8391a4d3c: ;   {optimized virtual_call}
  0x000001c8391a4d3c: c5f8 77e8 

  0x000001c8391a4d40: ; ImmutableOopMap {rbp=Oop [40]=Oop [48]=Oop [56]=Oop [64]=Oop [72]=Oop [80]=NarrowOop [84]=NarrowOop [88]=NarrowOop [96]=Oop [112]=Oop [120]=Oop [144]=Oop }
                      ;*invokevirtual unlock {reexecute=0 rethrow=0 return_oop=0}
                      ; - org.eclipse.osgi.storage.bundlefile.CloseableBundleFile::internalOpen@20 (line 134)
                      ; - org.eclipse.osgi.storage.bundlefile.CloseableBundleFile::lockOpen@8 (line 87)
                      ; - org.eclipse.osgi.storage.bundlefile.CloseableBundleFile::getInputStream@1 (line 483)
                      ; - org.eclipse.osgi.storage.bundlefile.ZipBundleEntry::getInputStream@8 (line 58)
                      ; - org.eclipse.osgi.storage.bundlefile.BundleEntry::getBytes@1 (line 97)
                      ; - org.eclipse.osgi.internal.loader.classpath.ClasspathManager::findClassImpl@109 (line 681)
  0x000001c8391a4d40: 3c9e 75ff 

  0x000001c8391a4d44: ;   {other}
  0x000001c8391a4d44: 0f1f 8400 | 344c 003f | 488b 5424 | 6066 6690 

  0x000001c8391a4d54: ;   {optimized virtual_call}
  0x000001c8391a4d54: c5f8 77e8 

  0x000001c8391a4d58: ; ImmutableOopMap {rbp=Oop [40]=Oop [48]=Oop [56]=Oop [64]=Oop [72]=Oop [80]=NarrowOop [84]=NarrowOop [88]=NarrowOop [96]=Oop [112]=Oop [120]=Oop [144]=Oop }
                      ;*invokespecial mruListApplyBackPressure {reexecute=0 rethrow=0 return_oop=0}
                      ; - org.eclipse.osgi.storage.bundlefile.CloseableBundleFile::internalOpen@24 (line 136)
                      ; - org.eclipse.osgi.storage.bundlefile.CloseableBundleFile::lockOpen@8 (line 87)
                      ; - org.eclipse.osgi.storage.bundlefile.CloseableBundleFile::getInputStream@1 (line 483)
                      ; - org.eclipse.osgi.storage.bundlefile.ZipBundleEntry::getInputStream@8 (line 58)
                      ; - org.eclipse.osgi.storage.bundlefile.BundleEntry::getBytes@1 (line 97)
                      ; - org.eclipse.osgi.internal.loader.classpath.ClasspathManager::findClassImpl@109 (line 681)
  0x000001c8391a4d58: 249e 75ff 

  0x000001c8391a4d5c: ;   {other}
  0x000001c8391a4d5c: 0f1f 8400 | 4c4c 0040 | 448b 5c24 | 5045 8b43 | 1c45 85c0 | 0f84 0227 | 0000 498b | d066 6690 
  0x000001c8391a4d7c: ;   {optimized virtual_call}
  0x000001c8391a4d7c: c5f8 77e8 

  0x000001c8391a4d80: ; ImmutableOopMap {rbp=Oop [40]=Oop [48]=Oop [56]=Oop [64]=Oop [72]=Oop [80]=NarrowOop [84]=NarrowOop [88]=NarrowOop [96]=Oop [112]=Oop [120]=Oop [144]=Oop }
                      ;*invokevirtual lock {reexecute=0 rethrow=0 return_oop=0}
                      ; - org.eclipse.osgi.storage.bundlefile.CloseableBundleFile::internalOpen@44 (line 139)
                      ; - org.eclipse.osgi.storage.bundlefile.CloseableBundleFile::lockOpen@8 (line 87)
                      ; - org.eclipse.osgi.storage.bundlefile.CloseableBundleFile::getInputStream@1 (line 483)
                      ; - org.eclipse.osgi.storage.bundlefile.ZipBundleEntry::getInputStream@8 (line 58)
                      ; - org.eclipse.osgi.storage.bundlefile.BundleEntry::getBytes@1 (line 97)
                      ; - org.eclipse.osgi.internal.loader.classpath.ClasspathManager::findClassImpl@109 (line 681)
  0x000001c8391a4d80: fc9d 75ff 

  0x000001c8391a4d84: ;   {other}
  0x000001c8391a4d84: 0f1f 8400 | 744c 0041 | 448b 5424 | 2048 896c | 2420 4c8b | 5c24 404c | 899c 2488 | 0000 0044 
  0x000001c8391a4da4: 8b74 2450 | 448b 4c24 | 548b 5424 | 58e9 d9ef | ffff 85ed | 0f84 89ca | ffff 4585 | c90f 8622 
  0x000001c8391a4dc4: cfff ff44 | 0fb7 1145 | 85c9 0f86 | 4027 0000 | 0fb6 3a44 | 3bd7 0f85 | 67ca ffff | 418d 51f9 
  0x000001c8391a4de4: 83fa 010f | 8e97 2700 | 00b9 0100 | 0000 6666 | 0f1f 8400 | 0000 0000 | 6666 6690 | 4863 f945 
  0x000001c8391a4e04: 0fb7 547b | 1041 0fb6 | 7438 1044 | 3bd6 0f85 | 2fca ffff | 410f b774 | 7b12 450f | b654 3811 
  0x000001c8391a4e24: 413b f20f | 851a caff | ff41 0fb7 | 747b 1445 | 0fb6 5438 | 1241 3bf2 | 0f85 05ca | ffff 410f 
  0x000001c8391a4e44: b774 7b16 | 450f b654 | 3813 413b | f20f 85f0 | c9ff ff41 | 0fb7 747b | 1845 0fb6 | 5438 1441 
  0x000001c8391a4e64: 3bf2 0f85 | dbc9 ffff | 410f b774 | 7b1a 450f | b654 3815 | 413b f20f | 85c6 c9ff 

  0x000001c8391a4e80: ;   {no_reloc}
  0x000001c8391a4e80: ff41 0fb7 | 747b 1c45 | 0fb6 5438 | 1641 3bf2 | 0f85 b1c9 | ffff 450f | b754 7b1e | 410f b674 
  0x000001c8391a4ea0: 3817 443b | d60f 859c | c9ff ff83 | c108 3bca | 0f8c 4aff | ffff 413b | c90f 8d2a | ceff ffe9 
  0x000001c8391a4ec0: ea13 0000 | 4c8b 5424 | 204c 8954 

  0x000001c8391a4ecc: ;   {metadata('java/lang/String')}
  0x000001c8391a4ecc: 2428 48ba | 78e8 0045 | c801 0000 

  0x000001c8391a4ed8: ;   {runtime_call _new_instance_Java}
  0x000001c8391a4ed8: c5f8 77e8 

  0x000001c8391a4edc: ; ImmutableOopMap {[40]=Oop [48]=Oop [56]=Oop [112]=Oop [120]=Oop }
                      ;*new {reexecute=0 rethrow=0 return_oop=1}
                      ; - java.lang.StringConcatHelper::simpleConcat@17
                      ; - java.lang.String::concat@11
                      ; - org.eclipse.osgi.internal.loader.classpath.ClasspathManager::findClassImpl@87 (line 673)
  0x000001c8391a4edc: 203f 81ff 

  0x000001c8391a4ee0: ;   {other}
  0x000001c8391a4ee0: 0f1f 8400 | d04d 0042 | 4c8b 5424 | 284c 8954 | 2420 e99c | e6ff ff45 | 33d2 4533 | c9e9 2de7 
  0x000001c8391a4f00: ffff 4889 | 6c24 6044 | 8b5c 2468 | 4489 5c24 | 584c 896c | 2450 4889 | 5c24 484c | 8b5c 2420 
  0x000001c8391a4f20: 4c89 5c24 | 404c 8b5c | 2430 4c89 | 5c24 284c | 8b5c 2478 | 4c89 5c24 | 2048 8b6c 

  0x000001c8391a4f3c: ;   {metadata('java/lang/String')}
  0x000001c8391a4f3c: 2470 48ba | 78e8 0045 | c801 0000 | 4c89 7424 | 7866 6690 

  0x000001c8391a4f50: ;   {runtime_call _new_instance_Java}
  0x000001c8391a4f50: c5f8 77e8 

  0x000001c8391a4f54: ; ImmutableOopMap {rbp=Oop [32]=Oop [40]=Oop [56]=Oop [64]=Oop [72]=Oop [80]=Oop [88]=NarrowOop [96]=Oop [120]=Oop }
                      ;*new {reexecute=1 rethrow=0 return_oop=1}
                      ; - (reexecute) org.eclipse.osgi.storage.bundlefile.NestedDirBundleFile::prependNestedDir@23 (line 112)
                      ; - org.eclipse.osgi.storage.bundlefile.NestedDirBundleFile::getEntry@16 (line 96)
                      ; - org.eclipse.osgi.internal.loader.classpath.ClasspathEntry::findEntry@25 (line 204)
                      ; - org.eclipse.osgi.internal.loader.classpath.ClasspathManager::findClassImpl@95 (line 675)
  0x000001c8391a4f54: a83e 81ff 

  0x000001c8391a4f58: ;   {other}
  0x000001c8391a4f58: 0f1f 8400 | 484e 0043 | 4889 6c24 | 704c 8b5c | 2420 4c89 | 5c24 784c | 8b5c 2428 | 4c89 5c24 
  0x000001c8391a4f78: 304c 8b5c | 2440 4c89 | 5c24 2048 | 8b5c 2448 | 4c8b 6c24 | 5044 8b5c | 2458 4489 | 5c24 6848 
  0x000001c8391a4f98: 8b6c 2460 | 4c8b d0e9 | edcc ffff | 4489 4c24 | 6444 8994 | 2488 0000 | 0044 8b5c | 2468 4489 
  0x000001c8391a4fb8: 5c24 604c | 8974 2458 | 4c89 6c24 | 5048 895c | 2448 4c8b | 5424 204c | 8954 2440 | 4c8b 5424 
  0x000001c8391a4fd8: 304c 8954 | 2428 4c8b | 5424 784c | 8954 2420 | 488b 6c24 

  0x000001c8391a4fec: ;   {metadata({type array byte})}
  0x000001c8391a4fec: 7048 ba18 | 2300 45c8 | 0100 0090 

  0x000001c8391a4ff8: ;   {runtime_call _new_array_Java}
  0x000001c8391a4ff8: c5f8 77e8 

  0x000001c8391a4ffc: ; ImmutableOopMap {rbp=Oop [32]=Oop [40]=Oop [56]=Oop [64]=Oop [72]=Oop [80]=Oop [88]=Oop [96]=NarrowOop [100]=NarrowOop }
                      ;*new {reexecute=1 rethrow=0 return_oop=1}
                      ; - (reexecute) org.eclipse.osgi.storage.bundlefile.NestedDirBundleFile::prependNestedDir@23 (line 112)
                      ; - org.eclipse.osgi.storage.bundlefile.NestedDirBundleFile::getEntry@16 (line 96)
                      ; - org.eclipse.osgi.internal.loader.classpath.ClasspathEntry::findEntry@25 (line 204)
                      ; - org.eclipse.osgi.internal.loader.classpath.ClasspathManager::findClassImpl@95 (line 675)
  0x000001c8391a4ffc: 8037 81ff 

  0x000001c8391a5000: ;   {other}
  0x000001c8391a5000: 0f1f 8400 | f04e 0044 | 4889 6c24 | 704c 8b5c | 2420 4c89 | 5c24 784c | 8b5c 2428 | 4c89 5c24 
  0x000001c8391a5020: 304c 8b5c | 2440 4c89 | 5c24 2048 | 8b5c 2448 | 4c8b 6c24 | 504c 8b74 | 2458 448b | 5c24 6044 
  0x000001c8391a5040: 895c 2468 | 488b e8e9 | 01c9 ffff | 4c89 9424 | d000 0000 

  0x000001c8391a5054: ;   {oop(a 'java/lang/ref/ReferenceQueue$Null'{0x0000000080000b10})}
  0x000001c8391a5054: 49b9 100b | 0080 0000 | 0000 4c8b | 4424 6845 | 8b58 2845 | 85db 0f84 | 1e25 0000 | 498b fb48 
  0x000001c8391a5074: 8d9c 2400 | 0100 0048 | 8b07 a802 | 0f85 2300 | 0000 4883 | c801 4889 | 03f0 480f | b11f 0f84 
  0x000001c8391a5094: 3700 0000 | 482b c448 | 2507 f0ff | ff48 8903 | e924 0000 | 004c 8bd0 | 4833 c0f0 | 4d0f b17a 
  0x000001c8391a50b4: 3e48 c703 | 0300 0000 | 7411 4c3b | f875 1549 | ff82 8600 | 0000 4833 | c075 0949 | ff87 5005 
  0x000001c8391a50d4: 0000 33c0 | 0f85 0e25 | 0000 4c8b | 9424 d000 | 0000 418b 

  0x000001c8391a50e8: ;   {metadata('java/util/WeakHashMap$Entry')}
  0x000001c8391a50e8: 5a08 81fb | 38bc 2000 | 0f85 ea27 | 0000 418b | f34c 894c | 2420 488b | d945 8b58 | 2441 8bcb 
  0x000001c8391a5108: 458b 4a1c | 418b c14d | 8bca 458b | 530c 418d | 6aff 23e8 | 4585 d20f | 861d 2500 | 0049 8bcb 
  0x000001c8391a5128: 498d 54ab | 1044 8b12 | 4585 d20f | 843f 0600 | 0049 8bf2 | 488b c6eb | 4849 3bc2 | 0f84 da10 
  0x000001c8391a5148: 0000 4489 | 5824 4c8b | d049 c1ea | 0949 bb00 | 0072 2dc8 | 0100 0047 | 8824 1345 | 8961 204d 
  0x000001c8391a5168: 8bd0 458b | 4014 41ff | c845 8942 | 14eb 3066 | 0f1f 8400 | 0000 0000 | 4d8b d348 | 8bc6 498b 
  0x000001c8391a5188: f244 8b5e | 244d 8bd1 | 493b f274 | ac4d 8b97 

  0x000001c8391a5198: ; ImmutableOopMap {r11=NarrowOop r8=Oop r9=Oop rcx=Oop rdx=Derived_oop_rcx rbx=Oop rdi=Oop rsi=Oop [32]=Oop [40]=Oop [48]=Oop [56]=Oop [64]=NarrowOop [68]=NarrowOop [72]=Oop [80]=Oop [88]=Oop [96]=Oop [112]=Oop [120]=Oop [128]=NarrowOop [136]=Oop [144]=Oop }
                      ;*goto {reexecute=1 rethrow=0 return_oop=0}
                      ; - (reexecute) java.util.WeakHashMap::expungeStaleEntries@120
                      ; - java.util.WeakHashMap::getTable@1
                      ; - java.util.WeakHashMap::put@13
                      ; - java.util.Collections$SetFromMap::add@8
                      ; - java.util.zip.ZipFile::getInputStream@231
                      ; - org.eclipse.osgi.storage.bundlefile.ZipBundleFile::doGetInputStream@5 (line 101)
                      ; - org.eclipse.osgi.storage.bundlefile.ZipBundleFile::doGetInputStream@5 (line 1)
                      ; - org.eclipse.osgi.storage.bundlefile.CloseableBundleFile::getInputStream@20 (line 487)
                      ; - org.eclipse.osgi.storage.bundlefile.ZipBundleEntry::getInputStream@8 (line 58)
                      ; - org.eclipse.osgi.storage.bundlefile.BundleEntry::getBytes@1 (line 97)
                      ; - org.eclipse.osgi.internal.loader.classpath.ClasspathManager::findClassImpl@109 (line 681)
  0x000001c8391a5198: 5804 0000 

  0x000001c8391a519c: ;   {poll}
  0x000001c8391a519c: 4185 0245 | 85db 75dc | 4d8b d048 | 8d84 2400 | 0100 0048 | 8338 000f | 8479 0000 | 004c 8b1f 
  0x000001c8391a51bc: 41f6 c302 | 0f84 6200 | 0000 4983 | bb86 0000 | 0000 7409 | 49ff 8b86 | 0000 00eb | 4b49 8b83 
  0x000001c8391a51dc: 9600 0000 | 490b 838e | 0000 0075 | 0a49 c743 | 3e00 0000 | 00eb 3d49 | 83bb 9e00 | 0000 0074 
  0x000001c8391a51fc: 2248 33c0 | 49c7 433e | 0000 0000 | f083 0424 | 0049 83bb | 9e00 0000 | 0075 0df0 | 4d0f b17b 
  0x000001c8391a521c: 3e75 0583 | c801 eb0c | a800 eb08 | 4c8b 18f0 | 4c0f b11f | 750a 49ff | 8f50 0500 | 0045 33db 
  0x000001c8391a523c: 0f85 7624 | 0000 418b | 6a28 448b 

  0x000001c8391a5248: ;   {metadata('java/lang/ref/ReferenceQueue')}
  0x000001c8391a5248: 5d08 4181 | fb20 0904 | 000f 8595 | 2400 004c | 8bdd 4d8b | cb45 8b41 | 0c45 85c0 | 0f85 7a0c 
  0x000001c8391a5268: 0000 488b | cb4c 8b4c | 2458 488b | 7424 204c | 8b44 2450 | 448b 9c24 | 8400 0000 | e934 dbff 
  0x000001c8391a5288: ff4c 8b5c | 2448 41c6 | 4311 0145 | 33d2 4533 | c94c 8b44 | 2440 4c89 | 4424 208b | 4c24 50e9 
  0x000001c8391a52a8: 83e3 ffff | 4889 8c24 | 9800 0000 | 4489 5c24 | 684c 8954 | 2458 4c89 | 4424 5049 | 8be9 488b 
  0x000001c8391a52c8: d741 b801 | 0000 0090 

  0x000001c8391a52d0: ;   {optimized virtual_call}
  0x000001c8391a52d0: c5f8 77e8 

  0x000001c8391a52d4: ; ImmutableOopMap {rbp=Oop [32]=Oop [40]=Oop [48]=Oop [56]=Oop [64]=NarrowOop [68]=NarrowOop [72]=Oop [80]=Oop [88]=Oop [96]=Oop [112]=Oop [120]=Oop [128]=NarrowOop [136]=Oop [144]=Oop [152]=Oop }
                      ;*invokevirtual acquire {reexecute=0 rethrow=0 return_oop=0}
                      ; - java.util.concurrent.locks.ReentrantLock$Sync::lock@9
                      ; - java.util.concurrent.locks.ReentrantLock::lock@4
                      ; - java.lang.ref.ReferenceQueue::poll@13
                      ; - java.util.WeakHashMap::expungeStaleEntries@4
                      ; - java.util.WeakHashMap::getTable@1
                      ; - java.util.WeakHashMap::put@13
                      ; - java.util.Collections$SetFromMap::add@8
                      ; - java.util.zip.ZipFile::getInputStream@231
                      ; - org.eclipse.osgi.storage.bundlefile.ZipBundleFile::doGetInputStream@5 (line 101)
                      ; - org.eclipse.osgi.storage.bundlefile.ZipBundleFile::doGetInputStream@5 (line 1)
                      ; - org.eclipse.osgi.storage.bundlefile.CloseableBundleFile::getInputStream@20 (line 487)
                      ; - org.eclipse.osgi.storage.bundlefile.ZipBundleEntry::getInputStream@8 (line 58)
                      ; - org.eclipse.osgi.storage.bundlefile.BundleEntry::getBytes@1 (line 97)
                      ; - org.eclipse.osgi.internal.loader.classpath.ClasspathManager::findClassImpl@109 (line 681)
  0x000001c8391a52d4: a898 75ff 

  0x000001c8391a52d8: ;   {other}
  0x000001c8391a52d8: 0f1f 8400 | c851 0046 | 4c8b cd4c | 8b44 2450 | 4c8b 5424 | 5844 8b5c | 2468 488b | 8c24 9800 
  0x000001c8391a52f8: 0000 e9b0 | e6ff ffba | 76ff ffff | 8be9 4489 | 5424 4c90 

  0x000001c8391a530c: ;   {runtime_call UncommonTrapBlob}
  0x000001c8391a530c: c5f8 77e8 

  0x000001c8391a5310: ; ImmutableOopMap {rbp=NarrowOop [48]=Oop [56]=Oop [112]=Oop [120]=Oop }
                      ;*if_icmpge {reexecute=1 rethrow=0 return_oop=0}
                      ; - (reexecute) java.lang.StringLatin1::replace@19
                      ; - java.lang.String::replace@18
                      ; - org.eclipse.osgi.internal.loader.classpath.ClasspathManager::findClassImpl@81 (line 673)
  0x000001c8391a5310: ec19 76ff 

  0x000001c8391a5314: ;   {other}
  0x000001c8391a5314: 0f1f 8400 | 0452 0047 | ba76 ffff | ff41 8bea | 4489 5c24 | 244c 8b54 | 2478 4489 | 7424 484c 
  0x000001c8391a5334: 8954 2450 

  0x000001c8391a5338: ;   {runtime_call UncommonTrapBlob}
  0x000001c8391a5338: c5f8 77e8 

  0x000001c8391a533c: ; ImmutableOopMap {rbp=NarrowOop [48]=Oop [56]=Oop [72]=NarrowOop [80]=Oop [112]=Oop [120]=Oop }
                      ;*iflt {reexecute=1 rethrow=0 return_oop=0}
                      ; - (reexecute) java.lang.StringLatin1::lastIndexOf@19
                      ; - java.lang.String::lastIndexOf@13
                      ; - java.lang.String::lastIndexOf@8
                      ; - org.eclipse.osgi.internal.loader.BundleLoader::getPackageName@7 (line 143)
                      ; - org.eclipse.osgi.internal.debug.Debug::loaderWithClass@18 (line 286)
                      ; - org.eclipse.osgi.internal.loader.classpath.ClasspathManager::findClassImpl@5 (line 667)
  0x000001c8391a533c: c019 76ff 

  0x000001c8391a5340: ;   {other}
  0x000001c8391a5340: 0f1f 8400 | 3052 0048 | bade ffff | ff4c 895c | 2440 6690 

  0x000001c8391a5354: ;   {runtime_call UncommonTrapBlob}
  0x000001c8391a5354: c5f8 77e8 

  0x000001c8391a5358: ; ImmutableOopMap {rbp=NarrowOop [48]=Oop [56]=Oop [64]=Oop [112]=Oop [120]=Oop }
                      ;*invokeinterface contains {reexecute=0 rethrow=0 return_oop=0}
                      ; - org.eclipse.osgi.internal.debug.Debug::loaderWithClass@27 (line 287)
                      ; - org.eclipse.osgi.internal.loader.classpath.ClasspathManager::findClassImpl@5 (line 667)
  0x000001c8391a5358: a419 76ff 

  0x000001c8391a535c: ;   {other}
  0x000001c8391a535c: 0f1f 8400 | 4c52 0049 | bade ffff | ff48 895c | 2448 6690 

  0x000001c8391a5370: ;   {runtime_call UncommonTrapBlob}
  0x000001c8391a5370: c5f8 77e8 

  0x000001c8391a5374: ; ImmutableOopMap {rbp=NarrowOop [48]=Oop [56]=Oop [72]=Oop [112]=Oop [120]=Oop }
                      ;*invokevirtual getEntry {reexecute=0 rethrow=0 return_oop=0}
                      ; - org.eclipse.osgi.internal.loader.classpath.ClasspathEntry::findEntry@52 (line 209)
                      ; - org.eclipse.osgi.internal.loader.classpath.ClasspathManager::findClassImpl@95 (line 675)
  0x000001c8391a5374: 8819 76ff 

  0x000001c8391a5378: ;   {other}
  0x000001c8391a5378: 0f1f 8400 | 6852 004a | ba6e ffff | ff41 8bea | 4489 5c24 | 244c 8b54 | 2478 4489 | 7424 484c 
  0x000001c8391a5398: 8954 2450 

  0x000001c8391a539c: ;   {runtime_call UncommonTrapBlob}
  0x000001c8391a539c: c5f8 77e8 

  0x000001c8391a53a0: ; ImmutableOopMap {rbp=NarrowOop [48]=Oop [56]=Oop [72]=NarrowOop [80]=Oop [112]=Oop [120]=Oop }
                      ;*iflt {reexecute=1 rethrow=0 return_oop=0}
                      ; - (reexecute) java.lang.StringLatin1::lastIndexOf@19
                      ; - java.lang.String::lastIndexOf@13
                      ; - java.lang.String::lastIndexOf@8
                      ; - org.eclipse.osgi.internal.loader.BundleLoader::getPackageName@7 (line 143)
                      ; - org.eclipse.osgi.internal.debug.Debug::loaderWithClass@18 (line 286)
                      ; - org.eclipse.osgi.internal.loader.classpath.ClasspathManager::findClassImpl@5 (line 667)
  0x000001c8391a53a0: 5c19 76ff 

  0x000001c8391a53a4: ;   {other}
  0x000001c8391a53a4: 0f1f 8400 | 9452 004b 

  0x000001c8391a53ac: ;   {metadata('java/util/zip/Inflater$InflaterZStreamRef')}
  0x000001c8391a53ac: 48ba 209b | 3545 c801 | 0000 6690 

  0x000001c8391a53b8: ;   {runtime_call _new_instance_Java}
  0x000001c8391a53b8: c5f8 77e8 

  0x000001c8391a53bc: ; ImmutableOopMap {rbp=Oop [32]=Oop [40]=Oop [48]=Oop [56]=Oop [64]=NarrowOop [68]=NarrowOop [72]=Oop [80]=NarrowOop [84]=NarrowOop [88]=Oop [96]=Oop [104]=NarrowOop [112]=Oop [120]=Oop [128]=Oop [136]=Oop [144]=Oop [168]=Oop }
                      ;*new {reexecute=0 rethrow=0 return_oop=1}
                      ; - java.util.zip.Inflater::<init>@12
                      ; - java.util.zip.ZipFile$CleanableResource::getInflater@43
                      ; - java.util.zip.ZipFile$ZipFileInflaterInputStream::<init>@5
                      ; - java.util.zip.ZipFile::getInputStream@216
                      ; - org.eclipse.osgi.storage.bundlefile.ZipBundleFile::doGetInputStream@5 (line 101)
                      ; - org.eclipse.osgi.storage.bundlefile.ZipBundleFile::doGetInputStream@5 (line 1)
                      ; - org.eclipse.osgi.storage.bundlefile.CloseableBundleFile::getInputStream@20 (line 487)
                      ; - org.eclipse.osgi.storage.bundlefile.ZipBundleEntry::getInputStream@8 (line 58)
                      ; - org.eclipse.osgi.storage.bundlefile.BundleEntry::getBytes@1 (line 97)
                      ; - org.eclipse.osgi.internal.loader.classpath.ClasspathManager::findClassImpl@109 (line 681)
  0x000001c8391a53bc: 403a 81ff 

  0x000001c8391a53c0: ;   {other}
  0x000001c8391a53c0: 0f1f 8400 | b052 004c | e9d1 e4ff 

  0x000001c8391a53cc: ;   {metadata('java/util/zip/Inflater')}
  0x000001c8391a53cc: ff48 ba08 | 8235 45c8 | 0100 0090 

  0x000001c8391a53d8: ;   {runtime_call _new_instance_Java}
  0x000001c8391a53d8: c5f8 77e8 

  0x000001c8391a53dc: ; ImmutableOopMap {[32]=Oop [40]=Oop [48]=Oop [56]=Oop [64]=NarrowOop [68]=NarrowOop [72]=Oop [80]=NarrowOop [84]=NarrowOop [88]=Oop [96]=Oop [104]=NarrowOop [112]=Oop [120]=Oop [128]=Oop [136]=Oop [144]=Oop [168]=Oop }
                      ;*new {reexecute=0 rethrow=0 return_oop=1}
                      ; - java.util.zip.ZipFile$CleanableResource::getInflater@38
                      ; - java.util.zip.ZipFile$ZipFileInflaterInputStream::<init>@5
                      ; - java.util.zip.ZipFile::getInputStream@216
                      ; - org.eclipse.osgi.storage.bundlefile.ZipBundleFile::doGetInputStream@5 (line 101)
                      ; - org.eclipse.osgi.storage.bundlefile.ZipBundleFile::doGetInputStream@5 (line 1)
                      ; - org.eclipse.osgi.storage.bundlefile.CloseableBundleFile::getInputStream@20 (line 487)
                      ; - org.eclipse.osgi.storage.bundlefile.ZipBundleEntry::getInputStream@8 (line 58)
                      ; - org.eclipse.osgi.storage.bundlefile.BundleEntry::getBytes@1 (line 97)
                      ; - org.eclipse.osgi.internal.loader.classpath.ClasspathManager::findClassImpl@109 (line 681)
  0x000001c8391a53dc: 203a 81ff 

  0x000001c8391a53e0: ;   {other}
  0x000001c8391a53e0: 0f1f 8400 | d052 004d | e955 e4ff | ff48 63d1 | e99c bfff | ff41 bb01 | 0000 00e9 | 68bc ffff 
  0x000001c8391a5400: bacc ffff | ff4c 8b54 | 2430 4c89 | 5424 284c | 8b54 2438 | 4c89 5424 | 304c 894c | 2438 4889 
  0x000001c8391a5420: 7424 4848 | 895c 2450 | 4489 5c24 | 5866 6690 

  0x000001c8391a5430: ;   {runtime_call UncommonTrapBlob}
  0x000001c8391a5430: c5f8 77e8 

  0x000001c8391a5434: ; ImmutableOopMap {[40]=Oop [48]=Oop [56]=Oop [80]=Oop [112]=Oop [120]=Oop }
                      ;*invokestatic arraycopy {reexecute=0 rethrow=0 return_oop=0}
                      ; - java.lang.String::getBytes@22
                      ; - java.lang.StringConcatHelper::prepend@21
                      ; - java.lang.StringConcatHelper::simpleConcat@71
                      ; - java.lang.String::concat@11
                      ; - org.eclipse.osgi.internal.loader.classpath.ClasspathManager::findClassImpl@87 (line 673)
  0x000001c8391a5434: c818 76ff 

  0x000001c8391a5438: ;   {other}
  0x000001c8391a5438: 0f1f 8400 | 2853 004e | bacc ffff | ff48 895c | 2448 4489 | 5424 5090 

  0x000001c8391a5450: ;   {runtime_call UncommonTrapBlob}
  0x000001c8391a5450: c5f8 77e8 

  0x000001c8391a5454: ; ImmutableOopMap {rbp=Oop [48]=Oop [56]=Oop [72]=Oop [112]=Oop [120]=Oop }
                      ;*invokestatic arraycopy {reexecute=0 rethrow=0 return_oop=0}
                      ; - java.lang.String::getBytes@22
                      ; - java.lang.StringConcatHelper::prepend@21
                      ; - java.lang.StringConcatHelper::simpleConcat@81
                      ; - java.lang.String::concat@11
                      ; - org.eclipse.osgi.internal.loader.classpath.ClasspathManager::findClassImpl@87 (line 673)
  0x000001c8391a5454: a818 76ff 

  0x000001c8391a5458: ;   {other}
  0x000001c8391a5458: 0f1f 8400 | 4853 004f | ba76 ffff | ff8b e94c | 8944 2428 | 4489 5c24 | 2444 8954 | 245c 6690 
  0x000001c8391a5478: ;   {runtime_call UncommonTrapBlob}
  0x000001c8391a5478: c5f8 77e8 

  0x000001c8391a547c: ; ImmutableOopMap {rbp=NarrowOop [40]=Oop [48]=Oop [56]=Oop [112]=Oop [120]=Oop }
                      ;*if_icmpge {reexecute=1 rethrow=0 return_oop=0}
                      ; - (reexecute) java.lang.StringLatin1::replace@82
                      ; - java.lang.String::replace@18
                      ; - org.eclipse.osgi.internal.loader.classpath.ClasspathManager::findClassImpl@81 (line 673)
  0x000001c8391a547c: 8018 76ff 

  0x000001c8391a5480: ;   {other}
  0x000001c8391a5480: 0f1f 8400 | 7053 0050 | 4963 cbe9 | ddb8 ffff | 4883 c1fe | 488b fa48 | 33c0 4883 | f908 7f10 
  0x000001c8391a54a0: 48ff c978 | 5648 8904 | cf48 ffc9 | 7df7 eb4b | c5fd efc0 | e90d 0000 | 00c5 fe7f | 07c5 fe7f 
  0x000001c8391a54c0: 4720 4883 | c740 4883 | e908 7ded | 4883 c104 | 7c0c c5fe | 7f07 4883 | c720 4883 | e904 4883 
  0x000001c8391a54e0: c104 7e17 | 48c7 c0ff | ffff ffc4 | e2f0 f5c0 | c4e1 fb92 | f862 f1fe | 2f7f 07e9 | 52b9 ffff 
  0x000001c8391a5500: bacc ffff | ff41 8bea | 4489 5c24 | 2444 8974 | 2448 4889 | 5c24 5890 

  0x000001c8391a5518: ;   {runtime_call UncommonTrapBlob}
  0x000001c8391a5518: c5f8 77e8 

  0x000001c8391a551c: ; ImmutableOopMap {rbp=NarrowOop [48]=Oop [56]=Oop [72]=NarrowOop [88]=Oop [112]=Oop [120]=Oop }
                      ;*newarray {reexecute=1 rethrow=0 return_oop=0}
                      ; - (reexecute) java.util.Arrays::copyOfRangeByte@10
                      ; - java.util.Arrays::copyOfRange@13
                      ; - java.lang.StringLatin1::newString@16
                      ; - java.lang.String::substring@41
                      ; - org.eclipse.osgi.internal.loader.BundleLoader::getPackageName@18 (line 145)
                      ; - org.eclipse.osgi.internal.debug.Debug::loaderWithClass@18 (line 286)
                      ; - org.eclipse.osgi.internal.loader.classpath.ClasspathManager::findClassImpl@5 (line 667)
  0x000001c8391a551c: e017 76ff 

  0x000001c8391a5520: ;   {other}
  0x000001c8391a5520: 0f1f 8400 | 1054 0051 | ba76 ffff | ff8b e94c | 8944 2428 | 4489 5c24 | 2444 8954 | 2458 6690 
  0x000001c8391a5540: ;   {runtime_call UncommonTrapBlob}
  0x000001c8391a5540: c5f8 77e8 

  0x000001c8391a5544: ; ImmutableOopMap {rbp=NarrowOop [40]=Oop [48]=Oop [56]=Oop [112]=Oop [120]=Oop }
                      ;*if_icmpge {reexecute=1 rethrow=0 return_oop=0}
                      ; - (reexecute) java.lang.StringLatin1::replace@61
                      ; - java.lang.String::replace@18
                      ; - org.eclipse.osgi.internal.loader.classpath.ClasspathManager::findClassImpl@81 (line 673)
  0x000001c8391a5544: b817 76ff 

  0x000001c8391a5548: ;   {other}
  0x000001c8391a5548: 0f1f 8400 | 3854 0052 | 8bc6 e930 | bcff ff33 | ed85 db40 | 0f94 c5ba | 45ff ffff | 4c8b 5424 
  0x000001c8391a5568: 7844 8974 | 2440 4c89 | 5424 484c | 8954 2450 | 4489 4424 | 4466 6690 

  0x000001c8391a5580: ;   {runtime_call UncommonTrapBlob}
  0x000001c8391a5580: c5f8 77e8 

  0x000001c8391a5584: ; ImmutableOopMap {[48]=Oop [56]=Oop [64]=NarrowOop [72]=Oop [80]=Oop [112]=Oop }
                      ;*ifeq {reexecute=1 rethrow=0 return_oop=0}
                      ; - (reexecute) java.lang.String::lastIndexOf@4
                      ; - java.lang.String::lastIndexOf@8
                      ; - org.eclipse.osgi.internal.loader.BundleLoader::getPackageName@7 (line 143)
                      ; - org.eclipse.osgi.internal.debug.Debug::loaderWithClass@18 (line 286)
                      ; - org.eclipse.osgi.internal.loader.classpath.ClasspathManager::findClassImpl@5 (line 667)
  0x000001c8391a5584: 7817 76ff 

  0x000001c8391a5588: ;   {other}
  0x000001c8391a5588: 0f1f 8400 | 7854 0053 | 33ed 4585 | d240 0f94 | c5ba 45ff | ffff 6690 

  0x000001c8391a55a0: ;   {runtime_call UncommonTrapBlob}
  0x000001c8391a55a0: c5f8 77e8 

  0x000001c8391a55a4: ; ImmutableOopMap {[48]=Oop [56]=Oop [112]=Oop [120]=Oop }
                      ;*ifeq {reexecute=1 rethrow=0 return_oop=0}
                      ; - (reexecute) java.lang.String::replace@9
                      ; - org.eclipse.osgi.internal.loader.classpath.ClasspathManager::findClassImpl@81 (line 673)
  0x000001c8391a55a4: 5817 76ff 

  0x000001c8391a55a8: ;   {other}
  0x000001c8391a55a8: 0f1f 8400 | 9854 0054 | ba45 ffff | ff4c 8b54 | 2430 4c89 | 5424 284c | 8b54 2438 | 4c89 5424 
  0x000001c8391a55c8: 3089 4c24 | 3866 6690 

  0x000001c8391a55d0: ;   {runtime_call UncommonTrapBlob}
  0x000001c8391a55d0: c5f8 77e8 

  0x000001c8391a55d4: ; ImmutableOopMap {[40]=Oop [48]=Oop [112]=Oop [120]=Oop }
                      ;*ifle {reexecute=1 rethrow=0 return_oop=0}
                      ; - (reexecute) java.util.HashMap::getNode@14
                      ; - java.util.HashMap::containsKey@2
                      ; - java.util.HashSet::contains@5
                      ; - java.util.Collections$UnmodifiableCollection::contains@5
                      ; - org.eclipse.osgi.internal.debug.Debug::loaderWithClass@27 (line 287)
                      ; - org.eclipse.osgi.internal.loader.classpath.ClasspathManager::findClassImpl@5 (line 667)
  0x000001c8391a55d4: 2817 76ff 

  0x000001c8391a55d8: ;   {other}
  0x000001c8391a55d8: 0f1f 8400 | c854 0055 | ba45 ffff | ff4c 8944 | 2428 6690 

  0x000001c8391a55ec: ;   {runtime_call UncommonTrapBlob}
  0x000001c8391a55ec: c5f8 77e8 

  0x000001c8391a55f0: ; ImmutableOopMap {[40]=Oop [48]=Oop [56]=Oop [112]=Oop }
                      ;*ifeq {reexecute=1 rethrow=0 return_oop=0}
                      ; - (reexecute) org.eclipse.osgi.internal.debug.Debug::loaderWithClass@4 (line 282)
                      ; - org.eclipse.osgi.internal.loader.classpath.ClasspathManager::findClassImpl@5 (line 667)
  0x000001c8391a55f0: 0c17 76ff 

  0x000001c8391a55f4: ;   {other}
  0x000001c8391a55f4: 0f1f 8400 | e454 0056 | ba45 ffff | ff4c 8944 | 2428 6690 

  0x000001c8391a5608: ;   {runtime_call UncommonTrapBlob}
  0x000001c8391a5608: c5f8 77e8 

  0x000001c8391a560c: ; ImmutableOopMap {[40]=Oop [48]=Oop [56]=Oop [112]=Oop }
                      ;*ifeq {reexecute=1 rethrow=0 return_oop=0}
                      ; - (reexecute) org.eclipse.osgi.internal.debug.Debug::loaderWithClass@14 (line 285)
                      ; - org.eclipse.osgi.internal.loader.classpath.ClasspathManager::findClassImpl@5 (line 667)
  0x000001c8391a560c: f016 76ff 

  0x000001c8391a5610: ;   {other}
  0x000001c8391a5610: 0f1f 8400 | 0055 0057 | ba45 ffff | ff4c 8b5c | 2430 4c89 | 5c24 284c | 8b5c 2438 | 4c89 5c24 
  0x000001c8391a5630: 3044 8954 | 2438 6690 

  0x000001c8391a5638: ;   {runtime_call UncommonTrapBlob}
  0x000001c8391a5638: c5f8 77e8 

  0x000001c8391a563c: ; ImmutableOopMap {[40]=Oop [48]=Oop [112]=Oop [120]=Oop }
                      ;*ifeq {reexecute=1 rethrow=0 return_oop=0}
                      ; - (reexecute) org.eclipse.osgi.internal.debug.Debug::loaderWithClass@32 (line 287)
                      ; - org.eclipse.osgi.internal.loader.classpath.ClasspathManager::findClassImpl@5 (line 667)
  0x000001c8391a563c: c016 76ff 

  0x000001c8391a5640: ;   {other}
  0x000001c8391a5640: 0f1f 8400 | 3055 0058 | ba45 ffff | ff44 895c | 2420 4489 | 5c24 244c | 8b54 2478 | 4489 7424 
  0x000001c8391a5660: 484c 8954 | 2450 4489 | 4c24 5844 | 894c 245c 

  0x000001c8391a5670: ;   {runtime_call UncommonTrapBlob}
  0x000001c8391a5670: c5f8 77e8 

  0x000001c8391a5674: ; ImmutableOopMap {[48]=Oop [56]=Oop [72]=NarrowOop [80]=Oop [112]=Oop [120]=Oop }
                      ;*if_icmple {reexecute=1 rethrow=0 return_oop=0}
                      ; - (reexecute) jdk.internal.util.Preconditions::checkFromToIndex@11
                      ; - java.lang.String::checkBoundsBeginEnd@6
                      ; - java.lang.String::substring@8
                      ; - org.eclipse.osgi.internal.loader.BundleLoader::getPackageName@18 (line 145)
                      ; - org.eclipse.osgi.internal.debug.Debug::loaderWithClass@18 (line 286)
                      ; - org.eclipse.osgi.internal.loader.classpath.ClasspathManager::findClassImpl@5 (line 667)
  0x000001c8391a5674: 8816 76ff 

  0x000001c8391a5678: ;   {other}
  0x000001c8391a5678: 0f1f 8400 | 6855 0059 | ba45 ffff | ff4c 8b54 | 2430 4c89 | 5424 284c | 8b54 2438 | 4c89 5424 
  0x000001c8391a5698: 304c 894c | 2438 4489 | 5c24 4090 

  0x000001c8391a56a4: ;   {runtime_call UncommonTrapBlob}
  0x000001c8391a56a4: c5f8 77e8 

  0x000001c8391a56a8: ; ImmutableOopMap {[40]=Oop [48]=Oop [56]=Oop [112]=Oop [120]=Oop }
                      ;*iflt {reexecute=1 rethrow=0 return_oop=0}
                      ; - (reexecute) java.lang.StringConcatHelper::checkOverflow@2
                      ; - java.lang.StringConcatHelper::mix@23
                      ; - java.lang.StringConcatHelper::simpleConcat@46
                      ; - java.lang.String::concat@11
                      ; - org.eclipse.osgi.internal.loader.classpath.ClasspathManager::findClassImpl@87 (line 673)
  0x000001c8391a56a8: 5416 76ff 

  0x000001c8391a56ac: ;   {other}
  0x000001c8391a56ac: 0f1f 8400 | 9c55 005a | ba45 ffff | ff4c 894c | 2440 6690 

  0x000001c8391a56c0: ;   {runtime_call UncommonTrapBlob}
  0x000001c8391a56c0: c5f8 77e8 

  0x000001c8391a56c4: ; ImmutableOopMap {[48]=Oop [56]=Oop [64]=Oop [112]=Oop [120]=Oop }
                      ;*iflt {reexecute=1 rethrow=0 return_oop=0}
                      ; - (reexecute) java.lang.StringConcatHelper::checkOverflow@2
                      ; - java.lang.StringConcatHelper::mix@23
                      ; - java.lang.StringConcatHelper::simpleConcat@54
                      ; - java.lang.String::concat@11
                      ; - org.eclipse.osgi.internal.loader.classpath.ClasspathManager::findClassImpl@87 (line 673)
  0x000001c8391a56c4: 3816 76ff 

  0x000001c8391a56c8: ;   {other}
  0x000001c8391a56c8: 0f1f 8400 | b855 005b | ba45 ffff | ff4c 8b54 | 2430 4c89 | 5424 284c | 8b54 2438 | 4c89 5424 
  0x000001c8391a56e8: 304c 894c | 2440 4889 | 5c24 4889 | 7c24 5090 

  0x000001c8391a56f8: ;   {runtime_call UncommonTrapBlob}
  0x000001c8391a56f8: c5f8 77e8 

  0x000001c8391a56fc: ; ImmutableOopMap {[40]=Oop [48]=Oop [64]=Oop [72]=Oop [112]=Oop [120]=Oop }
                      ;*if_icmpne {reexecute=1 rethrow=0 return_oop=0}
                      ; - (reexecute) java.lang.String::getBytes@5
                      ; - java.lang.StringConcatHelper::prepend@21
                      ; - java.lang.StringConcatHelper::simpleConcat@81
                      ; - java.lang.String::concat@11
                      ; - org.eclipse.osgi.internal.loader.classpath.ClasspathManager::findClassImpl@87 (line 673)
  0x000001c8391a56fc: 0016 76ff 

  0x000001c8391a5700: ;   {other}
  0x000001c8391a5700: 0f1f 8400 | f055 005c | ba45 ffff | ff4c 8b54 | 2430 4c89 | 5424 284c | 8b54 2438 | 4c89 5424 
  0x000001c8391a5720: 304c 894c | 2438 4889 | 7424 4089 | 7c24 4890 

  0x000001c8391a5730: ;   {runtime_call UncommonTrapBlob}
  0x000001c8391a5730: c5f8 77e8 

  0x000001c8391a5734: ; ImmutableOopMap {[40]=Oop [48]=Oop [56]=Oop [112]=Oop [120]=Oop }
                      ;*if_icmpne {reexecute=1 rethrow=0 return_oop=0}
                      ; - (reexecute) java.lang.StringConcatHelper::mix@13
                      ; - java.lang.StringConcatHelper::simpleConcat@46
                      ; - java.lang.String::concat@11
                      ; - org.eclipse.osgi.internal.loader.classpath.ClasspathManager::findClassImpl@87 (line 673)
  0x000001c8391a5734: c815 76ff 

  0x000001c8391a5738: ;   {other}
  0x000001c8391a5738: 0f1f 8400 | 2856 005d | ba45 ffff | ff4c 8b54 | 2430 4c89 | 5424 284c | 8b54 2438 | 4c89 5424 
  0x000001c8391a5758: 304c 894c | 2438 4889 | 4424 4089 | 4c24 4890 

  0x000001c8391a5768: ;   {runtime_call UncommonTrapBlob}
  0x000001c8391a5768: c5f8 77e8 

  0x000001c8391a576c: ; ImmutableOopMap {[40]=Oop [48]=Oop [56]=Oop [112]=Oop [120]=Oop }
                      ;*ifge {reexecute=1 rethrow=0 return_oop=0}
                      ; - (reexecute) java.lang.StringConcatHelper::newArray@13
                      ; - java.lang.StringConcatHelper::simpleConcat@61
                      ; - java.lang.String::concat@11
                      ; - org.eclipse.osgi.internal.loader.classpath.ClasspathManager::findClassImpl@87 (line 673)
  0x000001c8391a576c: 9015 76ff 

  0x000001c8391a5770: ;   {other}
  0x000001c8391a5770: 0f1f 8400 | 6056 005e | 4d8b d0e9 | 27fa ffff | bac6 ffff | ff4c 896c | 2458 6690 

  0x000001c8391a578c: ;   {runtime_call UncommonTrapBlob}
  0x000001c8391a578c: c5f8 77e8 

  0x000001c8391a5790: ; ImmutableOopMap {[48]=Oop [56]=Oop [88]=Oop [112]=Oop [120]=Oop [128]=Oop }
                      ;*invokeinterface hasNext {reexecute=0 rethrow=0 return_oop=0}
                      ; - org.eclipse.osgi.internal.loader.classpath.ClasspathEntry::findEntry@39 (line 203)
                      ; - org.eclipse.osgi.internal.loader.classpath.ClasspathManager::findClassImpl@95 (line 675)
  0x000001c8391a5790: 6c15 76ff 

  0x000001c8391a5794: ;   {other}
  0x000001c8391a5794: 0f1f 8400 | 8456 005f | 448b d8ba | e4ff ffff | 488b 6c24 | 704c 8b54 | 2478 4c89 | 5424 204c 
  0x000001c8391a57b4: 8b94 2480 | 0000 004c | 8954 2448 | 4c89 6c24 | 584c 8944 | 2468 4c89 | 4424 7844 | 894c 2474 
  0x000001c8391a57d4: 4489 9c24 | 8000 0000 

  0x000001c8391a57dc: ;   {runtime_call UncommonTrapBlob}
  0x000001c8391a57dc: c5f8 77e8 

  0x000001c8391a57e0: ; ImmutableOopMap {rbp=Oop [32]=Oop [48]=Oop [56]=Oop [72]=Oop [88]=Oop [104]=Oop [116]=NarrowOop [120]=Oop }
                      ;*aaload {reexecute=0 rethrow=0 return_oop=0}
                      ; - java.util.HashMap$HashIterator::<init>@70
                      ; - java.util.HashMap$KeyIterator::<init>@2
                      ; - java.util.HashMap$KeySet::iterator@8
                      ; - java.util.HashSet::iterator@7
                      ; - java.util.Collections$UnmodifiableCollection$1::<init>@17
                      ; - java.util.Collections$UnmodifiableCollection::iterator@5
                      ; - org.eclipse.osgi.internal.loader.classpath.ClasspathEntry::findEntry@4 (line 203)
                      ; - org.eclipse.osgi.internal.loader.classpath.ClasspathManager::findClassImpl@95 (line 675)
  0x000001c8391a57e0: 1c15 76ff 

  0x000001c8391a57e4: ;   {other}
  0x000001c8391a57e4: 0f1f 8400 | d456 0060 | ba5c ffff | ff44 8974 | 2450 4c89 | 5424 5844 | 894c 2454 

  0x000001c8391a5800: ;   {runtime_call UncommonTrapBlob}
  0x000001c8391a5800: c5f8 77e8 

  0x000001c8391a5804: ; ImmutableOopMap {[40]=Oop [48]=Oop [56]=Oop [80]=NarrowOop [84]=NarrowOop [88]=Oop [112]=Oop [120]=Oop [136]=Oop [144]=Oop }
                      ;*ifnonnull {reexecute=1 rethrow=0 return_oop=0}
                      ; - (reexecute) java.util.Objects::requireNonNull@1
                      ; - java.util.zip.ZipFile::getInputStream@3
                      ; - org.eclipse.osgi.storage.bundlefile.ZipBundleFile::doGetInputStream@5 (line 101)
                      ; - org.eclipse.osgi.storage.bundlefile.ZipBundleFile::doGetInputStream@5 (line 1)
                      ; - org.eclipse.osgi.storage.bundlefile.CloseableBundleFile::getInputStream@20 (line 487)
                      ; - org.eclipse.osgi.storage.bundlefile.ZipBundleEntry::getInputStream@8 (line 58)
                      ; - org.eclipse.osgi.storage.bundlefile.BundleEntry::getBytes@1 (line 97)
                      ; - org.eclipse.osgi.internal.loader.classpath.ClasspathManager::findClassImpl@109 (line 681)
  0x000001c8391a5804: f814 76ff 

  0x000001c8391a5808: ;   {other}
  0x000001c8391a5808: 0f1f 8400 | f856 0061 | bae4 ffff | ff48 8b6c | 2470 488b | 4c24 7848 | 894c 2420 | 488b 8c24 
  0x000001c8391a5828: 8800 0000 | 4889 4c24 | 4048 8b8c | 2490 0000 | 0048 894c | 2448 4489 | 7424 5044 | 895c 2460 
  0x000001c8391a5848: 4489 4424 | 644c 8954 | 2468 4c89 | 5424 7848 | 899c 2480 | 0000 0089 | 8424 9400 | 0000 4889 
  0x000001c8391a5868: 9c24 9800 | 0000 89b4 | 24a0 0000 | 0089 b424 | a800 0000 | 4489 8c24 | ac00 0000 | 4489 8c24 
  0x000001c8391a5888: b400 0000 

  0x000001c8391a588c: ;   {runtime_call UncommonTrapBlob}
  0x000001c8391a588c: c5f8 77e8 

  0x000001c8391a5890: ; ImmutableOopMap {rbp=Oop [32]=Oop [40]=Oop [48]=Oop [56]=Oop [64]=Oop [72]=Oop [80]=NarrowOop [96]=NarrowOop [100]=NarrowOop [104]=Oop [120]=Oop [128]=Oop [152]=Oop [160]=NarrowOop [168]=NarrowOop }
                      ;*baload {reexecute=0 rethrow=0 return_oop=0}
                      ; - java.util.zip.ZipUtils::SH@2
                      ; - java.util.zip.ZipUtils::LG@2
                      ; - java.util.zip.ZipUtils::CENSIZ@5
                      ; - java.util.zip.ZipFile$ZipFileInputStream::<init>@12
                      ; - java.util.zip.ZipFile::getInputStream@88
                      ; - org.eclipse.osgi.storage.bundlefile.ZipBundleFile::doGetInputStream@5 (line 101)
                      ; - org.eclipse.osgi.storage.bundlefile.ZipBundleFile::doGetInputStream@5 (line 1)
                      ; - org.eclipse.osgi.storage.bundlefile.CloseableBundleFile::getInputStream@20 (line 487)
                      ; - org.eclipse.osgi.storage.bundlefile.ZipBundleEntry::getInputStream@8 (line 58)
                      ; - org.eclipse.osgi.storage.bundlefile.BundleEntry::getBytes@1 (line 97)
                      ; - org.eclipse.osgi.internal.loader.classpath.ClasspathManager::findClassImpl@109 (line 681)
  0x000001c8391a5890: 6c14 76ff 

  0x000001c8391a5894: ;   {other}
  0x000001c8391a5894: 0f1f 8400 | 8457 0062 | 8d68 15ba | e4ff ffff | 4c8b 5424 | 704c 8954 | 2420 4c8b | 5424 784c 
  0x000001c8391a58b4: 8954 2448 | 4c8b 9424 | 8800 0000 | 4c89 5424 | 604c 8b94 | 2490 0000 | 004c 8954 | 2468 c5fa 
  0x000001c8391a58d4: 114c 2478 | c5fb 1184 | 2480 0000 | 00c5 fb11 | 8424 8800 | 0000 89b4 | 24a8 0000 | 0044 898c 
  0x000001c8391a58f4: 24ac 0000 | 0044 89b4 | 24b0 0000 | 0089 b424 | b400 0000 

  0x000001c8391a5908: ;   {runtime_call UncommonTrapBlob}
  0x000001c8391a5908: c5f8 77e8 

  0x000001c8391a590c: ; ImmutableOopMap {[32]=Oop [40]=Oop [48]=Oop [56]=Oop [64]=NarrowOop [72]=Oop [80]=NarrowOop [88]=Oop [96]=Oop [104]=Oop [120]=NarrowOop [128]=Oop [136]=Oop [168]=NarrowOop [180]=NarrowOop }
                      ;*baload {reexecute=0 rethrow=0 return_oop=0}
                      ; - java.util.zip.ZipUtils::SH@11
                      ; - java.util.zip.ZipUtils::LG@2
                      ; - java.util.zip.ZipUtils::CENSIZ@5
                      ; - java.util.zip.ZipFile$ZipFileInputStream::<init>@12
                      ; - java.util.zip.ZipFile::getInputStream@88
                      ; - org.eclipse.osgi.storage.bundlefile.ZipBundleFile::doGetInputStream@5 (line 101)
                      ; - org.eclipse.osgi.storage.bundlefile.ZipBundleFile::doGetInputStream@5 (line 1)
                      ; - org.eclipse.osgi.storage.bundlefile.CloseableBundleFile::getInputStream@20 (line 487)
                      ; - org.eclipse.osgi.storage.bundlefile.ZipBundleEntry::getInputStream@8 (line 58)
                      ; - org.eclipse.osgi.storage.bundlefile.BundleEntry::getBytes@1 (line 97)
                      ; - org.eclipse.osgi.internal.loader.classpath.ClasspathManager::findClassImpl@109 (line 681)
  0x000001c8391a590c: f013 76ff 

  0x000001c8391a5910: ;   {other}
  0x000001c8391a5910: 0f1f 8400 | 0058 0063 | bae4 ffff | ff48 8b6c | 2470 4c8b | 5424 784c | 8954 2420 | 4c8b 9424 
  0x000001c8391a5930: 8800 0000 | 4c89 5424 | 6044 8b5c | 2454 4489 | 5c24 44c5 | fa11 4c24 | 5444 8984 | 2488 0000 
  0x000001c8391a5950: 0089 8c24 | 8c00 0000 

  0x000001c8391a5958: ;   {runtime_call UncommonTrapBlob}
  0x000001c8391a5958: c5f8 77e8 

  0x000001c8391a595c: ; ImmutableOopMap {rbp=Oop [32]=Oop [40]=Oop [48]=Oop [56]=Oop [64]=NarrowOop [72]=Oop [80]=NarrowOop [84]=NarrowOop [88]=Oop [96]=Oop [136]=NarrowOop [144]=Oop }
                      ;*baload {reexecute=0 rethrow=0 return_oop=0}
                      ; - java.util.zip.ZipUtils::SH@2
                      ; - java.util.zip.ZipUtils::CENHOW@5
                      ; - java.util.zip.ZipFile::getInputStream@98
                      ; - org.eclipse.osgi.storage.bundlefile.ZipBundleFile::doGetInputStream@5 (line 101)
                      ; - org.eclipse.osgi.storage.bundlefile.ZipBundleFile::doGetInputStream@5 (line 1)
                      ; - org.eclipse.osgi.storage.bundlefile.CloseableBundleFile::getInputStream@20 (line 487)
                      ; - org.eclipse.osgi.storage.bundlefile.ZipBundleEntry::getInputStream@8 (line 58)
                      ; - org.eclipse.osgi.storage.bundlefile.BundleEntry::getBytes@1 (line 97)
                      ; - org.eclipse.osgi.internal.loader.classpath.ClasspathManager::findClassImpl@109 (line 681)
  0x000001c8391a595c: a013 76ff 

  0x000001c8391a5960: ;   {other}
  0x000001c8391a5960: 0f1f 8400 | 5058 0064 | 8b6c 2454 | 83c5 0bba | e4ff ffff | 4c8b 5c24 | 704c 895c | 2420 4c8b 
  0x000001c8391a5980: 5c24 784c | 895c 2460 | 4c8b 9c24 | 8800 0000 | 4c89 5c24 | 6844 8b5c | 2454 4489 | 5c24 44c5 
  0x000001c8391a59a0: fa11 4c24 | 5444 8994 | 2488 0000 | 0044 8984 | 248c 0000 | 0066 6690 

  0x000001c8391a59b8: ;   {runtime_call UncommonTrapBlob}
  0x000001c8391a59b8: c5f8 77e8 

  0x000001c8391a59bc: ; ImmutableOopMap {[32]=Oop [40]=Oop [48]=Oop [56]=Oop [64]=NarrowOop [72]=Oop [80]=NarrowOop [84]=NarrowOop [88]=Oop [96]=Oop [104]=Oop [140]=NarrowOop [144]=Oop }
                      ;*baload {reexecute=0 rethrow=0 return_oop=0}
                      ; - java.util.zip.ZipUtils::SH@11
                      ; - java.util.zip.ZipUtils::CENHOW@5
                      ; - java.util.zip.ZipFile::getInputStream@98
                      ; - org.eclipse.osgi.storage.bundlefile.ZipBundleFile::doGetInputStream@5 (line 101)
                      ; - org.eclipse.osgi.storage.bundlefile.ZipBundleFile::doGetInputStream@5 (line 1)
                      ; - org.eclipse.osgi.storage.bundlefile.CloseableBundleFile::getInputStream@20 (line 487)
                      ; - org.eclipse.osgi.storage.bundlefile.ZipBundleEntry::getInputStream@8 (line 58)
                      ; - org.eclipse.osgi.storage.bundlefile.BundleEntry::getBytes@1 (line 97)
                      ; - org.eclipse.osgi.internal.loader.classpath.ClasspathManager::findClassImpl@109 (line 681)
  0x000001c8391a59bc: 4013 76ff 

  0x000001c8391a59c0: ;   {other}
  0x000001c8391a59c0: 0f1f 8400 | b058 0065 | baf6 ffff | ff48 8b6c | 2470 4c8b | 4424 784c | 8944 2420 | 4c8b 8424 
  0x000001c8391a59e0: 8800 0000 | 4c89 4424 | 484c 8b84 | 2490 0000 | 004c 8944 | 2460 448b | 4424 5044 | 8944 2444 
  0x000001c8391a5a00: 4889 4c24 | 7044 895c | 2478 4889 | 8424 8000 | 0000 4889 | 8c24 8800 | 0000 4489 | 9424 9000 
  0x000001c8391a5a20: 0000 6690 

  0x000001c8391a5a24: ;   {runtime_call UncommonTrapBlob}
  0x000001c8391a5a24: c5f8 77e8 

  0x000001c8391a5a28: ; ImmutableOopMap {rbp=Oop [32]=Oop [40]=Oop [48]=Oop [56]=Oop [64]=NarrowOop [68]=NarrowOop [72]=Oop [88]=Oop [96]=Oop [112]=Oop [128]=Oop [136]=Oop [144]=NarrowOop }
                      ;*monitorenter {reexecute=0 rethrow=0 return_oop=0}
                      ; - java.util.zip.ZipFile$CleanableResource::getInflater@6
                      ; - java.util.zip.ZipFile$ZipFileInflaterInputStream::<init>@5
                      ; - java.util.zip.ZipFile::getInputStream@216
                      ; - org.eclipse.osgi.storage.bundlefile.ZipBundleFile::doGetInputStream@5 (line 101)
                      ; - org.eclipse.osgi.storage.bundlefile.ZipBundleFile::doGetInputStream@5 (line 1)
                      ; - org.eclipse.osgi.storage.bundlefile.CloseableBundleFile::getInputStream@20 (line 487)
                      ; - org.eclipse.osgi.storage.bundlefile.ZipBundleEntry::getInputStream@8 (line 58)
                      ; - org.eclipse.osgi.storage.bundlefile.BundleEntry::getBytes@1 (line 97)
                      ; - org.eclipse.osgi.internal.loader.classpath.ClasspathManager::findClassImpl@109 (line 681)
  0x000001c8391a5a28: d412 76ff 

  0x000001c8391a5a2c: ;   {other}
  0x000001c8391a5a2c: 0f1f 8400 | 1c59 0066 | bae4 ffff | ff48 8b6c | 2470 4c8b | 5c24 784c | 895c 2420 | 4c8b 9c24 
  0x000001c8391a5a4c: 8800 0000 | 4c89 5c24 | 604c 8b9c | 2490 0000 | 004c 895c | 2470 448b | 5c24 5044 | 895c 2444 
  0x000001c8391a5a6c: 448b 8424 | 9800 0000 | 4489 4424 | 504c 898c | 2498 0000 | 0044 8994 | 24a8 0000 | 0089 8c24 
  0x000001c8391a5a8c: ac00 0000 

  0x000001c8391a5a90: ;   {runtime_call UncommonTrapBlob}
  0x000001c8391a5a90: c5f8 77e8 

  0x000001c8391a5a94: ; ImmutableOopMap {rbp=Oop [32]=Oop [40]=Oop [48]=Oop [56]=Oop [64]=NarrowOop [68]=NarrowOop [72]=Oop [84]=NarrowOop [88]=Oop [96]=Oop [108]=NarrowOop [112]=Oop [128]=Oop [152]=Oop [168]=NarrowOop }
                      ;*aaload {reexecute=0 rethrow=0 return_oop=0}
                      ; - java.util.ArrayDeque::elementAt@2
                      ; - java.util.ArrayDeque::pollFirst@12
                      ; - java.util.ArrayDeque::poll@1
                      ; - java.util.zip.ZipFile$CleanableResource::getInflater@11
                      ; - java.util.zip.ZipFile$ZipFileInflaterInputStream::<init>@5
                      ; - java.util.zip.ZipFile::getInputStream@216
                      ; - org.eclipse.osgi.storage.bundlefile.ZipBundleFile::doGetInputStream@5 (line 101)
                      ; - org.eclipse.osgi.storage.bundlefile.ZipBundleFile::doGetInputStream@5 (line 1)
                      ; - org.eclipse.osgi.storage.bundlefile.CloseableBundleFile::getInputStream@20 (line 487)
                      ; - org.eclipse.osgi.storage.bundlefile.ZipBundleEntry::getInputStream@8 (line 58)
                      ; - org.eclipse.osgi.storage.bundlefile.BundleEntry::getBytes@1 (line 97)
                      ; - org.eclipse.osgi.internal.loader.classpath.ClasspathManager::findClassImpl@109 (line 681)
  0x000001c8391a5a94: 6812 76ff 

  0x000001c8391a5a98: ;   {other}
  0x000001c8391a5a98: 0f1f 8400 | 8859 0067 | 458b da49 | 63cb e997 | cdff ffba | f6ff ffff | 488b 6c24 | 704c 8b54 
  0x000001c8391a5ab8: 2478 4c89 | 5424 204c | 8b94 2488 | 0000 004c | 8954 2460 | 4c8b 9424 | 9000 0000 | 4c89 5424 
  0x000001c8391a5ad8: 7044 8b5c | 2450 4489 | 5c24 444c | 8984 2490 | 0000 004c | 8984 2498 | 0000 0090 

  0x000001c8391a5af4: ;   {runtime_call UncommonTrapBlob}
  0x000001c8391a5af4: c5f8 77e8 

  0x000001c8391a5af8: ; ImmutableOopMap {rbp=Oop [32]=Oop [40]=Oop [48]=Oop [56]=Oop [64]=NarrowOop [68]=NarrowOop [72]=Oop [88]=Oop [96]=Oop [104]=Oop [112]=Oop [144]=Oop [152]=Oop }
                      ;*monitorenter {reexecute=0 rethrow=0 return_oop=0}
                      ; - jdk.internal.ref.PhantomCleanable::insert@6
                      ; - jdk.internal.ref.PhantomCleanable::<init>@37
                      ; - jdk.internal.ref.CleanerImpl$PhantomCleanableRef::<init>@3
                      ; - java.lang.ref.Cleaner::register@21
                      ; - java.util.zip.ZipFile$ZipFileInflaterInputStream::<init>@34
                      ; - java.util.zip.ZipFile$ZipFileInflaterInputStream::<init>@10
                      ; - java.util.zip.ZipFile::getInputStream@216
                      ; - org.eclipse.osgi.storage.bundlefile.ZipBundleFile::doGetInputStream@5 (line 101)
                      ; - org.eclipse.osgi.storage.bundlefile.ZipBundleFile::doGetInputStream@5 (line 1)
                      ; - org.eclipse.osgi.storage.bundlefile.CloseableBundleFile::getInputStream@20 (line 487)
                      ; - org.eclipse.osgi.storage.bundlefile.ZipBundleEntry::getInputStream@8 (line 58)
                      ; - org.eclipse.osgi.storage.bundlefile.BundleEntry::getBytes@1 (line 97)
                      ; - org.eclipse.osgi.internal.loader.classpath.ClasspathManager::findClassImpl@109 (line 681)
  0x000001c8391a5af8: 0412 76ff 

  0x000001c8391a5afc: ;   {other}
  0x000001c8391a5afc: 0f1f 8400 | ec59 0068 | ba66 ffff | ff48 8944 | 2448 4889 | 4424 5090 

  0x000001c8391a5b14: ;   {runtime_call UncommonTrapBlob}
  0x000001c8391a5b14: c5f8 77e8 

  0x000001c8391a5b18: ; ImmutableOopMap {[40]=Oop [48]=Oop [56]=Oop [72]=Oop [80]=Oop [112]=Oop [120]=Oop }
                      ;*invokevirtual getInputStream {reexecute=0 rethrow=0 return_oop=0}
                      ; - org.eclipse.osgi.storage.bundlefile.BundleEntry::getBytes@1 (line 97)
                      ; - org.eclipse.osgi.internal.loader.classpath.ClasspathManager::findClassImpl@109 (line 681)
  0x000001c8391a5b18: e411 76ff 

  0x000001c8391a5b1c: ;   {other}
  0x000001c8391a5b1c: 0f1f 8400 | 0c5a 0069 | bade ffff | ff44 894c | 245c 4489 | 7424 6090 

  0x000001c8391a5b34: ;   {runtime_call UncommonTrapBlob}
  0x000001c8391a5b34: c5f8 77e8 

  0x000001c8391a5b38: ; ImmutableOopMap {rbp=NarrowOop [40]=Oop [48]=Oop [56]=Oop [92]=NarrowOop [96]=NarrowOop [112]=Oop [120]=Oop [136]=Oop [144]=Oop }
                      ;*invokevirtual initialTryLock {reexecute=0 rethrow=0 return_oop=0}
                      ; - java.util.concurrent.locks.ReentrantLock$Sync::lock@1
                      ; - java.util.concurrent.locks.ReentrantLock::lock@4
                      ; - org.eclipse.osgi.storage.bundlefile.CloseableBundleFile::lockOpen@4 (line 85)
                      ; - org.eclipse.osgi.storage.bundlefile.CloseableBundleFile::getInputStream@1 (line 483)
                      ; - org.eclipse.osgi.storage.bundlefile.ZipBundleEntry::getInputStream@8 (line 58)
                      ; - org.eclipse.osgi.storage.bundlefile.BundleEntry::getBytes@1 (line 97)
                      ; - org.eclipse.osgi.internal.loader.classpath.ClasspathManager::findClassImpl@109 (line 681)
  0x000001c8391a5b38: c411 76ff 

  0x000001c8391a5b3c: ;   {other}
  0x000001c8391a5b3c: 0f1f 8400 | 2c5a 006a | bade ffff | ff44 8974 | 2458 4489 | 4c24 5c90 

  0x000001c8391a5b54: ;   {runtime_call UncommonTrapBlob}
  0x000001c8391a5b54: c5f8 77e8 

  0x000001c8391a5b58: ; ImmutableOopMap {rbp=NarrowOop [40]=Oop [48]=Oop [56]=Oop [88]=NarrowOop [92]=NarrowOop [112]=Oop [120]=Oop [136]=Oop [144]=Oop }
                      ;*invokevirtual getInputStream {reexecute=0 rethrow=0 return_oop=0}
                      ; - org.eclipse.osgi.storage.bundlefile.ZipBundleFile::doGetInputStream@5 (line 101)
                      ; - org.eclipse.osgi.storage.bundlefile.ZipBundleFile::doGetInputStream@5 (line 1)
                      ; - org.eclipse.osgi.storage.bundlefile.CloseableBundleFile::getInputStream@20 (line 487)
                      ; - org.eclipse.osgi.storage.bundlefile.ZipBundleEntry::getInputStream@8 (line 58)
                      ; - org.eclipse.osgi.storage.bundlefile.BundleEntry::getBytes@1 (line 97)
                      ; - org.eclipse.osgi.internal.loader.classpath.ClasspathManager::findClassImpl@109 (line 681)
  0x000001c8391a5b58: a411 76ff 

  0x000001c8391a5b5c: ;   {other}
  0x000001c8391a5b5c: 0f1f 8400 | 4c5a 006b | 4489 8424 | 8000 0000 | 4489 5c24 | 5c4c 8954 | 2468 8954 | 2458 4489 
  0x000001c8391a5b7c: 7424 504c | 8b94 2490 | 0000 004c | 8954 2448 | 4c8b 9424 | 8800 0000 | 4c89 5424 | 4049 8be9 
  0x000001c8391a5b9c: 4489 4c24 | 5448 8b54 | 2468 4c8d | 8424 f000 | 0000 6690 

  0x000001c8391a5bb0: ;   {runtime_call _complete_monitor_locking_Java}
  0x000001c8391a5bb0: c5f8 77e8 

  0x000001c8391a5bb4: ; ImmutableOopMap {rbp=Oop [32]=Oop [40]=Oop [48]=Oop [56]=Oop [64]=Oop [72]=Oop [80]=NarrowOop [84]=NarrowOop [88]=NarrowOop [92]=NarrowOop [96]=Oop [104]=Oop [112]=Oop [120]=Oop [128]=NarrowOop }
                      ;*monitorenter {reexecute=0 rethrow=0 return_oop=0}
                      ; - java.util.zip.ZipFile::getInputStream@29
                      ; - org.eclipse.osgi.storage.bundlefile.ZipBundleFile::doGetInputStream@5 (line 101)
                      ; - org.eclipse.osgi.storage.bundlefile.ZipBundleFile::doGetInputStream@5 (line 1)
                      ; - org.eclipse.osgi.storage.bundlefile.CloseableBundleFile::getInputStream@20 (line 487)
                      ; - org.eclipse.osgi.storage.bundlefile.ZipBundleEntry::getInputStream@8 (line 58)
                      ; - org.eclipse.osgi.storage.bundlefile.BundleEntry::getBytes@1 (line 97)
                      ; - org.eclipse.osgi.internal.loader.classpath.ClasspathManager::findClassImpl@109 (line 681)
  0x000001c8391a5bb4: c898 81ff 

  0x000001c8391a5bb8: ;   {other}
  0x000001c8391a5bb8: 0f1f 8400 | a85a 006c | 4c8b 5424 | 404c 8994 | 2488 0000 | 004c 8b54 | 2448 4c89 | 9424 9000 
  0x000001c8391a5bd8: 0000 448b | 7424 5044 | 8b4c 2454 | 8b54 2458 | 4c8b 5424 | 6844 8b5c | 245c 448b | 8424 8000 
  0x000001c8391a5bf8: 0000 e946 | c5ff ffba | 45ff ffff | 4c8b 5424 | 704c 8954 | 2420 4c8b | 5424 784c | 8954 2460 
  0x000001c8391a5c18: 448b 5424 | 5444 8954 | 2444 c5fa | 114c 2454 

  0x000001c8391a5c28: ;   {runtime_call UncommonTrapBlob}
  0x000001c8391a5c28: c5f8 77e8 

  0x000001c8391a5c2c: ; ImmutableOopMap {[32]=Oop [40]=Oop [48]=Oop [56]=Oop [64]=NarrowOop [72]=Oop [80]=NarrowOop [84]=NarrowOop [88]=Oop [96]=Oop [136]=Oop [144]=Oop }
                      ;*lookupswitch {reexecute=1 rethrow=0 return_oop=0}
                      ; - (reexecute) java.util.zip.ZipFile::getInputStream@101
                      ; - org.eclipse.osgi.storage.bundlefile.ZipBundleFile::doGetInputStream@5 (line 101)
                      ; - org.eclipse.osgi.storage.bundlefile.ZipBundleFile::doGetInputStream@5 (line 1)
                      ; - org.eclipse.osgi.storage.bundlefile.CloseableBundleFile::getInputStream@20 (line 487)
                      ; - org.eclipse.osgi.storage.bundlefile.ZipBundleEntry::getInputStream@8 (line 58)
                      ; - org.eclipse.osgi.storage.bundlefile.BundleEntry::getBytes@1 (line 97)
                      ; - org.eclipse.osgi.internal.loader.classpath.ClasspathManager::findClassImpl@109 (line 681)
  0x000001c8391a5c2c: d010 76ff 

  0x000001c8391a5c30: ;   {other}
  0x000001c8391a5c30: 0f1f 8400 | 205b 006d | 498b d34c | 8d84 24f8 | 0000 0090 

  0x000001c8391a5c44: ;   {runtime_call _complete_monitor_locking_Java}
  0x000001c8391a5c44: c5f8 77e8 

  0x000001c8391a5c48: ; ImmutableOopMap {[32]=Oop [40]=Oop [48]=Oop [56]=Oop [64]=NarrowOop [68]=NarrowOop [72]=Oop [80]=NarrowOop [84]=NarrowOop [88]=Oop [96]=Oop [104]=NarrowOop [108]=NarrowOop [112]=Oop [120]=Oop [128]=Oop [136]=Oop [144]=Oop [160]=Oop [168]=Oop }
                      ;*monitorenter {reexecute=0 rethrow=0 return_oop=0}
                      ; - java.util.zip.ZipFile$CleanableResource::getInflater@6
                      ; - java.util.zip.ZipFile$ZipFileInflaterInputStream::<init>@5
                      ; - java.util.zip.ZipFile::getInputStream@216
                      ; - org.eclipse.osgi.storage.bundlefile.ZipBundleFile::doGetInputStream@5 (line 101)
                      ; - org.eclipse.osgi.storage.bundlefile.ZipBundleFile::doGetInputStream@5 (line 1)
                      ; - org.eclipse.osgi.storage.bundlefile.CloseableBundleFile::getInputStream@20 (line 487)
                      ; - org.eclipse.osgi.storage.bundlefile.ZipBundleEntry::getInputStream@8 (line 58)
                      ; - org.eclipse.osgi.storage.bundlefile.BundleEntry::getBytes@1 (line 97)
                      ; - org.eclipse.osgi.internal.loader.classpath.ClasspathManager::findClassImpl@109 (line 681)
  0x000001c8391a5c48: 3498 81ff 

  0x000001c8391a5c4c: ;   {other}
  0x000001c8391a5c4c: 0f1f 8400 | 3c5b 006e | e9bb c9ff | ffba deff | ffff 4c8b | 5424 704c | 8954 2420 | 4c8b 5424 
  0x000001c8391a5c6c: 784c 8954 | 2460 4c8b | 9424 8800 | 0000 4c89 | 5424 704c | 8b94 2490 | 0000 004c | 8954 2478 
  0x000001c8391a5c8c: 448b 5c24 | 5044 895c | 2444 448b | 9424 9800 | 0000 4489 | 5424 5090 

  0x000001c8391a5ca4: ;   {runtime_call UncommonTrapBlob}
  0x000001c8391a5ca4: c5f8 77e8 

  0x000001c8391a5ca8: ; ImmutableOopMap {rbp=NarrowOop [32]=Oop [40]=Oop [48]=Oop [56]=Oop [64]=NarrowOop [68]=NarrowOop [72]=Oop [84]=NarrowOop [88]=Oop [96]=Oop [108]=NarrowOop [112]=Oop [120]=Oop [128]=Oop }
                      ;*invokeinterface poll {reexecute=0 rethrow=0 return_oop=0}
                      ; - java.util.zip.ZipFile$CleanableResource::getInflater@11
                      ; - java.util.zip.ZipFile$ZipFileInflaterInputStream::<init>@5
                      ; - java.util.zip.ZipFile::getInputStream@216
                      ; - org.eclipse.osgi.storage.bundlefile.ZipBundleFile::doGetInputStream@5 (line 101)
                      ; - org.eclipse.osgi.storage.bundlefile.ZipBundleFile::doGetInputStream@5 (line 1)
                      ; - org.eclipse.osgi.storage.bundlefile.CloseableBundleFile::getInputStream@20 (line 487)
                      ; - org.eclipse.osgi.storage.bundlefile.ZipBundleEntry::getInputStream@8 (line 58)
                      ; - org.eclipse.osgi.storage.bundlefile.BundleEntry::getBytes@1 (line 97)
                      ; - org.eclipse.osgi.internal.loader.classpath.ClasspathManager::findClassImpl@109 (line 681)
  0x000001c8391a5ca8: 5410 76ff 

  0x000001c8391a5cac: ;   {other}
  0x000001c8391a5cac: 0f1f 8400 | 9c5b 006f | bade ffff | ff4c 8b54 | 2470 4c89 | 5424 204c | 8b54 2478 | 4c89 5424 
  0x000001c8391a5ccc: 604c 8b94 | 2488 0000 | 004c 8954 | 2468 4c8b | 9424 9000 | 0000 4c89 | 5424 7044 | 8b54 2450 
  0x000001c8391a5cec: 4489 5424 | 444c 8984 | 2490 0000 | 004c 898c | 2498 0000 | 004c 8984 | 24a0 0000 | 0066 6690 
  0x000001c8391a5d0c: ;   {runtime_call UncommonTrapBlob}
  0x000001c8391a5d0c: c5f8 77e8 

  0x000001c8391a5d10: ; ImmutableOopMap {rbp=NarrowOop [32]=Oop [40]=Oop [48]=Oop [56]=Oop [64]=NarrowOop [68]=NarrowOop [72]=Oop [88]=Oop [96]=Oop [104]=Oop [112]=Oop [144]=Oop [152]=Oop [160]=Oop }
                      ;*invokeinterface apply {reexecute=0 rethrow=0 return_oop=0}
                      ; - jdk.internal.ref.CleanerImpl::getCleanerImpl@4
                      ; - jdk.internal.ref.PhantomCleanable::<init>@6
                      ; - jdk.internal.ref.CleanerImpl$PhantomCleanableRef::<init>@3
                      ; - java.lang.ref.Cleaner::register@21
                      ; - java.util.zip.ZipFile$ZipFileInflaterInputStream::<init>@34
                      ; - java.util.zip.ZipFile$ZipFileInflaterInputStream::<init>@10
                      ; - java.util.zip.ZipFile::getInputStream@216
                      ; - org.eclipse.osgi.storage.bundlefile.ZipBundleFile::doGetInputStream@5 (line 101)
                      ; - org.eclipse.osgi.storage.bundlefile.ZipBundleFile::doGetInputStream@5 (line 1)
                      ; - org.eclipse.osgi.storage.bundlefile.CloseableBundleFile::getInputStream@20 (line 487)
                      ; - org.eclipse.osgi.storage.bundlefile.ZipBundleEntry::getInputStream@8 (line 58)
                      ; - org.eclipse.osgi.storage.bundlefile.BundleEntry::getBytes@1 (line 97)
                      ; - org.eclipse.osgi.internal.loader.classpath.ClasspathManager::findClassImpl@109 (line 681)
  0x000001c8391a5d10: ec0f 76ff 

  0x000001c8391a5d14: ;   {other}
  0x000001c8391a5d14: 0f1f 8400 | 045c 0070 | bade ffff | ff4c 8b5c | 2470 4c89 | 5c24 204c | 8b5c 2478 | 4c89 5c24 
  0x000001c8391a5d34: 604c 8b9c | 2488 0000 | 004c 895c | 2470 4c8b | 9c24 9000 | 0000 4c89 | 5c24 7844 | 8b5c 2450 
  0x000001c8391a5d54: 4489 5c24 | 444c 8994 | 2498 0000 | 004c 8994 | 24a0 0000 | 0066 6690 

  0x000001c8391a5d6c: ;   {runtime_call UncommonTrapBlob}
  0x000001c8391a5d6c: c5f8 77e8 

  0x000001c8391a5d70: ; ImmutableOopMap {rbp=NarrowOop [32]=Oop [40]=Oop [48]=Oop [56]=Oop [64]=NarrowOop [68]=NarrowOop [72]=Oop [88]=Oop [96]=Oop [104]=Oop [112]=Oop [120]=Oop [152]=Oop [160]=Oop }
                      ;*invokeinterface apply {reexecute=0 rethrow=0 return_oop=0}
                      ; - jdk.internal.ref.CleanerImpl::getCleanerImpl@4
                      ; - jdk.internal.ref.PhantomCleanable::<init>@27
                      ; - jdk.internal.ref.CleanerImpl$PhantomCleanableRef::<init>@3
                      ; - java.lang.ref.Cleaner::register@21
                      ; - java.util.zip.ZipFile$ZipFileInflaterInputStream::<init>@34
                      ; - java.util.zip.ZipFile$ZipFileInflaterInputStream::<init>@10
                      ; - java.util.zip.ZipFile::getInputStream@216
                      ; - org.eclipse.osgi.storage.bundlefile.ZipBundleFile::doGetInputStream@5 (line 101)
                      ; - org.eclipse.osgi.storage.bundlefile.ZipBundleFile::doGetInputStream@5 (line 1)
                      ; - org.eclipse.osgi.storage.bundlefile.CloseableBundleFile::getInputStream@20 (line 487)
                      ; - org.eclipse.osgi.storage.bundlefile.ZipBundleEntry::getInputStream@8 (line 58)
                      ; - org.eclipse.osgi.storage.bundlefile.BundleEntry::getBytes@1 (line 97)
                      ; - org.eclipse.osgi.internal.loader.classpath.ClasspathManager::findClassImpl@109 (line 681)
  0x000001c8391a5d70: 8c0f 76ff 

  0x000001c8391a5d74: ;   {other}
  0x000001c8391a5d74: 0f1f 8400 | 645c 0071 | 4c89 8c24 | a000 0000 | 4c89 8424 | 9800 0000 | 498b d14c | 8d84 24f8 
  0x000001c8391a5d94: 0000 0090 

  0x000001c8391a5d98: ;   {runtime_call _complete_monitor_locking_Java}
  0x000001c8391a5d98: c5f8 77e8 

  0x000001c8391a5d9c: ; ImmutableOopMap {rbp=NarrowOop [32]=Oop [40]=Oop [48]=Oop [56]=Oop [64]=NarrowOop [68]=NarrowOop [72]=Oop [80]=NarrowOop [84]=NarrowOop [88]=Oop [96]=Oop [104]=Oop [112]=Oop [120]=Oop [128]=NarrowOop [136]=Oop [144]=Oop [152]=Oop [160]=Oop }
                      ;*monitorenter {reexecute=0 rethrow=0 return_oop=0}
                      ; - jdk.internal.ref.PhantomCleanable::insert@6
                      ; - jdk.internal.ref.PhantomCleanable::<init>@37
                      ; - jdk.internal.ref.CleanerImpl$PhantomCleanableRef::<init>@3
                      ; - java.lang.ref.Cleaner::register@21
                      ; - java.util.zip.ZipFile$ZipFileInflaterInputStream::<init>@34
                      ; - java.util.zip.ZipFile$ZipFileInflaterInputStream::<init>@10
                      ; - java.util.zip.ZipFile::getInputStream@216
                      ; - org.eclipse.osgi.storage.bundlefile.ZipBundleFile::doGetInputStream@5 (line 101)
                      ; - org.eclipse.osgi.storage.bundlefile.ZipBundleFile::doGetInputStream@5 (line 1)
                      ; - org.eclipse.osgi.storage.bundlefile.CloseableBundleFile::getInputStream@20 (line 487)
                      ; - org.eclipse.osgi.storage.bundlefile.ZipBundleEntry::getInputStream@8 (line 58)
                      ; - org.eclipse.osgi.storage.bundlefile.BundleEntry::getBytes@1 (line 97)
                      ; - org.eclipse.osgi.internal.loader.classpath.ClasspathManager::findClassImpl@109 (line 681)
  0x000001c8391a5d9c: e096 81ff 

  0x000001c8391a5da0: ;   {other}
  0x000001c8391a5da0: 0f1f 8400 | 905c 0072 | 4c8b 8424 | 9800 0000 | 4c8b 8c24 | a000 0000 | e9da cdff | ff41 8bfa 
  0x000001c8391a5dc0: 498b d849 | 8bc9 488d | 9424 f800 | 0000 4d8b | c7c5 f877 | 49ba 40d9 | 5c34 f97f | 0000 41ff 
  0x000001c8391a5de0: ;   {other}
  0x000001c8391a5de0: d20f 1f84 | 0000 0000 | 004c 8bc3 | 448b d7e9 | 7fce ffff | bade ffff | ff48 8b6c | 2470 4c8b 
  0x000001c8391a5e00: 5424 784c | 8954 2420 | 4489 5c24 | 704c 894c | 2478 4489 | 5c24 7490 

  0x000001c8391a5e18: ;   {runtime_call UncommonTrapBlob}
  0x000001c8391a5e18: c5f8 77e8 

  0x000001c8391a5e1c: ; ImmutableOopMap {rbp=Oop [32]=Oop [40]=Oop [48]=Oop [56]=Oop [64]=NarrowOop [72]=Oop [112]=NarrowOop [116]=NarrowOop [120]=Oop [136]=Oop [144]=Oop }
                      ;*invokeinterface add {reexecute=0 rethrow=0 return_oop=0}
                      ; - java.util.zip.ZipFile::getInputStream@231
                      ; - org.eclipse.osgi.storage.bundlefile.ZipBundleFile::doGetInputStream@5 (line 101)
                      ; - org.eclipse.osgi.storage.bundlefile.ZipBundleFile::doGetInputStream@5 (line 1)
                      ; - org.eclipse.osgi.storage.bundlefile.CloseableBundleFile::getInputStream@20 (line 487)
                      ; - org.eclipse.osgi.storage.bundlefile.ZipBundleEntry::getInputStream@8 (line 58)
                      ; - org.eclipse.osgi.storage.bundlefile.BundleEntry::getBytes@1 (line 97)
                      ; - org.eclipse.osgi.internal.loader.classpath.ClasspathManager::findClassImpl@109 (line 681)
  0x000001c8391a5e1c: e00e 76ff 

  0x000001c8391a5e20: ;   {other}
  0x000001c8391a5e20: 0f1f 8400 | 105d 0073 | 4c89 4424 | 6849 8bd0 | 4c8d 8424 | f800 0000 

  0x000001c8391a5e38: ;   {runtime_call _complete_monitor_locking_Java}
  0x000001c8391a5e38: c5f8 77e8 

  0x000001c8391a5e3c: ; ImmutableOopMap {[32]=Oop [40]=Oop [48]=Oop [56]=Oop [64]=NarrowOop [68]=NarrowOop [72]=Oop [80]=NarrowOop [88]=Oop [96]=Oop [104]=Oop [112]=Oop [120]=Oop [128]=NarrowOop [136]=Oop [144]=Oop }
                      ;*monitorenter {reexecute=0 rethrow=0 return_oop=0}
                      ; - java.util.zip.ZipFile::getInputStream@226
                      ; - org.eclipse.osgi.storage.bundlefile.ZipBundleFile::doGetInputStream@5 (line 101)
                      ; - org.eclipse.osgi.storage.bundlefile.ZipBundleFile::doGetInputStream@5 (line 1)
                      ; - org.eclipse.osgi.storage.bundlefile.CloseableBundleFile::getInputStream@20 (line 487)
                      ; - org.eclipse.osgi.storage.bundlefile.ZipBundleEntry::getInputStream@8 (line 58)
                      ; - org.eclipse.osgi.storage.bundlefile.BundleEntry::getBytes@1 (line 97)
                      ; - org.eclipse.osgi.internal.loader.classpath.ClasspathManager::findClassImpl@109 (line 681)
  0x000001c8391a5e3c: 4096 81ff 

  0x000001c8391a5e40: ;   {other}
  0x000001c8391a5e40: 0f1f 8400 | 305d 0074 | 448b 5c24 | 504c 8b4c | 2458 4c8b | 4424 68e9 | cace ffff | 498b d848 
  0x000001c8391a5e60: 8b4c 2450 | 488d 9424 | f800 0000 | 4d8b c7c5 | f877 49ba | 40d9 5c34 | f97f 0000 

  0x000001c8391a5e7c: ;   {other}
  0x000001c8391a5e7c: 41ff d20f | 1f84 0000 | 0000 004c | 8bc3 e961 | d1ff ff49 | 8bd8 4d8b | d349 8bca | 488d 9424 
  0x000001c8391a5e9c: f000 0000 | 4d8b c7c5 | f877 49ba | 40d9 5c34 | f97f 0000 

  0x000001c8391a5eb0: ;   {other}
  0x000001c8391a5eb0: 41ff d20f | 1f84 0000 | 0000 004c | 8bc3 e9cd | d1ff ffba | deff ffff | 4c89 4424 | 6044 8954 
  0x000001c8391a5ed0: 245c 6690 

  0x000001c8391a5ed4: ;   {runtime_call UncommonTrapBlob}
  0x000001c8391a5ed4: c5f8 77e8 

  0x000001c8391a5ed8: ; ImmutableOopMap {rbp=NarrowOop [40]=Oop [48]=Oop [56]=Oop [92]=NarrowOop [96]=Oop [112]=Oop [120]=Oop [136]=Oop [144]=Oop }
                      ;*invokevirtual initialTryLock {reexecute=0 rethrow=0 return_oop=0}
                      ; - java.util.concurrent.locks.ReentrantLock$Sync::lock@1
                      ; - java.util.concurrent.locks.ReentrantLock::lock@4
                      ; - org.eclipse.osgi.storage.bundlefile.CloseableBundleFile::incrementReference@4 (line 451)
                      ; - org.eclipse.osgi.storage.bundlefile.CloseableBundleFile$BundleEntryInputStream::<init>@16 (line 513)
                      ; - org.eclipse.osgi.storage.bundlefile.CloseableBundleFile::getInputStream@37 (line 489)
                      ; - org.eclipse.osgi.storage.bundlefile.ZipBundleEntry::getInputStream@8 (line 58)
                      ; - org.eclipse.osgi.storage.bundlefile.BundleEntry::getBytes@1 (line 97)
                      ; - org.eclipse.osgi.internal.loader.classpath.ClasspathManager::findClassImpl@109 (line 681)
  0x000001c8391a5ed8: 240e 76ff 

  0x000001c8391a5edc: ;   {other}
  0x000001c8391a5edc: 0f1f 8400 | cc5d 0075 | 458b 4118 

  0x000001c8391a5ee8: ; implicit exception: dispatches to 0x000001c8391a870c
  0x000001c8391a5ee8: 418b 680c 

  0x000001c8391a5eec: ; implicit exception: dispatches to 0x000001c8391a8770
  0x000001c8391a5eec: 448b 5d08 

  0x000001c8391a5ef0: ;   {metadata('java/util/concurrent/locks/ReentrantLock$NonfairSync')}
  0x000001c8391a5ef0: 4181 fba0 | bb1a 000f | 854f 1800 | 0048 8bcd | 33c0 41b8 | 0100 0000 | f044 0fb1 | 4110 410f 
  0x000001c8391a5f10: 94c0 450f | b6c0 4585 | c00f 84c4 | 0f00 0044 | 8b44 2444 | 4489 410c | 4c8b d949 | c1eb 0948 
  0x000001c8391a5f30: b900 0072 | 2dc8 0100 | 0046 8824 | 1948 899c | 2498 0000 | 0044 8944 | 2444 498b | e94c 8954 
  0x000001c8391a5f50: 2468 498b | d166 6690 

  0x000001c8391a5f58: ;   {optimized virtual_call}
  0x000001c8391a5f58: c5f8 77e8 

  0x000001c8391a5f5c: ; ImmutableOopMap {rbp=Oop [32]=Oop [40]=Oop [48]=Oop [56]=Oop [64]=NarrowOop [68]=NarrowOop [72]=Oop [80]=Oop [88]=Oop [96]=Oop [104]=Oop [112]=Oop [120]=Oop [128]=NarrowOop [136]=Oop [144]=Oop [152]=Oop }
                      ;*invokevirtual poll0 {reexecute=0 rethrow=0 return_oop=1}
                      ; - java.lang.ref.ReferenceQueue::poll@17
                      ; - java.util.WeakHashMap::expungeStaleEntries@4
                      ; - java.util.WeakHashMap::getTable@1
                      ; - java.util.WeakHashMap::put@13
                      ; - java.util.Collections$SetFromMap::add@8
                      ; - java.util.zip.ZipFile::getInputStream@231
                      ; - org.eclipse.osgi.storage.bundlefile.ZipBundleFile::doGetInputStream@5 (line 101)
                      ; - org.eclipse.osgi.storage.bundlefile.ZipBundleFile::doGetInputStream@5 (line 1)
                      ; - org.eclipse.osgi.storage.bundlefile.CloseableBundleFile::getInputStream@20 (line 487)
                      ; - org.eclipse.osgi.storage.bundlefile.ZipBundleEntry::getInputStream@8 (line 58)
                      ; - org.eclipse.osgi.storage.bundlefile.BundleEntry::getBytes@1 (line 97)
                      ; - org.eclipse.osgi.internal.loader.classpath.ClasspathManager::findClassImpl@109 (line 681)
  0x000001c8391a5f5c: 208c 75ff 

  0x000001c8391a5f60: ;   {other}
  0x000001c8391a5f60: 0f1f 8400 | 505e 0076 | 4889 8424 | a000 0000 | 448b 5d18 

  0x000001c8391a5f74: ; implicit exception: dispatches to 0x000001c8391a87d4
  0x000001c8391a5f74: 458b 4b0c 

  0x000001c8391a5f78: ; implicit exception: dispatches to 0x000001c8391a8820
  0x000001c8391a5f78: 458b 5110 | 418b 690c | 4c8b dd48 | 8b8c 2498 | 0000 004c | 3bd9 0f85 | 2818 0000 | 458d 42ff 
  0x000001c8391a5f98: 4183 fa01 | 7504 4589 | 610c 4589 | 4110 f083 | 4424 c000 | 4183 fa01 | 750d 458b | 5114 4585 
  0x000001c8391a5fb8: d20f 85a1 | 1200 004c | 8b94 24a0 | 0000 004d | 85d2 0f85 | 1c14 0000 | 4c8b 5424 | 68e9 93f2 
  0x000001c8391a5fd8: ffff bade | ffff ff48 | 8b6c 2470 | 488b 5c24 | 7848 895c | 2420 488b | 9c24 8800 | 0000 4889 
  0x000001c8391a5ff8: 5c24 5048 | 8b9c 2490 | 0000 0048 | 895c 2458 | 4c89 4424 | 784c 898c | 2488 0000 | 0044 895c 
  0x000001c8391a6018: 2444 4c89 | 9424 9000 | 0000 4c89 | 9424 9800 | 0000 898c | 24a0 0000 | 0066 6690 

  0x000001c8391a6034: ;   {runtime_call UncommonTrapBlob}
  0x000001c8391a6034: c5f8 77e8 

  0x000001c8391a6038: ; ImmutableOopMap {rbp=Oop [32]=Oop [40]=Oop [48]=Oop [56]=Oop [64]=NarrowOop [72]=Oop [80]=Oop [88]=Oop [120]=Oop [136]=Oop [144]=Oop [152]=Oop [160]=NarrowOop }
                      ;*invokevirtual poll {reexecute=0 rethrow=0 return_oop=0}
                      ; - java.util.WeakHashMap::expungeStaleEntries@4
                      ; - java.util.WeakHashMap::getTable@1
                      ; - java.util.WeakHashMap::put@13
                      ; - java.util.Collections$SetFromMap::add@8
                      ; - java.util.zip.ZipFile::getInputStream@231
                      ; - org.eclipse.osgi.storage.bundlefile.ZipBundleFile::doGetInputStream@5 (line 101)
                      ; - org.eclipse.osgi.storage.bundlefile.ZipBundleFile::doGetInputStream@5 (line 1)
                      ; - org.eclipse.osgi.storage.bundlefile.CloseableBundleFile::getInputStream@20 (line 487)
                      ; - org.eclipse.osgi.storage.bundlefile.ZipBundleEntry::getInputStream@8 (line 58)
                      ; - org.eclipse.osgi.storage.bundlefile.BundleEntry::getBytes@1 (line 97)
                      ; - org.eclipse.osgi.internal.loader.classpath.ClasspathManager::findClassImpl@109 (line 681)
  0x000001c8391a6038: c40c 76ff 

  0x000001c8391a603c: ;   {other}
  0x000001c8391a603c: 0f1f 8400 | 2c5f 0077 | bae4 ffff | ff48 8b6c | 2470 488b | 4c24 7848 | 894c 2420 | 488b 8c24 
  0x000001c8391a605c: 8800 0000 | 4889 4c24 | 5048 8b8c | 2490 0000 | 0048 894c | 2458 4c89 | 4424 784c | 8994 2480 
  0x000001c8391a607c: 0000 004c | 898c 2488 | 0000 0044 | 895c 2444 | 899c 2498 | 0000 0089 | bc24 9c00 | 0000 6690 
  0x000001c8391a609c: ;   {runtime_call UncommonTrapBlob}
  0x000001c8391a609c: c5f8 77e8 

  0x000001c8391a60a0: ; ImmutableOopMap {rbp=Oop [32]=Oop [40]=Oop [48]=Oop [56]=Oop [64]=NarrowOop [72]=Oop [80]=Oop [88]=Oop [120]=Oop [128]=Oop [136]=Oop [152]=NarrowOop }
                      ;*aaload {reexecute=0 rethrow=0 return_oop=0}
                      ; - java.util.WeakHashMap::put@32
                      ; - java.util.Collections$SetFromMap::add@8
                      ; - java.util.zip.ZipFile::getInputStream@231
                      ; - org.eclipse.osgi.storage.bundlefile.ZipBundleFile::doGetInputStream@5 (line 101)
                      ; - org.eclipse.osgi.storage.bundlefile.ZipBundleFile::doGetInputStream@5 (line 1)
                      ; - org.eclipse.osgi.storage.bundlefile.CloseableBundleFile::getInputStream@20 (line 487)
                      ; - org.eclipse.osgi.storage.bundlefile.ZipBundleEntry::getInputStream@8 (line 58)
                      ; - org.eclipse.osgi.storage.bundlefile.BundleEntry::getBytes@1 (line 97)
                      ; - org.eclipse.osgi.internal.loader.classpath.ClasspathManager::findClassImpl@109 (line 681)
  0x000001c8391a60a0: 5c0c 76ff 

  0x000001c8391a60a4: ;   {other}
  0x000001c8391a60a4: 0f1f 8400 | 945f 0078 | 4889 7c24 | 6844 8954 | 245c 8954 | 2458 4489 | 4c24 5444 | 8974 2450 
  0x000001c8391a60c4: 4c8b 9424 | 9000 0000 | 4c89 5424 | 484c 8b94 | 2488 0000 | 004c 8954 | 2440 488b | 6c24 2048 
  0x000001c8391a60e4: 8bd7 4c8d | 8424 f000 | 0000 6690 

  0x000001c8391a60f0: ;   {runtime_call _complete_monitor_locking_Java}
  0x000001c8391a60f0: c5f8 77e8 

  0x000001c8391a60f4: ; ImmutableOopMap {rbp=Oop [40]=Oop [48]=Oop [56]=Oop [64]=Oop [72]=Oop [80]=NarrowOop [84]=NarrowOop [88]=NarrowOop [92]=NarrowOop [96]=Oop [104]=Oop [112]=Oop [120]=Oop }
                      ;*monitorenter {reexecute=0 rethrow=0 return_oop=0}
                      ; - org.eclipse.osgi.storage.bundlefile.MRUBundleFileList::use@13 (line 173)
                      ; - org.eclipse.osgi.storage.bundlefile.CloseableBundleFile::mruListUse@12 (line 423)
                      ; - org.eclipse.osgi.storage.bundlefile.CloseableBundleFile::internalOpen@114 (line 157)
                      ; - org.eclipse.osgi.storage.bundlefile.CloseableBundleFile::lockOpen@8 (line 87)
                      ; - org.eclipse.osgi.storage.bundlefile.CloseableBundleFile::getInputStream@1 (line 483)
                      ; - org.eclipse.osgi.storage.bundlefile.ZipBundleEntry::getInputStream@8 (line 58)
                      ; - org.eclipse.osgi.storage.bundlefile.BundleEntry::getBytes@1 (line 97)
                      ; - org.eclipse.osgi.internal.loader.classpath.ClasspathManager::findClassImpl@109 (line 681)
  0x000001c8391a60f4: 8893 81ff 

  0x000001c8391a60f8: ;   {other}
  0x000001c8391a60f8: 0f1f 8400 | e85f 0079 | 4889 6c24 | 204c 8b54 | 2440 4c89 | 9424 8800 | 0000 4c8b | 5424 484c 
  0x000001c8391a6118: 8994 2490 | 0000 0044 | 8b74 2450 | 448b 4c24 | 548b 5424 | 5844 8b54 | 245c 488b | 7c24 68e9 
  0x000001c8391a6138: 6cbe ffff | 4c8b d789 | 5424 4041 | 8be9 498b | ca48 8d94 | 24f0 0000 | 004d 8bc7 | c5f8 7749 
  0x000001c8391a6158: ba40 d95c | 34f9 7f00 | 0041 ffd2 

  0x000001c8391a6164: ;   {other}
  0x000001c8391a6164: 0f1f 8400 | 0000 0000 | 448b cd8b | 5424 40e9 | 35bf ffff | 498b cb48 | 8d94 24f8 | 0000 004d 
  0x000001c8391a6184: 8bc7 c5f8 | 7749 ba40 | d95c 34f9 | 7f00 0041 

  0x000001c8391a6194: ;   {other}
  0x000001c8391a6194: ffd2 0f1f | 8400 0000 | 0000 e97a | c5ff ffba | c6ff ffff | 4489 5c24 | 5066 6690 

  0x000001c8391a61b0: ;   {runtime_call UncommonTrapBlob}
  0x000001c8391a61b0: c5f8 77e8 

  0x000001c8391a61b4: ; ImmutableOopMap {[48]=Oop [56]=Oop [80]=NarrowOop [112]=Oop [120]=Oop [128]=Oop }
                      ;*invokeinterface iterator {reexecute=0 rethrow=0 return_oop=0}
                      ; - org.eclipse.osgi.internal.loader.classpath.ClasspathEntry::findEntry@4 (line 203)
                      ; - org.eclipse.osgi.internal.loader.classpath.ClasspathManager::findClassImpl@95 (line 675)
  0x000001c8391a61b4: 480b 76ff 

  0x000001c8391a61b8: ;   {other}
  0x000001c8391a61b8: 0f1f 8400 | a860 007a | ba6e ffff | ff48 8b6c | 2470 4c89 | 6c24 584c | 8944 2468 | 4489 4c24 
  0x000001c8391a61d8: 7089 7c24 | 7466 6690 

  0x000001c8391a61e0: ;   {runtime_call UncommonTrapBlob}
  0x000001c8391a61e0: c5f8 77e8 

  0x000001c8391a61e4: ; ImmutableOopMap {rbp=Oop [48]=Oop [56]=Oop [88]=Oop [104]=Oop [112]=NarrowOop [120]=Oop [128]=Oop }
                      ;*if_icmpge {reexecute=1 rethrow=0 return_oop=0}
                      ; - (reexecute) java.util.HashMap$HashIterator::<init>@54
                      ; - java.util.HashMap$KeyIterator::<init>@2
                      ; - java.util.HashMap$KeySet::iterator@8
                      ; - java.util.HashSet::iterator@7
                      ; - java.util.Collections$UnmodifiableCollection$1::<init>@17
                      ; - java.util.Collections$UnmodifiableCollection::iterator@5
                      ; - org.eclipse.osgi.internal.loader.classpath.ClasspathEntry::findEntry@4 (line 203)
                      ; - org.eclipse.osgi.internal.loader.classpath.ClasspathManager::findClassImpl@95 (line 675)
  0x000001c8391a61e4: 180b 76ff 

  0x000001c8391a61e8: ;   {other}
  0x000001c8391a61e8: 0f1f 8400 | d860 007b | baf6 ffff | ff48 8b6c | 2470 4489 | 7424 5044 | 8944 2454 | 4c89 5424 
  0x000001c8391a6208: 6044 896c | 2468 4c89 | 5424 7090 

  0x000001c8391a6214: ;   {runtime_call UncommonTrapBlob}
  0x000001c8391a6214: c5f8 77e8 

  0x000001c8391a6218: ; ImmutableOopMap {rbp=Oop [40]=Oop [48]=Oop [56]=Oop [80]=NarrowOop [84]=NarrowOop [96]=Oop [104]=NarrowOop [112]=Oop [120]=Oop [136]=Oop [144]=Oop }
                      ;*invokevirtual getEntryPos {reexecute=0 rethrow=0 return_oop=0}
                      ; - java.util.zip.ZipFile::getInputStream@63
                      ; - org.eclipse.osgi.storage.bundlefile.ZipBundleFile::doGetInputStream@5 (line 101)
                      ; - org.eclipse.osgi.storage.bundlefile.ZipBundleFile::doGetInputStream@5 (line 1)
                      ; - org.eclipse.osgi.storage.bundlefile.CloseableBundleFile::getInputStream@20 (line 487)
                      ; - org.eclipse.osgi.storage.bundlefile.ZipBundleEntry::getInputStream@8 (line 58)
                      ; - org.eclipse.osgi.storage.bundlefile.BundleEntry::getBytes@1 (line 97)
                      ; - org.eclipse.osgi.internal.loader.classpath.ClasspathManager::findClassImpl@109 (line 681)
  0x000001c8391a6218: e40a 76ff 

  0x000001c8391a621c: ;   {other}
  0x000001c8391a621c: 0f1f 8400 | 0c61 007c | 4489 1a4c | 8bd2 49c1 | ea09 49bb | 0000 722d | c801 0000 | 4788 2413 
  0x000001c8391a623c: e922 efff | ff66 6690 | 448b db8b | da41 8958 | 1044 3bdf | 0f83 49f5 | ffff 478b | 5499 1045 
  0x000001c8391a625c: 8950 144d | 8bd8 49c1 | eb09 48ba | 0000 722d | c801 0000 | 4688 241a | 4585 d20f | 854d d3ff 
  0x000001c8391a627c: ff8d 5301 | 3bd1 7cc0 | ba45 ffff | ff4c 896c | 2458 4c89 | 4424 6089 | 5c24 6889 | 7c24 6c90 
  0x000001c8391a629c: ;   {runtime_call UncommonTrapBlob}
  0x000001c8391a629c: c5f8 77e8 

  0x000001c8391a62a0: ; ImmutableOopMap {[48]=Oop [56]=Oop [88]=Oop [96]=Oop [112]=Oop [120]=Oop [128]=Oop }
                      ;*if_icmpge {reexecute=1 rethrow=0 return_oop=0}
                      ; - (reexecute) java.util.HashMap$HashIterator::<init>@54
                      ; - java.util.HashMap$KeyIterator::<init>@2
                      ; - java.util.HashMap$KeySet::iterator@8
                      ; - java.util.HashSet::iterator@7
                      ; - java.util.Collections$UnmodifiableCollection$1::<init>@17
                      ; - java.util.Collections$UnmodifiableCollection::iterator@5
                      ; - org.eclipse.osgi.internal.loader.classpath.ClasspathEntry::findEntry@4 (line 203)
                      ; - org.eclipse.osgi.internal.loader.classpath.ClasspathManager::findClassImpl@95 (line 675)
  0x000001c8391a62a0: 5c0a 76ff 

  0x000001c8391a62a4: ;   {other}
  0x000001c8391a62a4: 0f1f 8400 | 9461 007d | 8bce 4863 | d145 0fb7 | 5453 108d | 7101 413b | c90f 8358 | 1200 0041 
  0x000001c8391a62c4: 0fb6 4c10 | 1044 3bd1 | 0f85 75b5 | ffff 413b | f17c d5e9 | 0dba ffff | bae4 ffff | ff4c 8b5c 
  0x000001c8391a62e4: 2470 4c89 | 5c24 204c | 8b5c 2478 | 4c89 5c24 | 4044 894c | 245c 4489 | 7424 6044 | 8974 2468 
  0x000001c8391a6304: 4489 5424 | 6c44 8944 | 2474 4489 | 5424 7890 

  0x000001c8391a6314: ;   {runtime_call UncommonTrapBlob}
  0x000001c8391a6314: c5f8 77e8 

  0x000001c8391a6318: ; ImmutableOopMap {rbp=NarrowOop [32]=Oop [40]=Oop [48]=Oop [56]=Oop [64]=Oop [92]=NarrowOop [96]=NarrowOop [104]=NarrowOop [108]=NarrowOop [120]=NarrowOop [136]=Oop [144]=Oop }
                      ;*aaload {reexecute=0 rethrow=0 return_oop=0}
                      ; - org.eclipse.osgi.storage.bundlefile.MRUBundleFileList::use@36 (line 175)
                      ; - org.eclipse.osgi.storage.bundlefile.CloseableBundleFile::mruListUse@12 (line 423)
                      ; - org.eclipse.osgi.storage.bundlefile.CloseableBundleFile::internalOpen@114 (line 157)
                      ; - org.eclipse.osgi.storage.bundlefile.CloseableBundleFile::lockOpen@8 (line 87)
                      ; - org.eclipse.osgi.storage.bundlefile.CloseableBundleFile::getInputStream@1 (line 483)
                      ; - org.eclipse.osgi.storage.bundlefile.ZipBundleEntry::getInputStream@8 (line 58)
                      ; - org.eclipse.osgi.storage.bundlefile.BundleEntry::getBytes@1 (line 97)
                      ; - org.eclipse.osgi.internal.loader.classpath.ClasspathManager::findClassImpl@109 (line 681)
  0x000001c8391a6318: e409 76ff 

  0x000001c8391a631c: ;   {other}
  0x000001c8391a631c: 0f1f 8400 | 0c62 007e | bae4 ffff | ff48 8b6c | 2470 4489 | 4c24 5444 | 8974 2458 | 4489 5424 
  0x000001c8391a633c: 6044 895c | 2464 4489 | 4424 6848 | 894c 2470 

  0x000001c8391a634c: ;   {runtime_call UncommonTrapBlob}
  0x000001c8391a634c: c5f8 77e8 

  0x000001c8391a6350: ; ImmutableOopMap {rbp=Oop [40]=Oop [48]=Oop [56]=Oop [84]=NarrowOop [88]=NarrowOop [96]=NarrowOop [100]=NarrowOop [120]=Oop [136]=Oop [144]=Oop }
                      ;*lastore {reexecute=0 rethrow=0 return_oop=0}
                      ; - org.eclipse.osgi.storage.bundlefile.MRUBundleFileList::incUseStamp@55 (line 188)
                      ; - org.eclipse.osgi.storage.bundlefile.MRUBundleFileList::use@43 (line 176)
                      ; - org.eclipse.osgi.storage.bundlefile.CloseableBundleFile::mruListUse@12 (line 423)
                      ; - org.eclipse.osgi.storage.bundlefile.CloseableBundleFile::internalOpen@114 (line 157)
                      ; - org.eclipse.osgi.storage.bundlefile.CloseableBundleFile::lockOpen@8 (line 87)
                      ; - org.eclipse.osgi.storage.bundlefile.CloseableBundleFile::getInputStream@1 (line 483)
                      ; - org.eclipse.osgi.storage.bundlefile.ZipBundleEntry::getInputStream@8 (line 58)
                      ; - org.eclipse.osgi.storage.bundlefile.BundleEntry::getBytes@1 (line 97)
                      ; - org.eclipse.osgi.internal.loader.classpath.ClasspathManager::findClassImpl@109 (line 681)
  0x000001c8391a6350: ac09 76ff 

  0x000001c8391a6354: ;   {other}
  0x000001c8391a6354: 0f1f 8400 | 4462 007f | ba45 ffff | ff4c 8b54 | 2430 4c89 | 5424 284c | 8b54 2438 | 4c89 5424 
  0x000001c8391a6374: 3089 5c24 | 4089 4c24 | 444c 895c | 2448 4489 | 4424 5090 

  0x000001c8391a6388: ;   {runtime_call UncommonTrapBlob}
  0x000001c8391a6388: c5f8 77e8 

  0x000001c8391a638c: ; ImmutableOopMap {[40]=Oop [48]=Oop [64]=NarrowOop [72]=Oop [112]=Oop [120]=Oop }
                      ;*ifeq {reexecute=1 rethrow=0 return_oop=0}
                      ; - (reexecute) java.lang.String::hashCode@20
                      ; - java.util.HashMap::hash@9
                      ; - java.util.HashMap::getNode@23
                      ; - java.util.HashMap::containsKey@2
                      ; - java.util.HashSet::contains@5
                      ; - java.util.Collections$UnmodifiableCollection::contains@5
                      ; - org.eclipse.osgi.internal.debug.Debug::loaderWithClass@27 (line 287)
                      ; - org.eclipse.osgi.internal.loader.classpath.ClasspathManager::findClassImpl@5 (line 667)
  0x000001c8391a638c: 7009 76ff 

  0x000001c8391a6390: ;   {other}
  0x000001c8391a6390: 0f1f 8400 | 8062 0080 | 4c89 4424 | 504c 896c | 2448 4c8b | 5424 204c | 8954 2440 | 4c8b 5424 
  0x000001c8391a63b0: 304c 8954 | 2428 488b 

  0x000001c8391a63b8: ;   {metadata('java/util/HashMap$KeySet')}
  0x000001c8391a63b8: 6c24 7048 | ba88 121a | 45c8 0100 | 0066 6690 

  0x000001c8391a63c8: ;   {runtime_call _new_instance_Java}
  0x000001c8391a63c8: c5f8 77e8 

  0x000001c8391a63cc: ; ImmutableOopMap {rbp=Oop [40]=Oop [56]=Oop [64]=Oop [72]=Oop [80]=Oop [120]=Oop [128]=Oop }
                      ;*new {reexecute=0 rethrow=0 return_oop=1}
                      ; - java.util.HashMap::keySet@9
                      ; - java.util.HashSet::iterator@4
                      ; - java.util.Collections$UnmodifiableCollection$1::<init>@17
                      ; - java.util.Collections$UnmodifiableCollection::iterator@5
                      ; - org.eclipse.osgi.internal.loader.classpath.ClasspathEntry::findEntry@4 (line 203)
                      ; - org.eclipse.osgi.internal.loader.classpath.ClasspathManager::findClassImpl@95 (line 675)
  0x000001c8391a63cc: 302a 81ff 

  0x000001c8391a63d0: ;   {other}
  0x000001c8391a63d0: 0f1f 8400 | c062 0081 | 4889 6c24 | 704c 8b5c | 2428 4c89 | 5c24 304c | 8b5c 2440 | 4c89 5c24 
  0x000001c8391a63f0: 204c 8b6c | 2448 4c8b | 4424 504c | 8bd8 e95f | deff ffba | 45ff ffff | 4489 5424 | 584c 8944 
  0x000001c8391a6410: 2460 6690 

  0x000001c8391a6414: ;   {runtime_call UncommonTrapBlob}
  0x000001c8391a6414: c5f8 77e8 

  0x000001c8391a6418: ; ImmutableOopMap {[40]=Oop [48]=Oop [56]=Oop [88]=NarrowOop [96]=Oop [112]=Oop [120]=Oop [136]=Oop [144]=Oop }
                      ;*if_icmplt {reexecute=1 rethrow=0 return_oop=0}
                      ; - (reexecute) org.eclipse.osgi.storage.bundlefile.MRUBundleFileList::isEnabled@6 (line 297)
                      ; - org.eclipse.osgi.storage.bundlefile.CloseableBundleFile::isMruEnabled@11 (line 412)
                      ; - org.eclipse.osgi.storage.bundlefile.CloseableBundleFile::getInputStream@25 (line 488)
                      ; - org.eclipse.osgi.storage.bundlefile.ZipBundleEntry::getInputStream@8 (line 58)
                      ; - org.eclipse.osgi.storage.bundlefile.BundleEntry::getBytes@1 (line 97)
                      ; - org.eclipse.osgi.internal.loader.classpath.ClasspathManager::findClassImpl@109 (line 681)
  0x000001c8391a6418: e408 76ff 

  0x000001c8391a641c: ;   {other}
  0x000001c8391a641c: 0f1f 8400 | 0c63 0082 | ba45 ffff | ff4c 8b44 | 2430 4c89 | 4424 284c | 8b44 2438 | 4c89 4424 
  0x000001c8391a643c: 304c 895c | 2438 4489 | 4c24 4044 | 8954 2444 

  0x000001c8391a644c: ;   {runtime_call UncommonTrapBlob}
  0x000001c8391a644c: c5f8 77e8 

  0x000001c8391a6450: ; ImmutableOopMap {[40]=Oop [48]=Oop [56]=Oop [64]=NarrowOop [112]=Oop [120]=Oop }
                      ;*ifeq {reexecute=1 rethrow=0 return_oop=0}
                      ; - (reexecute) java.util.HashMap::getNode@85
                      ; - java.util.HashMap::containsKey@2
                      ; - java.util.HashSet::contains@5
                      ; - java.util.Collections$UnmodifiableCollection::contains@5
                      ; - org.eclipse.osgi.internal.debug.Debug::loaderWithClass@27 (line 287)
                      ; - org.eclipse.osgi.internal.loader.classpath.ClasspathManager::findClassImpl@5 (line 667)
  0x000001c8391a6450: ac08 76ff 

  0x000001c8391a6454: ;   {other}
  0x000001c8391a6454: 0f1f 8400 | 4463 0083 | ba45 ffff | ff48 8b4c | 2470 4889 | 4c24 2048 | 8b4c 2478 | 4889 4c24 
  0x000001c8391a6474: 4044 8974 | 2458 4489 | 4c24 5c44 | 895c 2468 | 4489 4424 | 6c4c 8954 | 2470 4c89 | 5424 7890 
  0x000001c8391a6494: ;   {runtime_call UncommonTrapBlob}
  0x000001c8391a6494: c5f8 77e8 

  0x000001c8391a6498: ; ImmutableOopMap {[32]=Oop [40]=Oop [48]=Oop [56]=Oop [64]=Oop [88]=NarrowOop [92]=NarrowOop [104]=NarrowOop [108]=NarrowOop [112]=Oop [120]=Oop [136]=Oop [144]=Oop }
                      ;*ifeq {reexecute=1 rethrow=0 return_oop=0}
                      ; - (reexecute) java.util.zip.ZipFile::ensureOpen@4
                      ; - java.util.zip.ZipFile::getInputStream@31
                      ; - org.eclipse.osgi.storage.bundlefile.ZipBundleFile::doGetInputStream@5 (line 101)
                      ; - org.eclipse.osgi.storage.bundlefile.ZipBundleFile::doGetInputStream@5 (line 1)
                      ; - org.eclipse.osgi.storage.bundlefile.CloseableBundleFile::getInputStream@20 (line 487)
                      ; - org.eclipse.osgi.storage.bundlefile.ZipBundleEntry::getInputStream@8 (line 58)
                      ; - org.eclipse.osgi.storage.bundlefile.BundleEntry::getBytes@1 (line 97)
                      ; - org.eclipse.osgi.internal.loader.classpath.ClasspathManager::findClassImpl@109 (line 681)
  0x000001c8391a6498: 6408 76ff 

  0x000001c8391a649c: ;   {other}
  0x000001c8391a649c: 0f1f 8400 | 8c63 0084 | ba45 ffff | ff48 8b4c | 2470 4889 | 4c24 2048 | 8b4c 2478 | 4889 4c24 
  0x000001c8391a64bc: 4044 8974 | 2458 4489 | 4c24 5c44 | 895c 2468 | 4489 4424 | 6c4c 8954 | 2470 4c89 | 5424 7890 
  0x000001c8391a64dc: ;   {runtime_call UncommonTrapBlob}
  0x000001c8391a64dc: c5f8 77e8 

  0x000001c8391a64e0: ; ImmutableOopMap {rbp=NarrowOop [32]=Oop [40]=Oop [48]=Oop [56]=Oop [64]=Oop [88]=NarrowOop [92]=NarrowOop [104]=NarrowOop [108]=NarrowOop [112]=Oop [120]=Oop [136]=Oop [144]=Oop }
                      ;*ifnonnull {reexecute=1 rethrow=0 return_oop=0}
                      ; - (reexecute) java.util.zip.ZipFile::ensureOpen@25
                      ; - java.util.zip.ZipFile::getInputStream@31
                      ; - org.eclipse.osgi.storage.bundlefile.ZipBundleFile::doGetInputStream@5 (line 101)
                      ; - org.eclipse.osgi.storage.bundlefile.ZipBundleFile::doGetInputStream@5 (line 1)
                      ; - org.eclipse.osgi.storage.bundlefile.CloseableBundleFile::getInputStream@20 (line 487)
                      ; - org.eclipse.osgi.storage.bundlefile.ZipBundleEntry::getInputStream@8 (line 58)
                      ; - org.eclipse.osgi.storage.bundlefile.BundleEntry::getBytes@1 (line 97)
                      ; - org.eclipse.osgi.internal.loader.classpath.ClasspathManager::findClassImpl@109 (line 681)
  0x000001c8391a64e0: 1c08 76ff 

  0x000001c8391a64e4: ;   {other}
  0x000001c8391a64e4: 0f1f 8400 | d463 0085 | ba45 ffff | ff44 8974 | 2450 8944 | 2454 4c89 | 5424 6090 

  0x000001c8391a6500: ;   {runtime_call UncommonTrapBlob}
  0x000001c8391a6500: c5f8 77e8 

  0x000001c8391a6504: ; ImmutableOopMap {[40]=Oop [48]=Oop [56]=Oop [80]=NarrowOop [96]=Oop [112]=Oop [120]=Oop [136]=Oop [144]=Oop }
                      ;*if_icmpne {reexecute=1 rethrow=0 return_oop=0}
                      ; - (reexecute) java.util.zip.ZipFile::getInputStream@69
                      ; - org.eclipse.osgi.storage.bundlefile.ZipBundleFile::doGetInputStream@5 (line 101)
                      ; - org.eclipse.osgi.storage.bundlefile.ZipBundleFile::doGetInputStream@5 (line 1)
                      ; - org.eclipse.osgi.storage.bundlefile.CloseableBundleFile::getInputStream@20 (line 487)
                      ; - org.eclipse.osgi.storage.bundlefile.ZipBundleEntry::getInputStream@8 (line 58)
                      ; - org.eclipse.osgi.storage.bundlefile.BundleEntry::getBytes@1 (line 97)
                      ; - org.eclipse.osgi.internal.loader.classpath.ClasspathManager::findClassImpl@109 (line 681)
  0x000001c8391a6504: f807 76ff 

  0x000001c8391a6508: ;   {other}
  0x000001c8391a6508: 0f1f 8400 | f863 0086 | 4d3b d0bd | ffff ffff | 7c08 400f | 95c5 400f | b6ed ba45 | ffff ff4c 
  0x000001c8391a6528: 8b54 2470 | 4c89 5424 | 204c 8b54 | 2478 4c89 | 5424 484c | 8b94 2488 | 0000 004c | 8954 2460 
  0x000001c8391a6548: 4c8b 9424 | 9000 0000 | 4c89 5424 | 68c5 fa11 | 4c24 78c5 | fb11 8424 | 8000 0000 | c5fb 1184 
  0x000001c8391a6568: 2488 0000 | 00c5 fa11 | 5c24 7c90 

  0x000001c8391a6574: ;   {runtime_call UncommonTrapBlob}
  0x000001c8391a6574: c5f8 77e8 

  0x000001c8391a6578: ; ImmutableOopMap {[32]=Oop [40]=Oop [48]=Oop [56]=Oop [64]=NarrowOop [72]=Oop [80]=NarrowOop [88]=Oop [96]=Oop [104]=Oop [120]=NarrowOop [124]=NarrowOop [128]=Oop [136]=Oop }
                      ;*ifeq {reexecute=1 rethrow=0 return_oop=0}
                      ; - (reexecute) java.util.zip.ZipFile$ZipFileInputStream::<init>@44
                      ; - java.util.zip.ZipFile::getInputStream@88
                      ; - org.eclipse.osgi.storage.bundlefile.ZipBundleFile::doGetInputStream@5 (line 101)
                      ; - org.eclipse.osgi.storage.bundlefile.ZipBundleFile::doGetInputStream@5 (line 1)
                      ; - org.eclipse.osgi.storage.bundlefile.CloseableBundleFile::getInputStream@20 (line 487)
                      ; - org.eclipse.osgi.storage.bundlefile.ZipBundleEntry::getInputStream@8 (line 58)
                      ; - org.eclipse.osgi.storage.bundlefile.BundleEntry::getBytes@1 (line 97)
                      ; - org.eclipse.osgi.internal.loader.classpath.ClasspathManager::findClassImpl@109 (line 681)
  0x000001c8391a6578: 8407 76ff 

  0x000001c8391a657c: ;   {other}
  0x000001c8391a657c: 0f1f 8400 | 6c64 0087 | 4d3b d8bd | ffff ffff | 7c08 400f | 95c5 400f | b6ed ba45 | ffff ff4c 
  0x000001c8391a659c: 8b54 2470 | 4c89 5424 | 204c 8b54 | 2478 4c89 | 5424 484c | 8b94 2488 | 0000 004c | 8954 2460 
  0x000001c8391a65bc: 4c8b 9424 | 9000 0000 | 4c89 5424 | 68c5 fa11 | 4c24 78c5 | fb11 8424 | 8000 0000 | c5fb 1184 
  0x000001c8391a65dc: 2488 0000 | 00c5 fa11 | 5c24 7c90 

  0x000001c8391a65e8: ;   {runtime_call UncommonTrapBlob}
  0x000001c8391a65e8: c5f8 77e8 

  0x000001c8391a65ec: ; ImmutableOopMap {[32]=Oop [40]=Oop [48]=Oop [56]=Oop [64]=NarrowOop [72]=Oop [80]=NarrowOop [88]=Oop [96]=Oop [104]=Oop [120]=NarrowOop [124]=NarrowOop [128]=Oop [136]=Oop }
                      ;*ifeq {reexecute=1 rethrow=0 return_oop=0}
                      ; - (reexecute) java.util.zip.ZipFile$ZipFileInputStream::<init>@55
                      ; - java.util.zip.ZipFile::getInputStream@88
                      ; - org.eclipse.osgi.storage.bundlefile.ZipBundleFile::doGetInputStream@5 (line 101)
                      ; - org.eclipse.osgi.storage.bundlefile.ZipBundleFile::doGetInputStream@5 (line 1)
                      ; - org.eclipse.osgi.storage.bundlefile.CloseableBundleFile::getInputStream@20 (line 487)
                      ; - org.eclipse.osgi.storage.bundlefile.ZipBundleEntry::getInputStream@8 (line 58)
                      ; - org.eclipse.osgi.storage.bundlefile.BundleEntry::getBytes@1 (line 97)
                      ; - org.eclipse.osgi.internal.loader.classpath.ClasspathManager::findClassImpl@109 (line 681)
  0x000001c8391a65ec: 1007 76ff 

  0x000001c8391a65f0: ;   {other}
  0x000001c8391a65f0: 0f1f 8400 | e064 0088 | 4d3b c8bd | ffff ffff | 7c08 400f | 95c5 400f | b6ed ba45 | ffff ff4c 
  0x000001c8391a6610: 8b54 2470 | 4c89 5424 | 204c 8b54 | 2478 4c89 | 5424 484c | 8b94 2488 | 0000 004c | 8954 2460 
  0x000001c8391a6630: 4c8b 9424 | 9000 0000 | 4c89 5424 | 68c5 fa11 | 4c24 78c5 | fb11 8424 | 8000 0000 | c5fb 1184 
  0x000001c8391a6650: 2488 0000 | 00c5 fa11 | 5c24 7c90 

  0x000001c8391a665c: ;   {runtime_call UncommonTrapBlob}
  0x000001c8391a665c: c5f8 77e8 

  0x000001c8391a6660: ; ImmutableOopMap {[32]=Oop [40]=Oop [48]=Oop [56]=Oop [64]=NarrowOop [72]=Oop [80]=NarrowOop [88]=Oop [96]=Oop [104]=Oop [120]=NarrowOop [124]=NarrowOop [128]=Oop [136]=Oop }
                      ;*ifne {reexecute=1 rethrow=0 return_oop=0}
                      ; - (reexecute) java.util.zip.ZipFile$ZipFileInputStream::<init>@66
                      ; - java.util.zip.ZipFile::getInputStream@88
                      ; - org.eclipse.osgi.storage.bundlefile.ZipBundleFile::doGetInputStream@5 (line 101)
                      ; - org.eclipse.osgi.storage.bundlefile.ZipBundleFile::doGetInputStream@5 (line 1)
                      ; - org.eclipse.osgi.storage.bundlefile.CloseableBundleFile::getInputStream@20 (line 487)
                      ; - org.eclipse.osgi.storage.bundlefile.ZipBundleEntry::getInputStream@8 (line 58)
                      ; - org.eclipse.osgi.storage.bundlefile.BundleEntry::getBytes@1 (line 97)
                      ; - org.eclipse.osgi.internal.loader.classpath.ClasspathManager::findClassImpl@109 (line 681)
  0x000001c8391a6660: 9c06 76ff 

  0x000001c8391a6664: ;   {other}
  0x000001c8391a6664: 0f1f 8400 | 5465 0089 | ba45 ffff | ff48 8b6c | 2470 4c8b | 5c24 784c | 895c 2420 | 448b 4c24 
  0x000001c8391a6684: 5044 894c | 2444 4c89 | 4424 7844 | 8b5c 2454 | 4489 5c24 | 5066 6690 

  0x000001c8391a669c: ;   {runtime_call UncommonTrapBlob}
  0x000001c8391a669c: c5f8 77e8 

  0x000001c8391a66a0: ; ImmutableOopMap {rbp=Oop [32]=Oop [40]=Oop [48]=Oop [56]=Oop [64]=NarrowOop [68]=NarrowOop [72]=Oop [80]=NarrowOop [120]=Oop [136]=Oop [144]=Oop [208]=Oop }
                      ;*ifgt {reexecute=1 rethrow=0 return_oop=0}
                      ; - (reexecute) java.util.zip.InflaterInputStream::<init>@44
                      ; - java.util.zip.ZipFile$ZipFileInflaterInputStream::<init>@11
                      ; - java.util.zip.ZipFile$ZipFileInflaterInputStream::<init>@10
                      ; - java.util.zip.ZipFile::getInputStream@216
                      ; - org.eclipse.osgi.storage.bundlefile.ZipBundleFile::doGetInputStream@5 (line 101)
                      ; - org.eclipse.osgi.storage.bundlefile.ZipBundleFile::doGetInputStream@5 (line 1)
                      ; - org.eclipse.osgi.storage.bundlefile.CloseableBundleFile::getInputStream@20 (line 487)
                      ; - org.eclipse.osgi.storage.bundlefile.ZipBundleEntry::getInputStream@8 (line 58)
                      ; - org.eclipse.osgi.storage.bundlefile.BundleEntry::getBytes@1 (line 97)
                      ; - org.eclipse.osgi.internal.loader.classpath.ClasspathManager::findClassImpl@109 (line 681)
  0x000001c8391a66a0: 5c06 76ff 

  0x000001c8391a66a4: ;   {other}
  0x000001c8391a66a4: 0f1f 8400 | 9465 008a | ba45 ffff | ff44 8954 | 2458 4c89 | 4424 6044 | 895c 245c | 4889 5c24 
  0x000001c8391a66c4: 6866 6690 

  0x000001c8391a66c8: ;   {runtime_call UncommonTrapBlob}
  0x000001c8391a66c8: c5f8 77e8 

  0x000001c8391a66cc: ; ImmutableOopMap {rbp=NarrowOop [40]=Oop [48]=Oop [56]=Oop [88]=NarrowOop [92]=NarrowOop [96]=Oop [104]=Oop [112]=Oop [120]=Oop [136]=Oop [144]=Oop }
                      ;*if_acmpeq {reexecute=1 rethrow=0 return_oop=0}
                      ; - (reexecute) java.util.concurrent.locks.ReentrantLock$Sync::tryRelease@14
                      ; - java.util.concurrent.locks.AbstractQueuedSynchronizer::release@2
                      ; - java.util.concurrent.locks.ReentrantLock::unlock@5
                      ; - org.eclipse.osgi.storage.bundlefile.CloseableBundleFile::incrementReference@34 (line 455)
                      ; - org.eclipse.osgi.storage.bundlefile.CloseableBundleFile$BundleEntryInputStream::<init>@16 (line 513)
                      ; - org.eclipse.osgi.storage.bundlefile.CloseableBundleFile::getInputStream@37 (line 489)
                      ; - org.eclipse.osgi.storage.bundlefile.ZipBundleEntry::getInputStream@8 (line 58)
                      ; - org.eclipse.osgi.storage.bundlefile.BundleEntry::getBytes@1 (line 97)
                      ; - org.eclipse.osgi.internal.loader.classpath.ClasspathManager::findClassImpl@109 (line 681)
  0x000001c8391a66cc: 3006 76ff 

  0x000001c8391a66d0: ;   {other}
  0x000001c8391a66d0: 0f1f 8400 | c065 008b | ba45 ffff | ff44 894c | 245c 4489 | 7424 6090 

  0x000001c8391a66e8: ;   {runtime_call UncommonTrapBlob}
  0x000001c8391a66e8: c5f8 77e8 

  0x000001c8391a66ec: ; ImmutableOopMap {[40]=Oop [48]=Oop [56]=Oop [92]=NarrowOop [96]=NarrowOop [112]=Oop [120]=Oop [136]=Oop [144]=Oop }
                      ;*if_icmpge {reexecute=1 rethrow=0 return_oop=0}
                      ; - (reexecute) org.eclipse.osgi.storage.bundlefile.MRUBundleFileList::use@6 (line 171)
                      ; - org.eclipse.osgi.storage.bundlefile.CloseableBundleFile::mruListUse@12 (line 423)
                      ; - org.eclipse.osgi.storage.bundlefile.CloseableBundleFile::internalOpen@114 (line 157)
                      ; - org.eclipse.osgi.storage.bundlefile.CloseableBundleFile::lockOpen@8 (line 87)
                      ; - org.eclipse.osgi.storage.bundlefile.CloseableBundleFile::getInputStream@1 (line 483)
                      ; - org.eclipse.osgi.storage.bundlefile.ZipBundleEntry::getInputStream@8 (line 58)
                      ; - org.eclipse.osgi.storage.bundlefile.BundleEntry::getBytes@1 (line 97)
                      ; - org.eclipse.osgi.internal.loader.classpath.ClasspathManager::findClassImpl@109 (line 681)
  0x000001c8391a66ec: 1006 76ff 

  0x000001c8391a66f0: ;   {other}
  0x000001c8391a66f0: 0f1f 8400 | e065 008c | ba45 ffff | ff4c 896c | 2458 4c89 | 4424 6089 | 7c24 6890 

  0x000001c8391a670c: ;   {runtime_call UncommonTrapBlob}
  0x000001c8391a670c: c5f8 77e8 

  0x000001c8391a6710: ; ImmutableOopMap {[48]=Oop [56]=Oop [88]=Oop [96]=Oop [112]=Oop [120]=Oop [128]=Oop }
                      ;*if_icmpge {reexecute=1 rethrow=0 return_oop=0}
                      ; - (reexecute) java.util.HashMap$HashIterator::<init>@54
                      ; - java.util.HashMap$KeyIterator::<init>@2
                      ; - java.util.HashMap$KeySet::iterator@8
                      ; - java.util.HashSet::iterator@7
                      ; - java.util.Collections$UnmodifiableCollection$1::<init>@17
                      ; - java.util.Collections$UnmodifiableCollection::iterator@5
                      ; - org.eclipse.osgi.internal.loader.classpath.ClasspathEntry::findEntry@4 (line 203)
                      ; - org.eclipse.osgi.internal.loader.classpath.ClasspathManager::findClassImpl@95 (line 675)
  0x000001c8391a6710: ec05 76ff 

  0x000001c8391a6714: ;   {other}
  0x000001c8391a6714: 0f1f 8400 | 0466 008d | ba45 ffff | ff48 8b4c | 2470 4889 | 4c24 2048 | 8b4c 2478 | 4889 4c24 
  0x000001c8391a6734: 4044 8974 | 2458 4489 | 4c24 5c44 | 895c 2468 | 4489 4424 | 6c4c 8954 | 2470 4c89 | 5424 7889 
  0x000001c8391a6754: bc24 8000 | 0000 6690 

  0x000001c8391a675c: ;   {runtime_call UncommonTrapBlob}
  0x000001c8391a675c: c5f8 77e8 

  0x000001c8391a6760: ; ImmutableOopMap {[32]=Oop [40]=Oop [48]=Oop [56]=Oop [64]=Oop [88]=NarrowOop [92]=NarrowOop [104]=NarrowOop [108]=NarrowOop [112]=Oop [120]=Oop [136]=Oop [144]=Oop }
                      ;*if_icmpne {reexecute=1 rethrow=0 return_oop=0}
                      ; - (reexecute) java.lang.String::equals@33
                      ; - java.util.Objects::equals@11
                      ; - java.util.zip.ZipFile::getInputStream@42
                      ; - org.eclipse.osgi.storage.bundlefile.ZipBundleFile::doGetInputStream@5 (line 101)
                      ; - org.eclipse.osgi.storage.bundlefile.ZipBundleFile::doGetInputStream@5 (line 1)
                      ; - org.eclipse.osgi.storage.bundlefile.CloseableBundleFile::getInputStream@20 (line 487)
                      ; - org.eclipse.osgi.storage.bundlefile.ZipBundleEntry::getInputStream@8 (line 58)
                      ; - org.eclipse.osgi.storage.bundlefile.BundleEntry::getBytes@1 (line 97)
                      ; - org.eclipse.osgi.internal.loader.classpath.ClasspathManager::findClassImpl@109 (line 681)
  0x000001c8391a6760: 9c05 76ff 

  0x000001c8391a6764: ;   {other}
  0x000001c8391a6764: 0f1f 8400 | 5466 008e | ba45 ffff | ff44 894c | 245c 4489 | 7424 6044 | 8974 2468 | 4489 5424 
  0x000001c8391a6784: 6c66 6690 

  0x000001c8391a6788: ;   {runtime_call UncommonTrapBlob}
  0x000001c8391a6788: c5f8 77e8 

  0x000001c8391a678c: ; ImmutableOopMap {rbp=NarrowOop [40]=Oop [48]=Oop [56]=Oop [92]=NarrowOop [96]=NarrowOop [104]=NarrowOop [108]=NarrowOop [112]=Oop [120]=Oop [136]=Oop [144]=Oop }
                      ;*if_acmpne {reexecute=1 rethrow=0 return_oop=0}
                      ; - (reexecute) org.eclipse.osgi.storage.bundlefile.MRUBundleFileList::use@38 (line 175)
                      ; - org.eclipse.osgi.storage.bundlefile.CloseableBundleFile::mruListUse@12 (line 423)
                      ; - org.eclipse.osgi.storage.bundlefile.CloseableBundleFile::internalOpen@114 (line 157)
                      ; - org.eclipse.osgi.storage.bundlefile.CloseableBundleFile::lockOpen@8 (line 87)
                      ; - org.eclipse.osgi.storage.bundlefile.CloseableBundleFile::getInputStream@1 (line 483)
                      ; - org.eclipse.osgi.storage.bundlefile.ZipBundleEntry::getInputStream@8 (line 58)
                      ; - org.eclipse.osgi.storage.bundlefile.BundleEntry::getBytes@1 (line 97)
                      ; - org.eclipse.osgi.internal.loader.classpath.ClasspathManager::findClassImpl@109 (line 681)
  0x000001c8391a678c: 7005 76ff 

  0x000001c8391a6790: ;   {other}
  0x000001c8391a6790: 0f1f 8400 | 8066 008f | ba45 ffff | ff44 894c | 245c 4489 | 7424 6044 | 8944 2468 | 4489 5424 
  0x000001c8391a67b0: 6c66 6690 

  0x000001c8391a67b4: ;   {runtime_call UncommonTrapBlob}
  0x000001c8391a67b4: c5f8 77e8 

  0x000001c8391a67b8: ; ImmutableOopMap {[40]=Oop [48]=Oop [56]=Oop [92]=NarrowOop [96]=NarrowOop [108]=NarrowOop [112]=Oop [120]=Oop [136]=Oop [144]=Oop }
                      ;*if_icmpge {reexecute=1 rethrow=0 return_oop=0}
                      ; - (reexecute) org.eclipse.osgi.storage.bundlefile.MRUBundleFileList::use@28 (line 175)
                      ; - org.eclipse.osgi.storage.bundlefile.CloseableBundleFile::mruListUse@12 (line 423)
                      ; - org.eclipse.osgi.storage.bundlefile.CloseableBundleFile::internalOpen@114 (line 157)
                      ; - org.eclipse.osgi.storage.bundlefile.CloseableBundleFile::lockOpen@8 (line 87)
                      ; - org.eclipse.osgi.storage.bundlefile.CloseableBundleFile::getInputStream@1 (line 483)
                      ; - org.eclipse.osgi.storage.bundlefile.ZipBundleEntry::getInputStream@8 (line 58)
                      ; - org.eclipse.osgi.storage.bundlefile.BundleEntry::getBytes@1 (line 97)
                      ; - org.eclipse.osgi.internal.loader.classpath.ClasspathManager::findClassImpl@109 (line 681)
  0x000001c8391a67b8: 4405 76ff 

  0x000001c8391a67bc: ;   {other}
  0x000001c8391a67bc: 0f1f 8400 | ac66 0090 | 493b cbbd | ffff ffff | 7c08 400f | 95c5 400f | b6ed ba45 | ffff ff4c 
  0x000001c8391a67dc: 8b5c 2470 | 4c89 5c24 | 2044 894c | 245c 4489 | 7424 6044 | 8954 2468 | 4489 5424 | 6c44 8944 
  0x000001c8391a67fc: 2470 6690 

  0x000001c8391a6800: ;   {runtime_call UncommonTrapBlob}
  0x000001c8391a6800: c5f8 77e8 

  0x000001c8391a6804: ; ImmutableOopMap {[32]=Oop [40]=Oop [48]=Oop [56]=Oop [92]=NarrowOop [96]=NarrowOop [104]=NarrowOop [108]=NarrowOop [120]=Oop [136]=Oop [144]=Oop }
                      ;*ifne {reexecute=1 rethrow=0 return_oop=0}
                      ; - (reexecute) org.eclipse.osgi.storage.bundlefile.MRUBundleFileList::incUseStamp@8 (line 182)
                      ; - org.eclipse.osgi.storage.bundlefile.MRUBundleFileList::use@43 (line 176)
                      ; - org.eclipse.osgi.storage.bundlefile.CloseableBundleFile::mruListUse@12 (line 423)
                      ; - org.eclipse.osgi.storage.bundlefile.CloseableBundleFile::internalOpen@114 (line 157)
                      ; - org.eclipse.osgi.storage.bundlefile.CloseableBundleFile::lockOpen@8 (line 87)
                      ; - org.eclipse.osgi.storage.bundlefile.CloseableBundleFile::getInputStream@1 (line 483)
                      ; - org.eclipse.osgi.storage.bundlefile.ZipBundleEntry::getInputStream@8 (line 58)
                      ; - org.eclipse.osgi.storage.bundlefile.BundleEntry::getBytes@1 (line 97)
                      ; - org.eclipse.osgi.internal.loader.classpath.ClasspathManager::findClassImpl@109 (line 681)
  0x000001c8391a6804: f804 76ff 

  0x000001c8391a6808: ;   {other}
  0x000001c8391a6808: 0f1f 8400 | f866 0091 | 4c89 7424 | 584c 896c | 2450 4c8b | 5424 204c | 8954 2440 | 4c8b 5424 
  0x000001c8391a6828: 304c 8954 | 2428 4c8b | 5424 784c | 8954 2420 | 488b 6c24 | 7049 8bd1 | 4533 c090 

  0x000001c8391a6844: ;   {static_call}
  0x000001c8391a6844: c5f8 77e8 

  0x000001c8391a6848: ; ImmutableOopMap {rbp=Oop [32]=Oop [40]=Oop [56]=Oop [64]=Oop [80]=Oop [88]=Oop [128]=Oop }
                      ;*invokestatic charAt {reexecute=0 rethrow=0 return_oop=0}
                      ; - java.lang.String::charAt@21
                      ; - org.eclipse.osgi.storage.bundlefile.NestedDirBundleFile::filterPath@9 (line 71)
                      ; - org.eclipse.osgi.storage.bundlefile.NestedDirBundleFile::getEntry@2 (line 93)
                      ; - org.eclipse.osgi.internal.loader.classpath.ClasspathEntry::findEntry@25 (line 204)
                      ; - org.eclipse.osgi.internal.loader.classpath.ClasspathManager::findClassImpl@95 (line 675)
  0x000001c8391a6848: 348d 75ff 

  0x000001c8391a684c: ;   {other}
  0x000001c8391a684c: 0f1f 8400 | 3c67 0092 | 4889 6c24 | 704c 8b5c | 2420 4c89 | 5c24 784c | 8b5c 2428 | 4c89 5c24 
  0x000001c8391a686c: 304c 8b5c | 2440 4c89 | 5c24 2048 | 8b9c 2480 | 0000 004c | 8b6c 2450 | 4c8b 7424 | 5844 8bd8 
  0x000001c8391a688c: e9cd aeff | ffba e4ff | ffff 488b | 6c24 704c | 8b54 2478 | 4c89 5424 | 204c 896c | 2450 4c89 
  0x000001c8391a68ac: 7424 6844 | 894c 2478 | 4489 4424 | 7c66 6690 

  0x000001c8391a68bc: ;   {runtime_call UncommonTrapBlob}
  0x000001c8391a68bc: c5f8 77e8 

  0x000001c8391a68c0: ; ImmutableOopMap {rbp=Oop [32]=Oop [48]=Oop [56]=Oop [80]=Oop [104]=Oop [120]=NarrowOop [128]=Oop }
                      ;*invokestatic checkIndex {reexecute=0 rethrow=0 return_oop=0}
                      ; - java.lang.String::checkIndex@5
                      ; - java.lang.StringLatin1::charAt@3
                      ; - java.lang.String::charAt@12
                      ; - org.eclipse.osgi.storage.bundlefile.NestedDirBundleFile::filterPath@9 (line 71)
                      ; - org.eclipse.osgi.storage.bundlefile.NestedDirBundleFile::getEntry@2 (line 93)
                      ; - org.eclipse.osgi.internal.loader.classpath.ClasspathEntry::findEntry@25 (line 204)
                      ; - org.eclipse.osgi.internal.loader.classpath.ClasspathManager::findClassImpl@95 (line 675)
  0x000001c8391a68c0: 3c04 76ff 

  0x000001c8391a68c4: ;   {other}
  0x000001c8391a68c4: 0f1f 8400 | b467 0093 | bade ffff | ff4c 8b54 | 2470 4c89 | 5424 2048 | 895c 2450 | 4c89 6c24 
  0x000001c8391a68e4: 584c 8974 | 2460 4889 | 5c24 6890 

  0x000001c8391a68f0: ;   {runtime_call UncommonTrapBlob}
  0x000001c8391a68f0: c5f8 77e8 

  0x000001c8391a68f4: ; ImmutableOopMap {rbp=NarrowOop [32]=Oop [48]=Oop [56]=Oop [80]=Oop [88]=Oop [96]=Oop [104]=Oop [120]=Oop }
                      ;*invokeinterface iterator {reexecute=0 rethrow=0 return_oop=0}
                      ; - org.eclipse.osgi.storage.bundlefile.NestedDirBundleFile::filterPath@27 (line 73)
                      ; - org.eclipse.osgi.storage.bundlefile.NestedDirBundleFile::getEntry@2 (line 93)
                      ; - org.eclipse.osgi.internal.loader.classpath.ClasspathEntry::findEntry@25 (line 204)
                      ; - org.eclipse.osgi.internal.loader.classpath.ClasspathManager::findClassImpl@95 (line 675)
  0x000001c8391a68f4: 0804 76ff 

  0x000001c8391a68f8: ;   {other}
  0x000001c8391a68f8: 0f1f 8400 | e867 0094 | ba76 ffff | ff4c 896c | 2450 4489 | 5c24 5890 

  0x000001c8391a6910: ;   {runtime_call UncommonTrapBlob}
  0x000001c8391a6910: c5f8 77e8 

  0x000001c8391a6914: ; ImmutableOopMap {[48]=Oop [56]=Oop [80]=Oop [112]=Oop [120]=Oop [128]=Oop }
                      ;*ifne {reexecute=1 rethrow=0 return_oop=0}
                      ; - (reexecute) org.eclipse.osgi.internal.loader.classpath.ClasspathEntry::findEntry@44 (line 203)
                      ; - org.eclipse.osgi.internal.loader.classpath.ClasspathManager::findClassImpl@95 (line 675)
  0x000001c8391a6914: e803 76ff 

  0x000001c8391a6918: ;   {other}
  0x000001c8391a6918: 0f1f 8400 | 0868 0095 | ba76 ffff | ff4c 8b54 | 2470 4c89 | 5424 204c | 896c 2458 | 4889 5c24 
  0x000001c8391a6938: 6044 894c | 2468 894c | 246c 4489 | 4424 7090 

  0x000001c8391a6948: ;   {runtime_call UncommonTrapBlob}
  0x000001c8391a6948: c5f8 77e8 

  0x000001c8391a694c: ; ImmutableOopMap {[32]=Oop [48]=Oop [56]=Oop [88]=Oop [96]=Oop [104]=NarrowOop [108]=NarrowOop [120]=Oop [128]=Oop }
                      ;*if_icmpge {reexecute=1 rethrow=0 return_oop=0}
                      ; - (reexecute) java.util.HashMap$HashIterator::nextNode@74
                      ; - java.util.HashMap$KeyIterator::next@1
                      ; - java.util.Collections$UnmodifiableCollection$1::next@4
                      ; - org.eclipse.osgi.internal.loader.classpath.ClasspathEntry::findEntry@14 (line 203)
                      ; - org.eclipse.osgi.internal.loader.classpath.ClasspathManager::findClassImpl@95 (line 675)
  0x000001c8391a694c: b003 76ff 

  0x000001c8391a6950: ;   {other}
  0x000001c8391a6950: 0f1f 8400 | 4068 0096 | ba76 ffff | ff4c 8b54 | 2470 4c89 | 5424 204c | 8b54 2478 | 4c89 5424 
  0x000001c8391a6970: 2848 895c | 2450 4c89 | 6c24 584c | 8974 2460 | 4889 5c24 | 6844 895c | 2478 4489 | 4424 7c44 
  0x000001c8391a6990: 898c 2484 | 0000 0089 | 8424 8800 | 0000 6690 

  0x000001c8391a69a0: ;   {runtime_call UncommonTrapBlob}
  0x000001c8391a69a0: c5f8 77e8 

  0x000001c8391a69a4: ; ImmutableOopMap {[32]=Oop [40]=Oop [48]=Oop [56]=Oop [80]=Oop [88]=Oop [96]=Oop [104]=Oop [120]=NarrowOop [124]=NarrowOop [136]=NarrowOop }
                      ;*if_icmpge {reexecute=1 rethrow=0 return_oop=0}
                      ; - (reexecute) jdk.internal.util.ArraysSupport::mismatch@74
                      ; - java.lang.String::startsWith@70
                      ; - java.lang.String::startsWith@3
                      ; - org.eclipse.osgi.storage.bundlefile.NestedDirBundleFile::filterPath@48 (line 74)
                      ; - org.eclipse.osgi.storage.bundlefile.NestedDirBundleFile::getEntry@2 (line 93)
                      ; - org.eclipse.osgi.internal.loader.classpath.ClasspathEntry::findEntry@25 (line 204)
                      ; - org.eclipse.osgi.internal.loader.classpath.ClasspathManager::findClassImpl@95 (line 675)
  0x000001c8391a69a4: 5803 76ff 

  0x000001c8391a69a8: ;   {other}
  0x000001c8391a69a8: 0f1f 8400 | 9868 0097 | 4d63 d8e9 | 1caf ffff | 4489 5424 | 604c 8974 | 2458 4c89 | 6c24 5048 
  0x000001c8391a69c8: 895c 2448 | 4c8b 5424 | 204c 8954 | 2440 4c8b | 5424 304c | 8954 2428 | 4c8b 5424 | 784c 8954 
  0x000001c8391a69e8: 2420 488b | 6c24 7048 | 8bd1 4533 | c066 6690 

  0x000001c8391a69f8: ;   {static_call}
  0x000001c8391a69f8: c5f8 77e8 

  0x000001c8391a69fc: ; ImmutableOopMap {rbp=Oop [32]=Oop [40]=Oop [56]=Oop [64]=Oop [72]=Oop [80]=Oop [88]=Oop [96]=NarrowOop }
                      ;*invokestatic charAt {reexecute=0 rethrow=0 return_oop=0}
                      ; - java.lang.String::charAt@21
                      ; - org.eclipse.osgi.storage.bundlefile.NestedDirBundleFile::prependNestedDir@9 (line 110)
                      ; - org.eclipse.osgi.storage.bundlefile.NestedDirBundleFile::getEntry@16 (line 96)
                      ; - org.eclipse.osgi.internal.loader.classpath.ClasspathEntry::findEntry@25 (line 204)
                      ; - org.eclipse.osgi.internal.loader.classpath.ClasspathManager::findClassImpl@95 (line 675)
  0x000001c8391a69fc: 808b 75ff 

  0x000001c8391a6a00: ;   {other}
  0x000001c8391a6a00: 0f1f 8400 | f068 0098 | 4889 6c24 | 704c 8b5c | 2420 4c89 | 5c24 784c | 8b5c 2428 | 4c89 5c24 
  0x000001c8391a6a20: 304c 8b5c | 2440 4c89 | 5c24 2048 | 8b5c 2448 | 4c8b 6c24 | 504c 8b74 | 2458 448b | 5c24 6044 
  0x000001c8391a6a40: 895c 2468 | 448b d8e9 | 34ae ffff | bae4 ffff | ff48 8b6c | 2470 4889 | 5c24 484c | 896c 2450 
  0x000001c8391a6a60: 448b 5424 | 6844 8954 | 2458 4c89 | 7424 6048 | 895c 2468 | 894c 245c | 4489 5c24 | 7066 6690 
  0x000001c8391a6a80: ;   {runtime_call UncommonTrapBlob}
  0x000001c8391a6a80: c5f8 77e8 

  0x000001c8391a6a84: ; ImmutableOopMap {rbp=Oop [48]=Oop [56]=Oop [72]=Oop [80]=Oop [88]=NarrowOop [92]=NarrowOop [96]=Oop [104]=Oop [120]=Oop }
                      ;*invokestatic checkIndex {reexecute=0 rethrow=0 return_oop=0}
                      ; - java.lang.String::checkIndex@5
                      ; - java.lang.StringLatin1::charAt@3
                      ; - java.lang.String::charAt@12
                      ; - org.eclipse.osgi.storage.bundlefile.NestedDirBundleFile::prependNestedDir@9 (line 110)
                      ; - org.eclipse.osgi.storage.bundlefile.NestedDirBundleFile::getEntry@16 (line 96)
                      ; - org.eclipse.osgi.internal.loader.classpath.ClasspathEntry::findEntry@25 (line 204)
                      ; - org.eclipse.osgi.internal.loader.classpath.ClasspathManager::findClassImpl@95 (line 675)
  0x000001c8391a6a84: 7802 76ff 

  0x000001c8391a6a88: ;   {other}
  0x000001c8391a6a88: 0f1f 8400 | 7869 0099 | bacc ffff | ff48 895c | 2448 4c89 | 6c24 5044 | 8b5c 2468 | 4489 5c24 
  0x000001c8391a6aa8: 584c 8974 | 2460 4889 | 5c24 6890 

  0x000001c8391a6ab4: ;   {runtime_call UncommonTrapBlob}
  0x000001c8391a6ab4: c5f8 77e8 

  0x000001c8391a6ab8: ; ImmutableOopMap {[48]=Oop [56]=Oop [72]=Oop [80]=Oop [88]=NarrowOop [96]=Oop [104]=Oop [112]=Oop [120]=Oop }
                      ;*new {reexecute=0 rethrow=0 return_oop=0}
                      ; - org.eclipse.osgi.storage.bundlefile.NestedDirBundleFile::prependNestedDir@23 (line 112)
                      ; - org.eclipse.osgi.storage.bundlefile.NestedDirBundleFile::getEntry@16 (line 96)
                      ; - org.eclipse.osgi.internal.loader.classpath.ClasspathEntry::findEntry@25 (line 204)
                      ; - org.eclipse.osgi.internal.loader.classpath.ClasspathManager::findClassImpl@95 (line 675)
  0x000001c8391a6ab8: 4402 76ff 

  0x000001c8391a6abc: ;   {other}
  0x000001c8391a6abc: 0f1f 8400 | ac69 009a | bade ffff | ff48 895c | 2448 4c89 | 6c24 504c | 8954 2460 

  0x000001c8391a6ad8: ;   {runtime_call UncommonTrapBlob}
  0x000001c8391a6ad8: c5f8 77e8 

  0x000001c8391a6adc: ; ImmutableOopMap {[48]=Oop [56]=Oop [72]=Oop [80]=Oop [96]=Oop [104]=NarrowOop [112]=Oop [120]=Oop }
                      ;*invokevirtual getEntry {reexecute=0 rethrow=0 return_oop=0}
                      ; - org.eclipse.osgi.storage.bundlefile.NestedDirBundleFile::getEntry@19 (line 96)
                      ; - org.eclipse.osgi.internal.loader.classpath.ClasspathEntry::findEntry@25 (line 204)
                      ; - org.eclipse.osgi.internal.loader.classpath.ClasspathManager::findClassImpl@95 (line 675)
  0x000001c8391a6adc: 2002 76ff 

  0x000001c8391a6ae0: ;   {other}
  0x000001c8391a6ae0: 0f1f 8400 | d069 009b | ba45 ffff | ff4c 8b54 | 2470 4c89 | 5424 204c | 8b54 2478 | 4c89 5424 
  0x000001c8391a6b00: 284c 896c | 2458 4c89 | 7424 7090 

  0x000001c8391a6b0c: ;   {runtime_call UncommonTrapBlob}
  0x000001c8391a6b0c: c5f8 77e8 

  0x000001c8391a6b10: ; ImmutableOopMap {[32]=Oop [40]=Oop [48]=Oop [56]=Oop [88]=Oop [112]=Oop [128]=Oop }
                      ;*ifle {reexecute=1 rethrow=0 return_oop=0}
                      ; - (reexecute) org.eclipse.osgi.storage.bundlefile.NestedDirBundleFile::filterPath@4 (line 71)
                      ; - org.eclipse.osgi.storage.bundlefile.NestedDirBundleFile::getEntry@2 (line 93)
                      ; - org.eclipse.osgi.internal.loader.classpath.ClasspathEntry::findEntry@25 (line 204)
                      ; - org.eclipse.osgi.internal.loader.classpath.ClasspathManager::findClassImpl@95 (line 675)
  0x000001c8391a6b10: ec01 76ff 

  0x000001c8391a6b14: ;   {other}
  0x000001c8391a6b14: 0f1f 8400 | 046a 009c | ba45 ffff | ff48 8b6c | 2470 4c8b | 5424 784c | 8954 2420 | 4889 5c24 
  0x000001c8391a6b34: 484c 896c | 2450 4889 | 5c24 604c | 8974 2468 | 4489 5c24 | 7866 6690 

  0x000001c8391a6b4c: ;   {runtime_call UncommonTrapBlob}
  0x000001c8391a6b4c: c5f8 77e8 

  0x000001c8391a6b50: ; ImmutableOopMap {rbp=Oop [32]=Oop [48]=Oop [56]=Oop [72]=Oop [80]=Oop [96]=Oop [104]=Oop }
                      ;*if_icmpne {reexecute=1 rethrow=0 return_oop=0}
                      ; - (reexecute) org.eclipse.osgi.storage.bundlefile.NestedDirBundleFile::filterPath@14 (line 71)
                      ; - org.eclipse.osgi.storage.bundlefile.NestedDirBundleFile::getEntry@2 (line 93)
                      ; - org.eclipse.osgi.internal.loader.classpath.ClasspathEntry::findEntry@25 (line 204)
                      ; - org.eclipse.osgi.internal.loader.classpath.ClasspathManager::findClassImpl@95 (line 675)
  0x000001c8391a6b50: ac01 76ff 

  0x000001c8391a6b54: ;   {other}
  0x000001c8391a6b54: 0f1f 8400 | 446a 009d | ba45 ffff | ff4c 896c | 2458 4489 | 5c24 6090 

  0x000001c8391a6b6c: ;   {runtime_call UncommonTrapBlob}
  0x000001c8391a6b6c: c5f8 77e8 

  0x000001c8391a6b70: ; ImmutableOopMap {[48]=Oop [56]=Oop [88]=Oop [112]=Oop [120]=Oop [128]=Oop }
                      ;*if_icmpeq {reexecute=1 rethrow=0 return_oop=0}
                      ; - (reexecute) java.util.HashMap$HashIterator::nextNode@16
                      ; - java.util.HashMap$KeyIterator::next@1
                      ; - java.util.Collections$UnmodifiableCollection$1::next@4
                      ; - org.eclipse.osgi.internal.loader.classpath.ClasspathEntry::findEntry@14 (line 203)
                      ; - org.eclipse.osgi.internal.loader.classpath.ClasspathManager::findClassImpl@95 (line 675)
  0x000001c8391a6b70: 8c01 76ff 

  0x000001c8391a6b74: ;   {other}
  0x000001c8391a6b74: 0f1f 8400 | 646a 009e | ba45 ffff | ff4c 8b54 | 2470 4c89 | 5424 204c | 8b54 2478 | 4c89 5424 
  0x000001c8391a6b94: 2848 895c | 2450 4c89 | 6c24 584c | 8974 2460 | 4889 5c24 | 6844 895c | 2478 4489 | 4424 7c44 
  0x000001c8391a6bb4: 898c 2480 | 0000 0089 | 8424 8400 | 0000 6690 

  0x000001c8391a6bc4: ;   {runtime_call UncommonTrapBlob}
  0x000001c8391a6bc4: c5f8 77e8 

  0x000001c8391a6bc8: ; ImmutableOopMap {[32]=Oop [40]=Oop [48]=Oop [56]=Oop [80]=Oop [88]=Oop [96]=Oop [104]=Oop [120]=NarrowOop [124]=NarrowOop [132]=NarrowOop }
                      ;*if_icmpne {reexecute=1 rethrow=0 return_oop=0}
                      ; - (reexecute) java.lang.String::startsWith@56
                      ; - java.lang.String::startsWith@3
                      ; - org.eclipse.osgi.storage.bundlefile.NestedDirBundleFile::filterPath@48 (line 74)
                      ; - org.eclipse.osgi.storage.bundlefile.NestedDirBundleFile::getEntry@2 (line 93)
                      ; - org.eclipse.osgi.internal.loader.classpath.ClasspathEntry::findEntry@25 (line 204)
                      ; - org.eclipse.osgi.internal.loader.classpath.ClasspathManager::findClassImpl@95 (line 675)
  0x000001c8391a6bc8: 3401 76ff 

  0x000001c8391a6bcc: ;   {other}
  0x000001c8391a6bcc: 0f1f 8400 | bc6a 009f | bae4 ffff | ff48 8b6c | 2470 4c8b | 5c24 784c | 895c 2420 | 4c8b 9c24 
  0x000001c8391a6bec: 8800 0000 | 4c89 5c24 | 604c 8b9c | 2490 0000 | 004c 895c | 2470 4c8b | 9c24 9800 | 0000 4c89 
  0x000001c8391a6c0c: 9c24 8800 | 0000 4489 | 9424 9c00 | 0000 6690 

  0x000001c8391a6c1c: ;   {runtime_call UncommonTrapBlob}
  0x000001c8391a6c1c: c5f8 77e8 

  0x000001c8391a6c20: ; ImmutableOopMap {rbp=Oop [32]=Oop [40]=Oop [48]=Oop [56]=Oop [64]=NarrowOop [72]=Oop [80]=Oop [88]=Oop [96]=Oop [104]=Oop [112]=Oop [136]=Oop [160]=Oop }
                      ;*aaload {reexecute=0 rethrow=0 return_oop=0}
                      ; - java.util.IdentityHashMap::put@28
                      ; - java.util.Collections$SetFromMap::add@8
                      ; - java.util.zip.ZipFile::getInputStream@231
                      ; - org.eclipse.osgi.storage.bundlefile.ZipBundleFile::doGetInputStream@5 (line 101)
                      ; - org.eclipse.osgi.storage.bundlefile.ZipBundleFile::doGetInputStream@5 (line 1)
                      ; - org.eclipse.osgi.storage.bundlefile.CloseableBundleFile::getInputStream@20 (line 487)
                      ; - org.eclipse.osgi.storage.bundlefile.ZipBundleEntry::getInputStream@8 (line 58)
                      ; - org.eclipse.osgi.storage.bundlefile.BundleEntry::getBytes@1 (line 97)
                      ; - org.eclipse.osgi.internal.loader.classpath.ClasspathManager::findClassImpl@109 (line 681)
  0x000001c8391a6c20: dc00 76ff 

  0x000001c8391a6c24: ;   {other}
  0x000001c8391a6c24: 0f1f 8400 | 146b 00a0 | ba45 ffff | ff4c 8b54 | 2470 4c89 | 5424 2048 | 895c 2450 | 4c89 6c24 
  0x000001c8391a6c44: 5844 8b5c | 2468 4489 | 5c24 604c | 8974 2468 | 4889 5c24 | 7066 6690 

  0x000001c8391a6c5c: ;   {runtime_call UncommonTrapBlob}
  0x000001c8391a6c5c: c5f8 77e8 

  0x000001c8391a6c60: ; ImmutableOopMap {[32]=Oop [48]=Oop [56]=Oop [80]=Oop [88]=Oop [96]=NarrowOop [104]=Oop [112]=Oop [120]=Oop }
                      ;*ifle {reexecute=1 rethrow=0 return_oop=0}
                      ; - (reexecute) org.eclipse.osgi.storage.bundlefile.NestedDirBundleFile::prependNestedDir@4 (line 110)
                      ; - org.eclipse.osgi.storage.bundlefile.NestedDirBundleFile::getEntry@16 (line 96)
                      ; - org.eclipse.osgi.internal.loader.classpath.ClasspathEntry::findEntry@25 (line 204)
                      ; - org.eclipse.osgi.internal.loader.classpath.ClasspathManager::findClassImpl@95 (line 675)
  0x000001c8391a6c60: 9c00 76ff 

  0x000001c8391a6c64: ;   {other}
  0x000001c8391a6c64: 0f1f 8400 | 546b 00a1 | ba45 ffff | ff48 895c | 2448 4c89 | 6c24 5044 | 8b54 2468 | 4489 5424 
  0x000001c8391a6c84: 584c 8974 | 2460 4889 | 5c24 6844 | 895c 245c 

  0x000001c8391a6c94: ;   {runtime_call UncommonTrapBlob}
  0x000001c8391a6c94: c5f8 77e8 

  0x000001c8391a6c98: ; ImmutableOopMap {[48]=Oop [56]=Oop [72]=Oop [80]=Oop [88]=NarrowOop [96]=Oop [104]=Oop [112]=Oop [120]=Oop }
                      ;*if_icmpne {reexecute=1 rethrow=0 return_oop=0}
                      ; - (reexecute) org.eclipse.osgi.storage.bundlefile.NestedDirBundleFile::prependNestedDir@14 (line 110)
                      ; - org.eclipse.osgi.storage.bundlefile.NestedDirBundleFile::getEntry@16 (line 96)
                      ; - org.eclipse.osgi.internal.loader.classpath.ClasspathEntry::findEntry@25 (line 204)
                      ; - org.eclipse.osgi.internal.loader.classpath.ClasspathManager::findClassImpl@95 (line 675)
  0x000001c8391a6c98: 6400 76ff 

  0x000001c8391a6c9c: ;   {other}
  0x000001c8391a6c9c: 0f1f 8400 | 8c6b 00a2 | 4c89 5c24 | 504c 896c | 2448 4c8b | 5424 204c | 8954 2440 | 4c8b 5424 
  0x000001c8391a6cbc: 304c 8954 | 2428 488b 

  0x000001c8391a6cc4: ;   {metadata('java/util/LinkedHashMap$LinkedKeyIterator')}
  0x000001c8391a6cc4: 6c24 7048 | baf8 6905 | 46c8 0100 | 0066 6690 

  0x000001c8391a6cd4: ;   {runtime_call _new_instance_Java}
  0x000001c8391a6cd4: c5f8 77e8 

  0x000001c8391a6cd8: ; ImmutableOopMap {rbp=Oop [40]=Oop [56]=Oop [64]=Oop [72]=Oop [80]=Oop [120]=Oop [128]=Oop }
                      ;*new {reexecute=0 rethrow=0 return_oop=1}
                      ; - java.util.LinkedHashMap$LinkedKeySet::iterator@0
                      ; - java.util.HashSet::iterator@7
                      ; - java.util.Collections$UnmodifiableCollection$1::<init>@17
                      ; - java.util.Collections$UnmodifiableCollection::iterator@5
                      ; - org.eclipse.osgi.internal.loader.classpath.ClasspathEntry::findEntry@4 (line 203)
                      ; - org.eclipse.osgi.internal.loader.classpath.ClasspathManager::findClassImpl@95 (line 675)
  0x000001c8391a6cd8: 2421 81ff 

  0x000001c8391a6cdc: ;   {other}
  0x000001c8391a6cdc: 0f1f 8400 | cc6b 00a3 | 4889 6c24 | 704c 8b5c | 2428 4c89 | 5c24 304c | 8b5c 2440 | 4c89 5c24 
  0x000001c8391a6cfc: 204c 8b6c | 2448 4c8b | 5c24 504c | 8bc0 e941 | d8ff ffba | c6ff ffff | 4c8b 5424 | 304c 8954 
  0x000001c8391a6d1c: 2428 4c8b | 5424 384c | 8954 2430 | 894c 2438 | 4c89 5c24 | 4066 6690 

  0x000001c8391a6d34: ;   {runtime_call UncommonTrapBlob}
  0x000001c8391a6d34: c5f8 77e8 

  0x000001c8391a6d38: ; ImmutableOopMap {[40]=Oop [48]=Oop [56]=NarrowOop [64]=Oop [112]=Oop [120]=Oop }
                      ;*invokevirtual containsKey {reexecute=0 rethrow=0 return_oop=0}
                      ; - java.util.HashSet::contains@5
                      ; - java.util.Collections$UnmodifiableCollection::contains@5
                      ; - org.eclipse.osgi.internal.debug.Debug::loaderWithClass@27 (line 287)
                      ; - org.eclipse.osgi.internal.loader.classpath.ClasspathManager::findClassImpl@5 (line 667)
  0x000001c8391a6d38: c4ff 75ff 

  0x000001c8391a6d3c: ;   {other}
  0x000001c8391a6d3c: 0f1f 8400 | 2c6c 00a4 | 498b cb48 | 8d94 24f8 | 0000 004d | 8bc7 c5f8 | 7749 ba40 | d95c 34f9 
  0x000001c8391a6d5c: 7f00 0041 

  0x000001c8391a6d60: ;   {other}
  0x000001c8391a6d60: ffd2 0f1f | 8400 0000 | 0000 e96f | caff ffba | deff ffff | 488b 5c24 | 7048 895c | 2420 488b 
  0x000001c8391a6d80: 5c24 7848 | 895c 2450 | 488b 9c24 | 8800 0000 | 4889 5c24 | 5848 8b9c | 2490 0000 | 0048 895c 
  0x000001c8391a6da0: 2460 4c89 | 8424 8000 | 0000 4c89 | 8c24 9000 | 0000 4489 | 5c24 444c | 8994 2498 | 0000 004c 
  0x000001c8391a6dc0: 8994 24a0 | 0000 0048 | 898c 24a8 | 0000 0090 

  0x000001c8391a6dd0: ;   {runtime_call UncommonTrapBlob}
  0x000001c8391a6dd0: c5f8 77e8 

  0x000001c8391a6dd4: ; ImmutableOopMap {rbp=NarrowOop [32]=Oop [40]=Oop [48]=Oop [56]=Oop [64]=NarrowOop [72]=Oop [80]=Oop [88]=Oop [96]=Oop [128]=Oop [144]=Oop [152]=Oop [160]=Oop [168]=Oop }
                      ;*invokevirtual initialTryLock {reexecute=0 rethrow=0 return_oop=0}
                      ; - java.util.concurrent.locks.ReentrantLock$Sync::lock@1
                      ; - java.util.concurrent.locks.ReentrantLock::lock@4
                      ; - java.lang.ref.ReferenceQueue::poll@13
                      ; - java.util.WeakHashMap::expungeStaleEntries@4
                      ; - java.util.WeakHashMap::getTable@1
                      ; - java.util.WeakHashMap::put@13
                      ; - java.util.Collections$SetFromMap::add@8
                      ; - java.util.zip.ZipFile::getInputStream@231
                      ; - org.eclipse.osgi.storage.bundlefile.ZipBundleFile::doGetInputStream@5 (line 101)
                      ; - org.eclipse.osgi.storage.bundlefile.ZipBundleFile::doGetInputStream@5 (line 1)
                      ; - org.eclipse.osgi.storage.bundlefile.CloseableBundleFile::getInputStream@20 (line 487)
                      ; - org.eclipse.osgi.storage.bundlefile.ZipBundleEntry::getInputStream@8 (line 58)
                      ; - org.eclipse.osgi.storage.bundlefile.BundleEntry::getBytes@1 (line 97)
                      ; - org.eclipse.osgi.internal.loader.classpath.ClasspathManager::findClassImpl@109 (line 681)
  0x000001c8391a6dd4: 28ff 75ff 

  0x000001c8391a6dd8: ;   {other}
  0x000001c8391a6dd8: 0f1f 8400 | c86c 00a5 | bae4 ffff | ff48 8b6c | 2470 4c8b | 5424 784c | 8954 2420 | 4889 5c24 
  0x000001c8391a6df8: 484c 896c | 2450 4c89 | 7424 5848 | 895c 2460 | 4489 4424 | 7444 894c | 2478 4489 | 5c24 7c89 
  0x000001c8391a6e18: 8424 8000 | 0000 6690 

  0x000001c8391a6e20: ;   {runtime_call UncommonTrapBlob}
  0x000001c8391a6e20: c5f8 77e8 

  0x000001c8391a6e24: ; ImmutableOopMap {rbp=Oop [32]=Oop [48]=Oop [56]=Oop [72]=Oop [80]=Oop [88]=Oop [96]=Oop [116]=NarrowOop [124]=NarrowOop [128]=NarrowOop }
                      ;*baload {reexecute=0 rethrow=0 return_oop=0}
                      ; - jdk.internal.util.ArraysSupport::mismatch@12
                      ; - java.lang.String::startsWith@70
                      ; - java.lang.String::startsWith@3
                      ; - org.eclipse.osgi.storage.bundlefile.NestedDirBundleFile::filterPath@48 (line 74)
                      ; - org.eclipse.osgi.storage.bundlefile.NestedDirBundleFile::getEntry@2 (line 93)
                      ; - org.eclipse.osgi.internal.loader.classpath.ClasspathEntry::findEntry@25 (line 204)
                      ; - org.eclipse.osgi.internal.loader.classpath.ClasspathManager::findClassImpl@95 (line 675)
  0x000001c8391a6e24: d8fe 75ff 

  0x000001c8391a6e28: ;   {other}
  0x000001c8391a6e28: 0f1f 8400 | 186d 00a6 | bae4 ffff | ff4c 8b54 | 2470 4c89 | 5424 204c | 8b54 2478 | 4c89 5424 
  0x000001c8391a6e48: 2848 895c | 2450 4c89 | 6c24 584c | 8974 2460 | 4889 5c24 | 6844 895c | 2478 4489 | 8c24 8000 
  0x000001c8391a6e68: 0000 4489 | 8424 8400 | 0000 8984 | 2488 0000 | 0066 6690 

  0x000001c8391a6e7c: ;   {runtime_call UncommonTrapBlob}
  0x000001c8391a6e7c: c5f8 77e8 

  0x000001c8391a6e80: ; ImmutableOopMap {[32]=Oop [40]=Oop [48]=Oop [56]=Oop [80]=Oop [88]=Oop [96]=Oop [104]=Oop [120]=NarrowOop [132]=NarrowOop [136]=NarrowOop }
                      ;*baload {reexecute=0 rethrow=0 return_oop=0}
                      ; - jdk.internal.util.ArraysSupport::mismatch@15
                      ; - java.lang.String::startsWith@70
                      ; - java.lang.String::startsWith@3
                      ; - org.eclipse.osgi.storage.bundlefile.NestedDirBundleFile::filterPath@48 (line 74)
                      ; - org.eclipse.osgi.storage.bundlefile.NestedDirBundleFile::getEntry@2 (line 93)
                      ; - org.eclipse.osgi.internal.loader.classpath.ClasspathEntry::findEntry@25 (line 204)
                      ; - org.eclipse.osgi.internal.loader.classpath.ClasspathManager::findClassImpl@95 (line 675)
  0x000001c8391a6e80: 7cfe 75ff 

  0x000001c8391a6e84: ;   {other}
  0x000001c8391a6e84: 0f1f 8400 | 746d 00a7 | 418b e944 | 8944 2458 | 4489 5c24 | 5489 4424 | 504c 8974 | 2448 4c89 
  0x000001c8391a6ea4: 6c24 4048 | 895c 2428 | 4c8b 7424 | 204c 8b6c | 2430 488b | 7c24 7848 | 8b5c 2470 | 458b c145 
  0x000001c8391a6ec4: 33c9 c5f8 | 7749 bae0 | d98e 38c8 | 0100 0041 

  0x000001c8391a6ed4: ;   {other}
  0x000001c8391a6ed4: ffd2 0f1f | 8400 0000 | 0000 e926 | ccff ff44 | 8b41 0c4d | 8bd8 4c3b | db0f 8531 | 0500 008b 
  0x000001c8391a6ef4: 6910 ffc5 | 85ed 0f8c | 1c09 0000 | 8969 10f0 | 8344 24c0 | 0044 8b44 | 2444 e92a | f0ff ffba 
  0x000001c8391a6f14: 45ff ffff | 4c8b 5424 | 304c 8954 | 2428 4c8b | 5424 384c | 8954 2430 | 4489 4c24 | 3866 6690 
  0x000001c8391a6f34: ;   {runtime_call UncommonTrapBlob}
  0x000001c8391a6f34: c5f8 77e8 

  0x000001c8391a6f38: ; ImmutableOopMap {[40]=Oop [48]=Oop [112]=Oop [120]=Oop }
                      ;*ifle {reexecute=1 rethrow=0 return_oop=0}
                      ; - (reexecute) java.util.HashMap::getNode@14
                      ; - java.util.HashMap::containsKey@2
                      ; - java.util.HashSet::contains@5
                      ; - java.util.Collections$UnmodifiableCollection::contains@5
                      ; - org.eclipse.osgi.internal.debug.Debug::loaderWithClass@27 (line 287)
                      ; - org.eclipse.osgi.internal.loader.classpath.ClasspathManager::findClassImpl@5 (line 667)
  0x000001c8391a6f38: c4fd 75ff 

  0x000001c8391a6f3c: ;   {other}
  0x000001c8391a6f3c: 0f1f 8400 | 2c6e 00a8 | ba45 ffff | ff4c 8b54 | 2470 4c89 | 5424 204c | 8b54 2478 | 4c89 5424 
  0x000001c8391a6f5c: 604c 8b94 | 2488 0000 | 004c 8954 | 2470 4c8b | 9424 9000 | 0000 4c89 | 5424 7844 | 8b9c 2484 
  0x000001c8391a6f7c: 0000 0044 | 895c 2444 | 4489 8c24 | b000 0000 | 4889 8c24 | b800 0000 

  0x000001c8391a6f94: ;   {runtime_call UncommonTrapBlob}
  0x000001c8391a6f94: c5f8 77e8 

  0x000001c8391a6f98: ; ImmutableOopMap {rbp=NarrowOop [32]=Oop [40]=Oop [48]=Oop [56]=Oop [64]=NarrowOop [72]=Oop [80]=Oop [88]=Oop [96]=Oop [104]=Oop [112]=Oop [120]=Oop [152]=Oop [176]=NarrowOop [184]=Oop }
                      ;*if_acmpeq {reexecute=1 rethrow=0 return_oop=0}
                      ; - (reexecute) java.util.concurrent.locks.ReentrantLock$Sync::tryRelease@14
                      ; - java.util.concurrent.locks.AbstractQueuedSynchronizer::release@2
                      ; - java.util.concurrent.locks.ReentrantLock::unlock@5
                      ; - java.lang.ref.ReferenceQueue::poll@25
                      ; - java.util.WeakHashMap::expungeStaleEntries@4
                      ; - java.util.WeakHashMap::getTable@1
                      ; - java.util.WeakHashMap::put@13
                      ; - java.util.Collections$SetFromMap::add@8
                      ; - java.util.zip.ZipFile::getInputStream@231
                      ; - org.eclipse.osgi.storage.bundlefile.ZipBundleFile::doGetInputStream@5 (line 101)
                      ; - org.eclipse.osgi.storage.bundlefile.ZipBundleFile::doGetInputStream@5 (line 1)
                      ; - org.eclipse.osgi.storage.bundlefile.CloseableBundleFile::getInputStream@20 (line 487)
                      ; - org.eclipse.osgi.storage.bundlefile.ZipBundleEntry::getInputStream@8 (line 58)
                      ; - org.eclipse.osgi.storage.bundlefile.BundleEntry::getBytes@1 (line 97)
                      ; - org.eclipse.osgi.internal.loader.classpath.ClasspathManager::findClassImpl@109 (line 681)
  0x000001c8391a6f98: 64fd 75ff 

  0x000001c8391a6f9c: ;   {other}
  0x000001c8391a6f9c: 0f1f 8400 | 8c6e 00a9 | ba45 ffff | ff4c 8b54 | 2448 4c89 | 5424 4089 | 4424 4c90 

  0x000001c8391a6fb8: ;   {runtime_call UncommonTrapBlob}
  0x000001c8391a6fb8: c5f8 77e8 

  0x000001c8391a6fbc: ; ImmutableOopMap {rbp=Oop [48]=Oop [56]=Oop [64]=Oop [112]=Oop [120]=Oop }
                      ;*ifeq {reexecute=1 rethrow=0 return_oop=0}
                      ; - (reexecute) java.util.HashMap::getNode@131
                      ; - java.util.HashMap::containsKey@2
                      ; - java.util.HashSet::contains@5
                      ; - java.util.Collections$UnmodifiableCollection::contains@5
                      ; - org.eclipse.osgi.internal.debug.Debug::loaderWithClass@27 (line 287)
                      ; - org.eclipse.osgi.internal.loader.classpath.ClasspathManager::findClassImpl@5 (line 667)
  0x000001c8391a6fbc: 40fd 75ff 

  0x000001c8391a6fc0: ;   {other}
  0x000001c8391a6fc0: 0f1f 8400 | b06e 00aa | ba45 ffff | ff44 894c | 245c 4489 | 7424 604c | 8944 2468 

  0x000001c8391a6fdc: ;   {runtime_call UncommonTrapBlob}
  0x000001c8391a6fdc: c5f8 77e8 

  0x000001c8391a6fe0: ; ImmutableOopMap {[40]=Oop [48]=Oop [56]=Oop [92]=NarrowOop [96]=NarrowOop [104]=Oop [112]=Oop [120]=Oop [136]=Oop [144]=Oop }
                      ;*ifge {reexecute=1 rethrow=0 return_oop=0}
                      ; - (reexecute) java.util.concurrent.locks.ReentrantLock$NonfairSync::initialTryLock@36
                      ; - java.util.concurrent.locks.ReentrantLock$Sync::lock@1
                      ; - java.util.concurrent.locks.ReentrantLock::lock@4
                      ; - org.eclipse.osgi.storage.bundlefile.CloseableBundleFile::lockOpen@4 (line 85)
                      ; - org.eclipse.osgi.storage.bundlefile.CloseableBundleFile::getInputStream@1 (line 483)
                      ; - org.eclipse.osgi.storage.bundlefile.ZipBundleEntry::getInputStream@8 (line 58)
                      ; - org.eclipse.osgi.storage.bundlefile.BundleEntry::getBytes@1 (line 97)
                      ; - org.eclipse.osgi.internal.loader.classpath.ClasspathManager::findClassImpl@109 (line 681)
  0x000001c8391a6fe0: 1cfd 75ff 

  0x000001c8391a6fe4: ;   {other}
  0x000001c8391a6fe4: 0f1f 8400 | d46e 00ab | ba45 ffff | ff4c 8944 | 2460 4489 | 5424 5c48 | 894c 2468 

  0x000001c8391a7000: ;   {runtime_call UncommonTrapBlob}
  0x000001c8391a7000: c5f8 77e8 

  0x000001c8391a7004: ; ImmutableOopMap {[40]=Oop [48]=Oop [56]=Oop [92]=NarrowOop [96]=Oop [104]=Oop [112]=Oop [120]=Oop [136]=Oop [144]=Oop }
                      ;*ifge {reexecute=1 rethrow=0 return_oop=0}
                      ; - (reexecute) java.util.concurrent.locks.ReentrantLock$NonfairSync::initialTryLock@36
                      ; - java.util.concurrent.locks.ReentrantLock$Sync::lock@1
                      ; - java.util.concurrent.locks.ReentrantLock::lock@4
                      ; - org.eclipse.osgi.storage.bundlefile.CloseableBundleFile::incrementReference@4 (line 451)
                      ; - org.eclipse.osgi.storage.bundlefile.CloseableBundleFile$BundleEntryInputStream::<init>@16 (line 513)
                      ; - org.eclipse.osgi.storage.bundlefile.CloseableBundleFile::getInputStream@37 (line 489)
                      ; - org.eclipse.osgi.storage.bundlefile.ZipBundleEntry::getInputStream@8 (line 58)
                      ; - org.eclipse.osgi.storage.bundlefile.BundleEntry::getBytes@1 (line 97)
                      ; - org.eclipse.osgi.internal.loader.classpath.ClasspathManager::findClassImpl@109 (line 681)
  0x000001c8391a7004: f8fc 75ff 

  0x000001c8391a7008: ;   {other}
  0x000001c8391a7008: 0f1f 8400 | f86e 00ac | bac6 ffff | ff4c 8b54 | 2470 4c89 | 5424 204c | 8b54 2478 | 4c89 5424 
  0x000001c8391a7028: 504c 8b94 | 2488 0000 | 004c 8954 | 2458 4c89 | 8424 8000 | 0000 4c89 | 8c24 8800 | 0000 6690 
  0x000001c8391a7048: ;   {runtime_call UncommonTrapBlob}
  0x000001c8391a7048: c5f8 77e8 

  0x000001c8391a704c: ; ImmutableOopMap {rbp=NarrowOop [32]=Oop [40]=Oop [48]=Oop [56]=Oop [64]=NarrowOop [72]=Oop [80]=Oop [88]=Oop [128]=Oop [136]=Oop [144]=Oop }
                      ;*invokeinterface put {reexecute=0 rethrow=0 return_oop=0}
                      ; - java.util.Collections$SetFromMap::add@8
                      ; - java.util.zip.ZipFile::getInputStream@231
                      ; - org.eclipse.osgi.storage.bundlefile.ZipBundleFile::doGetInputStream@5 (line 101)
                      ; - org.eclipse.osgi.storage.bundlefile.ZipBundleFile::doGetInputStream@5 (line 1)
                      ; - org.eclipse.osgi.storage.bundlefile.CloseableBundleFile::getInputStream@20 (line 487)
                      ; - org.eclipse.osgi.storage.bundlefile.ZipBundleEntry::getInputStream@8 (line 58)
                      ; - org.eclipse.osgi.storage.bundlefile.BundleEntry::getBytes@1 (line 97)
                      ; - org.eclipse.osgi.internal.loader.classpath.ClasspathManager::findClassImpl@109 (line 681)
  0x000001c8391a704c: b0fc 75ff 

  0x000001c8391a7050: ;   {other}
  0x000001c8391a7050: 0f1f 8400 | 406f 00ad | ba45 ffff | ff44 894c | 245c 4489 | 7424 6090 

  0x000001c8391a7068: ;   {runtime_call UncommonTrapBlob}
  0x000001c8391a7068: c5f8 77e8 

  0x000001c8391a706c: ; ImmutableOopMap {[40]=Oop [48]=Oop [56]=Oop [92]=NarrowOop [96]=NarrowOop [112]=Oop [120]=Oop [136]=Oop [144]=Oop }
                      ;*ifeq {reexecute=1 rethrow=0 return_oop=0}
                      ; - (reexecute) org.eclipse.osgi.storage.bundlefile.CloseableBundleFile::internalOpen@51 (line 143)
                      ; - org.eclipse.osgi.storage.bundlefile.CloseableBundleFile::lockOpen@8 (line 87)
                      ; - org.eclipse.osgi.storage.bundlefile.CloseableBundleFile::getInputStream@1 (line 483)
                      ; - org.eclipse.osgi.storage.bundlefile.ZipBundleEntry::getInputStream@8 (line 58)
                      ; - org.eclipse.osgi.storage.bundlefile.BundleEntry::getBytes@1 (line 97)
                      ; - org.eclipse.osgi.internal.loader.classpath.ClasspathManager::findClassImpl@109 (line 681)
  0x000001c8391a706c: 90fc 75ff 

  0x000001c8391a7070: ;   {other}
  0x000001c8391a7070: 0f1f 8400 | 606f 00ae | ba45 ffff | ff66 6690 

  0x000001c8391a7080: ;   {runtime_call UncommonTrapBlob}
  0x000001c8391a7080: c5f8 77e8 

  0x000001c8391a7084: ; ImmutableOopMap {[40]=Oop [48]=Oop [56]=Oop [64]=Oop [72]=Oop [80]=NarrowOop [84]=NarrowOop [112]=Oop [120]=Oop }
                      ;*ifeq {reexecute=1 rethrow=0 return_oop=0}
                      ; - (reexecute) org.eclipse.osgi.storage.bundlefile.CloseableBundleFile::internalOpen@79 (line 152)
                      ; - org.eclipse.osgi.storage.bundlefile.CloseableBundleFile::lockOpen@8 (line 87)
                      ; - org.eclipse.osgi.storage.bundlefile.CloseableBundleFile::getInputStream@1 (line 483)
                      ; - org.eclipse.osgi.storage.bundlefile.ZipBundleEntry::getInputStream@8 (line 58)
                      ; - org.eclipse.osgi.storage.bundlefile.BundleEntry::getBytes@1 (line 97)
                      ; - org.eclipse.osgi.internal.loader.classpath.ClasspathManager::findClassImpl@109 (line 681)
  0x000001c8391a7084: 78fc 75ff 

  0x000001c8391a7088: ;   {other}
  0x000001c8391a7088: 0f1f 8400 | 786f 00af | bae4 ffff | ff48 8b6c | 2470 4c8b | 5c24 784c | 895c 2420 | 4c8b 9c24 
  0x000001c8391a70a8: 8800 0000 | 4c89 5c24 | 604c 8b9c | 2490 0000 | 004c 895c | 2468 448b | 9c24 8400 | 0000 4489 
  0x000001c8391a70c8: 5c24 4490 

  0x000001c8391a70cc: ;   {runtime_call UncommonTrapBlob}
  0x000001c8391a70cc: c5f8 77e8 

  0x000001c8391a70d0: ; ImmutableOopMap {rbp=Oop [32]=Oop [40]=Oop [48]=Oop [56]=Oop [64]=NarrowOop [72]=Oop [80]=Oop [88]=Oop [96]=Oop [104]=Oop [160]=Oop }
                      ;*aaload {reexecute=0 rethrow=0 return_oop=0}
                      ; - java.util.IdentityHashMap::put@47
                      ; - java.util.Collections$SetFromMap::add@8
                      ; - java.util.zip.ZipFile::getInputStream@231
                      ; - org.eclipse.osgi.storage.bundlefile.ZipBundleFile::doGetInputStream@5 (line 101)
                      ; - org.eclipse.osgi.storage.bundlefile.ZipBundleFile::doGetInputStream@5 (line 1)
                      ; - org.eclipse.osgi.storage.bundlefile.CloseableBundleFile::getInputStream@20 (line 487)
                      ; - org.eclipse.osgi.storage.bundlefile.ZipBundleEntry::getInputStream@8 (line 58)
                      ; - org.eclipse.osgi.storage.bundlefile.BundleEntry::getBytes@1 (line 97)
                      ; - org.eclipse.osgi.internal.loader.classpath.ClasspathManager::findClassImpl@109 (line 681)
  0x000001c8391a70d0: 2cfc 75ff 

  0x000001c8391a70d4: ;   {other}
  0x000001c8391a70d4: 0f1f 8400 | c46f 00b0 | 4c8b 9c24 | b800 0000 | 418b 2bba | d6ff ffff | 4c8b 5c24 | 704c 895c 
  0x000001c8391a70f4: 2420 4c8b | 5c24 784c | 895c 2460 | 4c8b 9c24 | 8800 0000 | 4c89 5c24 | 6866 6690 

  0x000001c8391a7110: ;   {runtime_call UncommonTrapBlob}
  0x000001c8391a7110: c5f8 77e8 

  0x000001c8391a7114: ; ImmutableOopMap {rbp=NarrowOop [32]=Oop [40]=Oop [48]=Oop [56]=Oop [64]=NarrowOop [72]=Oop [80]=Oop [88]=Oop [96]=Oop [104]=Oop [144]=Oop [160]=Oop }
                      ;*aastore {reexecute=1 rethrow=0 return_oop=0}
                      ; - (reexecute) java.util.IdentityHashMap::put@57
                      ; - java.util.Collections$SetFromMap::add@8
                      ; - java.util.zip.ZipFile::getInputStream@231
                      ; - org.eclipse.osgi.storage.bundlefile.ZipBundleFile::doGetInputStream@5 (line 101)
                      ; - org.eclipse.osgi.storage.bundlefile.ZipBundleFile::doGetInputStream@5 (line 1)
                      ; - org.eclipse.osgi.storage.bundlefile.CloseableBundleFile::getInputStream@20 (line 487)
                      ; - org.eclipse.osgi.storage.bundlefile.ZipBundleEntry::getInputStream@8 (line 58)
                      ; - org.eclipse.osgi.storage.bundlefile.BundleEntry::getBytes@1 (line 97)
                      ; - org.eclipse.osgi.internal.loader.classpath.ClasspathManager::findClassImpl@109 (line 681)
  0x000001c8391a7114: e8fb 75ff 

  0x000001c8391a7118: ;   {other}
  0x000001c8391a7118: 0f1f 8400 | 0870 00b1 | ba45 ffff | ff4c 8b54 | 2430 4c89 | 5424 284c | 8b54 2438 | 4c89 5424 
  0x000001c8391a7138: 3089 4c24 | 4044 894c | 2444 4c89 | 5c24 4844 | 8944 2450 

  0x000001c8391a714c: ;   {runtime_call UncommonTrapBlob}
  0x000001c8391a714c: c5f8 77e8 

  0x000001c8391a7150: ; ImmutableOopMap {[40]=Oop [48]=Oop [64]=NarrowOop [72]=Oop [112]=Oop [120]=Oop }
                      ;*ifeq {reexecute=1 rethrow=0 return_oop=0}
                      ; - (reexecute) java.lang.String::hashCode@20
                      ; - java.util.HashMap::hash@9
                      ; - java.util.HashMap::getNode@23
                      ; - java.util.HashMap::containsKey@2
                      ; - java.util.HashSet::contains@5
                      ; - java.util.Collections$UnmodifiableCollection::contains@5
                      ; - org.eclipse.osgi.internal.debug.Debug::loaderWithClass@27 (line 287)
                      ; - org.eclipse.osgi.internal.loader.classpath.ClasspathManager::findClassImpl@5 (line 667)
  0x000001c8391a7150: acfb 75ff 

  0x000001c8391a7154: ;   {other}
  0x000001c8391a7154: 0f1f 8400 | 4470 00b2 | ba45 ffff | ff4c 8b44 | 2430 4c89 | 4424 284c | 8b44 2438 | 4c89 4424 
  0x000001c8391a7174: 304c 895c | 2438 4489 | 4c24 4044 | 8954 2444 

  0x000001c8391a7184: ;   {runtime_call UncommonTrapBlob}
  0x000001c8391a7184: c5f8 77e8 

  0x000001c8391a7188: ; ImmutableOopMap {[40]=Oop [48]=Oop [56]=Oop [64]=NarrowOop [112]=Oop [120]=Oop }
                      ;*ifeq {reexecute=1 rethrow=0 return_oop=0}
                      ; - (reexecute) java.util.HashMap::getNode@85
                      ; - java.util.HashMap::containsKey@2
                      ; - java.util.HashSet::contains@5
                      ; - java.util.Collections$UnmodifiableCollection::contains@5
                      ; - org.eclipse.osgi.internal.debug.Debug::loaderWithClass@27 (line 287)
                      ; - org.eclipse.osgi.internal.loader.classpath.ClasspathManager::findClassImpl@5 (line 667)
  0x000001c8391a7188: 74fb 75ff 

  0x000001c8391a718c: ;   {other}
  0x000001c8391a718c: 0f1f 8400 | 7c70 00b3 | ba45 ffff | ff4c 8b54 | 2430 4c89 | 5424 284c | 8b54 2438 | 4c89 5424 
  0x000001c8391a71ac: 304c 8b54 | 2448 4c89 | 5424 3889 | 4424 4890 

  0x000001c8391a71bc: ;   {runtime_call UncommonTrapBlob}
  0x000001c8391a71bc: c5f8 77e8 

  0x000001c8391a71c0: ; ImmutableOopMap {[40]=Oop [48]=Oop [56]=Oop [84]=NarrowOop [112]=Oop [120]=Oop }
                      ;*ifeq {reexecute=1 rethrow=0 return_oop=0}
                      ; - (reexecute) java.util.HashMap::getNode@66
                      ; - java.util.HashMap::containsKey@2
                      ; - java.util.HashSet::contains@5
                      ; - java.util.Collections$UnmodifiableCollection::contains@5
                      ; - org.eclipse.osgi.internal.debug.Debug::loaderWithClass@27 (line 287)
                      ; - org.eclipse.osgi.internal.loader.classpath.ClasspathManager::findClassImpl@5 (line 667)
  0x000001c8391a71c0: 3cfb 75ff 

  0x000001c8391a71c4: ;   {other}
  0x000001c8391a71c4: 0f1f 8400 | b470 00b4 | bae4 ffff | ff4c 8b54 | 2470 4c89 | 5424 204c | 8b54 2478 | 4c89 5424 
  0x000001c8391a71e4: 604c 8b94 | 2488 0000 | 004c 8954 | 2468 4c8b | 9424 9000 | 0000 4c89 | 5424 7090 

  0x000001c8391a7200: ;   {runtime_call UncommonTrapBlob}
  0x000001c8391a7200: c5f8 77e8 

  0x000001c8391a7204: ; ImmutableOopMap {[32]=Oop [40]=Oop [48]=Oop [56]=Oop [64]=NarrowOop [72]=Oop [80]=Oop [88]=Oop [96]=Oop [104]=Oop [112]=Oop [152]=Oop [160]=Oop }
                      ;*aastore {reexecute=1 rethrow=0 return_oop=0}
                      ; - (reexecute) java.util.IdentityHashMap::put@128
                      ; - java.util.Collections$SetFromMap::add@8
                      ; - java.util.zip.ZipFile::getInputStream@231
                      ; - org.eclipse.osgi.storage.bundlefile.ZipBundleFile::doGetInputStream@5 (line 101)
                      ; - org.eclipse.osgi.storage.bundlefile.ZipBundleFile::doGetInputStream@5 (line 1)
                      ; - org.eclipse.osgi.storage.bundlefile.CloseableBundleFile::getInputStream@20 (line 487)
                      ; - org.eclipse.osgi.storage.bundlefile.ZipBundleEntry::getInputStream@8 (line 58)
                      ; - org.eclipse.osgi.storage.bundlefile.BundleEntry::getBytes@1 (line 97)
                      ; - org.eclipse.osgi.internal.loader.classpath.ClasspathManager::findClassImpl@109 (line 681)
  0x000001c8391a7204: f8fa 75ff 

  0x000001c8391a7208: ;   {other}
  0x000001c8391a7208: 0f1f 8400 | f870 00b5 | bad6 ffff | ff4c 8b54 | 2470 4c89 | 5424 204c | 8b54 2478 | 4c89 5424 
  0x000001c8391a7228: 604c 8b94 | 2488 0000 | 004c 8954 | 2470 4c8b | 9424 9000 | 0000 4c89 | 5424 7844 | 8b94 2484 
  0x000001c8391a7248: 0000 0044 | 8954 2444 

  0x000001c8391a7250: ;   {runtime_call UncommonTrapBlob}
  0x000001c8391a7250: c5f8 77e8 

  0x000001c8391a7254: ; ImmutableOopMap {[32]=Oop [40]=Oop [48]=Oop [56]=Oop [64]=NarrowOop [72]=Oop [80]=Oop [88]=Oop [96]=Oop [104]=Oop [112]=Oop [120]=Oop [152]=Oop [160]=Oop }
                      ;*aastore {reexecute=1 rethrow=0 return_oop=0}
                      ; - (reexecute) java.util.IdentityHashMap::put@120
                      ; - java.util.Collections$SetFromMap::add@8
                      ; - java.util.zip.ZipFile::getInputStream@231
                      ; - org.eclipse.osgi.storage.bundlefile.ZipBundleFile::doGetInputStream@5 (line 101)
                      ; - org.eclipse.osgi.storage.bundlefile.ZipBundleFile::doGetInputStream@5 (line 1)
                      ; - org.eclipse.osgi.storage.bundlefile.CloseableBundleFile::getInputStream@20 (line 487)
                      ; - org.eclipse.osgi.storage.bundlefile.ZipBundleEntry::getInputStream@8 (line 58)
                      ; - org.eclipse.osgi.storage.bundlefile.BundleEntry::getBytes@1 (line 97)
                      ; - org.eclipse.osgi.internal.loader.classpath.ClasspathManager::findClassImpl@109 (line 681)
  0x000001c8391a7254: a8fa 75ff 

  0x000001c8391a7258: ;   {other}
  0x000001c8391a7258: 0f1f 8400 | 4871 00b6 | 418b 6a14 | 85ed 0f84 | 53ed ffff | 448b 5d0c | 4585 db0f | 8446 edff 
  0x000001c8391a7278: ff4c 8bd5 | 498b d241 | b801 0000 | 004c 8994 | 24d0 0000 | 0066 6690 

  0x000001c8391a7290: ;   {optimized virtual_call}
  0x000001c8391a7290: c5f8 77e8 

  0x000001c8391a7294: ; ImmutableOopMap {rbp=NarrowOop [32]=Oop [40]=Oop [48]=Oop [56]=Oop [64]=NarrowOop [68]=NarrowOop [72]=Oop [80]=Oop [88]=Oop [96]=Oop [104]=Oop [112]=Oop [120]=Oop [128]=NarrowOop [136]=Oop [144]=Oop [152]=Oop [160]=Oop [208]=Oop }
                      ;*invokevirtual getAndUnsetStatus {reexecute=0 rethrow=0 return_oop=0}
                      ; - java.util.concurrent.locks.AbstractQueuedSynchronizer::signalNext@22
                      ; - java.util.concurrent.locks.AbstractQueuedSynchronizer::release@12
                      ; - java.util.concurrent.locks.ReentrantLock::unlock@5
                      ; - java.lang.ref.ReferenceQueue::poll@25
                      ; - java.util.WeakHashMap::expungeStaleEntries@4
                      ; - java.util.WeakHashMap::getTable@1
                      ; - java.util.WeakHashMap::put@13
                      ; - java.util.Collections$SetFromMap::add@8
                      ; - java.util.zip.ZipFile::getInputStream@231
                      ; - org.eclipse.osgi.storage.bundlefile.ZipBundleFile::doGetInputStream@5 (line 101)
                      ; - org.eclipse.osgi.storage.bundlefile.ZipBundleFile::doGetInputStream@5 (line 1)
                      ; - org.eclipse.osgi.storage.bundlefile.CloseableBundleFile::getInputStream@20 (line 487)
                      ; - org.eclipse.osgi.storage.bundlefile.ZipBundleEntry::getInputStream@8 (line 58)
                      ; - org.eclipse.osgi.storage.bundlefile.BundleEntry::getBytes@1 (line 97)
                      ; - org.eclipse.osgi.internal.loader.classpath.ClasspathManager::findClassImpl@109 (line 681)
  0x000001c8391a7294: e878 75ff 

  0x000001c8391a7298: ;   {other}
  0x000001c8391a7298: 0f1f 8400 | 8871 00b7 | 448b 5518 | 498b d290 

  0x000001c8391a72a8: ;   {static_call}
  0x000001c8391a72a8: c5f8 77e8 

  0x000001c8391a72ac: ; ImmutableOopMap {[32]=Oop [40]=Oop [48]=Oop [56]=Oop [64]=NarrowOop [68]=NarrowOop [72]=Oop [80]=Oop [88]=Oop [96]=Oop [104]=Oop [112]=Oop [120]=Oop [128]=NarrowOop [136]=Oop [144]=Oop [152]=Oop [160]=Oop }
                      ;*invokestatic unpark {reexecute=0 rethrow=0 return_oop=0}
                      ; - java.util.concurrent.locks.AbstractQueuedSynchronizer::signalNext@30
                      ; - java.util.concurrent.locks.AbstractQueuedSynchronizer::release@12
                      ; - java.util.concurrent.locks.ReentrantLock::unlock@5
                      ; - java.lang.ref.ReferenceQueue::poll@25
                      ; - java.util.WeakHashMap::expungeStaleEntries@4
                      ; - java.util.WeakHashMap::getTable@1
                      ; - java.util.WeakHashMap::put@13
                      ; - java.util.Collections$SetFromMap::add@8
                      ; - java.util.zip.ZipFile::getInputStream@231
                      ; - org.eclipse.osgi.storage.bundlefile.ZipBundleFile::doGetInputStream@5 (line 101)
                      ; - org.eclipse.osgi.storage.bundlefile.ZipBundleFile::doGetInputStream@5 (line 1)
                      ; - org.eclipse.osgi.storage.bundlefile.CloseableBundleFile::getInputStream@20 (line 487)
                      ; - org.eclipse.osgi.storage.bundlefile.ZipBundleEntry::getInputStream@8 (line 58)
                      ; - org.eclipse.osgi.storage.bundlefile.BundleEntry::getBytes@1 (line 97)
                      ; - org.eclipse.osgi.internal.loader.classpath.ClasspathManager::findClassImpl@109 (line 681)
  0x000001c8391a72ac: d082 75ff 

  0x000001c8391a72b0: ;   {other}
  0x000001c8391a72b0: 0f1f 8400 | a071 00b8 | 488b 8c24 | 9800 0000 | e9fa ecff | ffba 45ff | ffff 488b | 5c24 7048 
  0x000001c8391a72d0: 895c 2420 | 488b 5c24 | 7848 895c | 2450 488b | 9c24 8800 | 0000 4889 | 5c24 5848 | 8b9c 2490 
  0x000001c8391a72f0: 0000 0048 | 895c 2460 | 4c89 8424 | 8000 0000 | 4c89 8c24 | 9000 0000 | 4489 5c24 | 444c 8994 
  0x000001c8391a7310: 2498 0000 | 004c 8994 | 24a0 0000 | 0048 898c | 24a8 0000 | 0048 89bc | 24b0 0000 | 0066 6690 
  0x000001c8391a7330: ;   {runtime_call UncommonTrapBlob}
  0x000001c8391a7330: c5f8 77e8 

  0x000001c8391a7334: ; ImmutableOopMap {[32]=Oop [40]=Oop [48]=Oop [56]=Oop [64]=NarrowOop [72]=Oop [80]=Oop [88]=Oop [96]=Oop [128]=Oop [144]=Oop [152]=Oop [160]=Oop [168]=Oop [176]=Oop }
                      ;*ifge {reexecute=1 rethrow=0 return_oop=0}
                      ; - (reexecute) java.util.concurrent.locks.ReentrantLock$NonfairSync::initialTryLock@36
                      ; - java.util.concurrent.locks.ReentrantLock$Sync::lock@1
                      ; - java.util.concurrent.locks.ReentrantLock::lock@4
                      ; - java.lang.ref.ReferenceQueue::poll@13
                      ; - java.util.WeakHashMap::expungeStaleEntries@4
                      ; - java.util.WeakHashMap::getTable@1
                      ; - java.util.WeakHashMap::put@13
                      ; - java.util.Collections$SetFromMap::add@8
                      ; - java.util.zip.ZipFile::getInputStream@231
                      ; - org.eclipse.osgi.storage.bundlefile.ZipBundleFile::doGetInputStream@5 (line 101)
                      ; - org.eclipse.osgi.storage.bundlefile.ZipBundleFile::doGetInputStream@5 (line 1)
                      ; - org.eclipse.osgi.storage.bundlefile.CloseableBundleFile::getInputStream@20 (line 487)
                      ; - org.eclipse.osgi.storage.bundlefile.ZipBundleEntry::getInputStream@8 (line 58)
                      ; - org.eclipse.osgi.storage.bundlefile.BundleEntry::getBytes@1 (line 97)
                      ; - org.eclipse.osgi.internal.loader.classpath.ClasspathManager::findClassImpl@109 (line 681)
  0x000001c8391a7334: c8f9 75ff 

  0x000001c8391a7338: ;   {other}
  0x000001c8391a7338: 0f1f 8400 | 2872 00b9 | baf6 ffff | ff4c 8b54 | 2438 4c89 | 5424 3090 

  0x000001c8391a7350: ;   {runtime_call UncommonTrapBlob}
  0x000001c8391a7350: c5f8 77e8 

  0x000001c8391a7354: ; ImmutableOopMap {[40]=Oop [48]=Oop [112]=Oop [120]=Oop [128]=Oop }
                      ;*invokeinterface iterator {reexecute=0 rethrow=0 return_oop=0}
                      ; - java.util.HashSet::iterator@7
                      ; - java.util.Collections$UnmodifiableCollection$1::<init>@17
                      ; - java.util.Collections$UnmodifiableCollection::iterator@5
                      ; - org.eclipse.osgi.internal.loader.classpath.ClasspathEntry::findEntry@4 (line 203)
                      ; - org.eclipse.osgi.internal.loader.classpath.ClasspathManager::findClassImpl@95 (line 675)
  0x000001c8391a7354: a8f9 75ff 

  0x000001c8391a7358: ;   {other}
  0x000001c8391a7358: 0f1f 8400 | 4872 00ba | bac6 ffff | ff4c 896c | 2460 6690 

  0x000001c8391a736c: ;   {runtime_call UncommonTrapBlob}
  0x000001c8391a736c: c5f8 77e8 

  0x000001c8391a7370: ; ImmutableOopMap {rbp=NarrowOop [48]=Oop [56]=Oop [96]=Oop [112]=Oop [120]=Oop [128]=Oop }
                      ;*invokevirtual keySet {reexecute=0 rethrow=0 return_oop=0}
                      ; - java.util.HashSet::iterator@4
                      ; - java.util.Collections$UnmodifiableCollection$1::<init>@17
                      ; - java.util.Collections$UnmodifiableCollection::iterator@5
                      ; - org.eclipse.osgi.internal.loader.classpath.ClasspathEntry::findEntry@4 (line 203)
                      ; - org.eclipse.osgi.internal.loader.classpath.ClasspathManager::findClassImpl@95 (line 675)
  0x000001c8391a7370: 8cf9 75ff 

  0x000001c8391a7374: ;   {other}
  0x000001c8391a7374: 0f1f 8400 | 6472 00bb | bac6 ffff | ff4c 896c | 2458 4c89 | 5c24 6090 

  0x000001c8391a738c: ;   {runtime_call UncommonTrapBlob}
  0x000001c8391a738c: c5f8 77e8 

  0x000001c8391a7390: ; ImmutableOopMap {[48]=Oop [56]=Oop [88]=Oop [96]=Oop [112]=Oop [120]=Oop [128]=Oop }
                      ;*invokeinterface iterator {reexecute=0 rethrow=0 return_oop=0}
                      ; - java.util.HashSet::iterator@7
                      ; - java.util.Collections$UnmodifiableCollection$1::<init>@17
                      ; - java.util.Collections$UnmodifiableCollection::iterator@5
                      ; - org.eclipse.osgi.internal.loader.classpath.ClasspathEntry::findEntry@4 (line 203)
                      ; - org.eclipse.osgi.internal.loader.classpath.ClasspathManager::findClassImpl@95 (line 675)
  0x000001c8391a7390: 6cf9 75ff 

  0x000001c8391a7394: ;   {other}
  0x000001c8391a7394: 0f1f 8400 | 8472 00bc | ba45 ffff | ff4c 8b54 | 2470 4c89 | 5424 204c | 8b54 2478 | 4c89 5424 
  0x000001c8391a73b4: 284c 8b94 | 2480 0000 | 004c 8954 | 2450 4c89 | 6c24 604c | 8944 2470 | 4c89 4424 | 7844 898c 
  0x000001c8391a73d4: 2480 0000 | 0066 6690 

  0x000001c8391a73dc: ;   {runtime_call UncommonTrapBlob}
  0x000001c8391a73dc: c5f8 77e8 

  0x000001c8391a73e0: ; ImmutableOopMap {rbp=NarrowOop [32]=Oop [40]=Oop [48]=Oop [56]=Oop [80]=Oop [96]=Oop [112]=Oop [120]=Oop }
                      ;*ifeq {reexecute=1 rethrow=0 return_oop=0}
                      ; - (reexecute) java.util.LinkedHashMap$LinkedHashIterator::<init>@16
                      ; - java.util.LinkedHashMap$LinkedKeyIterator::<init>@3
                      ; - java.util.LinkedHashMap$LinkedKeySet::iterator@12
                      ; - java.util.HashSet::iterator@7
                      ; - java.util.Collections$UnmodifiableCollection$1::<init>@17
                      ; - java.util.Collections$UnmodifiableCollection::iterator@5
                      ; - org.eclipse.osgi.internal.loader.classpath.ClasspathEntry::findEntry@4 (line 203)
                      ; - org.eclipse.osgi.internal.loader.classpath.ClasspathManager::findClassImpl@95 (line 675)
  0x000001c8391a73e0: 1cf9 75ff 

  0x000001c8391a73e4: ;   {other}
  0x000001c8391a73e4: 0f1f 8400 | d472 00bd | 4c89 9424 | d000 0000 | 4c8b 4c24 | 20e9 60dc | ffff ba45 | ffff ff4c 
  0x000001c8391a7404: 8b5c 2448 | 4c89 5c24 | 4089 4424 | 4c66 6690 

  0x000001c8391a7414: ;   {runtime_call UncommonTrapBlob}
  0x000001c8391a7414: c5f8 77e8 

  0x000001c8391a7418: ; ImmutableOopMap {rbp=Oop [48]=Oop [56]=Oop [64]=Oop [112]=Oop [120]=Oop }
                      ;*ifeq {reexecute=1 rethrow=0 return_oop=0}
                      ; - (reexecute) java.util.HashMap::getNode@131
                      ; - java.util.HashMap::containsKey@2
                      ; - java.util.HashSet::contains@5
                      ; - java.util.Collections$UnmodifiableCollection::contains@5
                      ; - org.eclipse.osgi.internal.debug.Debug::loaderWithClass@27 (line 287)
                      ; - org.eclipse.osgi.internal.loader.classpath.ClasspathManager::findClassImpl@5 (line 667)
  0x000001c8391a7418: e4f8 75ff 

  0x000001c8391a741c: ;   {other}
  0x000001c8391a741c: 0f1f 8400 | 0c73 00be | 4c89 4c24 | 6849 8bea | 4889 9c24 | 9800 0000 | 488b d141 | b801 0000 
  0x000001c8391a743c: 0066 6690 

  0x000001c8391a7440: ;   {optimized virtual_call}
  0x000001c8391a7440: c5f8 77e8 

  0x000001c8391a7444: ; ImmutableOopMap {rbp=Oop [32]=Oop [40]=Oop [48]=Oop [56]=Oop [64]=NarrowOop [68]=NarrowOop [72]=Oop [80]=Oop [88]=Oop [96]=Oop [104]=Oop [112]=Oop [120]=Oop [128]=NarrowOop [136]=Oop [144]=Oop [152]=Oop }
                      ;*invokevirtual acquire {reexecute=0 rethrow=0 return_oop=0}
                      ; - java.util.concurrent.locks.ReentrantLock$Sync::lock@9
                      ; - java.util.concurrent.locks.ReentrantLock::lock@4
                      ; - java.lang.ref.ReferenceQueue::poll@13
                      ; - java.util.WeakHashMap::expungeStaleEntries@4
                      ; - java.util.WeakHashMap::getTable@1
                      ; - java.util.WeakHashMap::put@13
                      ; - java.util.Collections$SetFromMap::add@8
                      ; - java.util.zip.ZipFile::getInputStream@231
                      ; - org.eclipse.osgi.storage.bundlefile.ZipBundleFile::doGetInputStream@5 (line 101)
                      ; - org.eclipse.osgi.storage.bundlefile.ZipBundleFile::doGetInputStream@5 (line 1)
                      ; - org.eclipse.osgi.storage.bundlefile.CloseableBundleFile::getInputStream@20 (line 487)
                      ; - org.eclipse.osgi.storage.bundlefile.ZipBundleEntry::getInputStream@8 (line 58)
                      ; - org.eclipse.osgi.storage.bundlefile.BundleEntry::getBytes@1 (line 97)
                      ; - org.eclipse.osgi.internal.loader.classpath.ClasspathManager::findClassImpl@109 (line 681)
  0x000001c8391a7444: 3877 75ff 

  0x000001c8391a7448: ;   {other}
  0x000001c8391a7448: 0f1f 8400 | 3873 00bf | 4c8b d54c | 8b4c 2468 | e9ed eaff | ffba f6ff | ffff 8944 | 2460 6690 
  0x000001c8391a7468: ;   {runtime_call UncommonTrapBlob}
  0x000001c8391a7468: c5f8 77e8 

  0x000001c8391a746c: ; ImmutableOopMap {[40]=Oop [48]=Oop [56]=Oop [64]=Oop [72]=Oop [80]=NarrowOop [84]=NarrowOop [112]=Oop [120]=Oop }
                      ;*invokevirtual unlock {reexecute=0 rethrow=0 return_oop=0}
                      ; - org.eclipse.osgi.storage.bundlefile.CloseableBundleFile::internalOpen@20 (line 134)
                      ; - org.eclipse.osgi.storage.bundlefile.CloseableBundleFile::lockOpen@8 (line 87)
                      ; - org.eclipse.osgi.storage.bundlefile.CloseableBundleFile::getInputStream@1 (line 483)
                      ; - org.eclipse.osgi.storage.bundlefile.ZipBundleEntry::getInputStream@8 (line 58)
                      ; - org.eclipse.osgi.storage.bundlefile.BundleEntry::getBytes@1 (line 97)
                      ; - org.eclipse.osgi.internal.loader.classpath.ClasspathManager::findClassImpl@109 (line 681)
  0x000001c8391a746c: 90f8 75ff 

  0x000001c8391a7470: ;   {other}
  0x000001c8391a7470: 0f1f 8400 | 6073 00c0 | baf6 ffff | ff44 8b54 | 2454 4489 | 5424 5044 | 895c 2454 | 4489 5c24 
  0x000001c8391a7490: 6066 6690 

  0x000001c8391a7494: ;   {runtime_call UncommonTrapBlob}
  0x000001c8391a7494: c5f8 77e8 

  0x000001c8391a7498: ; ImmutableOopMap {[40]=Oop [48]=Oop [56]=Oop [64]=Oop [72]=Oop [80]=NarrowOop [84]=NarrowOop [96]=NarrowOop [112]=Oop [120]=Oop }
                      ;*invokevirtual lock {reexecute=0 rethrow=0 return_oop=0}
                      ; - org.eclipse.osgi.storage.bundlefile.CloseableBundleFile::internalOpen@44 (line 139)
                      ; - org.eclipse.osgi.storage.bundlefile.CloseableBundleFile::lockOpen@8 (line 87)
                      ; - org.eclipse.osgi.storage.bundlefile.CloseableBundleFile::getInputStream@1 (line 483)
                      ; - org.eclipse.osgi.storage.bundlefile.ZipBundleEntry::getInputStream@8 (line 58)
                      ; - org.eclipse.osgi.storage.bundlefile.BundleEntry::getBytes@1 (line 97)
                      ; - org.eclipse.osgi.internal.loader.classpath.ClasspathManager::findClassImpl@109 (line 681)
  0x000001c8391a7498: 64f8 75ff 

  0x000001c8391a749c: ;   {other}
  0x000001c8391a749c: 0f1f 8400 | 8c73 00c1 | ba45 ffff | ff4c 8b54 | 2470 4c89 | 5424 204c | 8b54 2478 | 4c89 5424 
  0x000001c8391a74bc: 584c 8b94 | 2488 0000 | 004c 8954 | 2460 4c8b | 9424 9000 | 0000 4c89 | 5424 704c | 8984 2498 
  0x000001c8391a74dc: 0000 0044 | 8b94 2484 | 0000 0044 | 8954 2444 | 899c 2480 | 0000 0089 | bc24 8400 | 0000 4c89 
  0x000001c8391a74fc: 8c24 a000 | 0000 6690 

  0x000001c8391a7504: ;   {runtime_call UncommonTrapBlob}
  0x000001c8391a7504: c5f8 77e8 

  0x000001c8391a7508: ; ImmutableOopMap {rbp=NarrowOop [32]=Oop [40]=Oop [48]=Oop [56]=Oop [64]=NarrowOop [72]=Oop [80]=Oop [88]=Oop [96]=Oop [104]=Oop [112]=Oop [128]=NarrowOop [152]=Oop [160]=Oop }
                      ;*ifnull {reexecute=1 rethrow=0 return_oop=0}
                      ; - (reexecute) java.util.WeakHashMap::matchesKey@16
                      ; - java.util.WeakHashMap::put@54
                      ; - java.util.Collections$SetFromMap::add@8
                      ; - java.util.zip.ZipFile::getInputStream@231
                      ; - org.eclipse.osgi.storage.bundlefile.ZipBundleFile::doGetInputStream@5 (line 101)
                      ; - org.eclipse.osgi.storage.bundlefile.ZipBundleFile::doGetInputStream@5 (line 1)
                      ; - org.eclipse.osgi.storage.bundlefile.CloseableBundleFile::getInputStream@20 (line 487)
                      ; - org.eclipse.osgi.storage.bundlefile.ZipBundleEntry::getInputStream@8 (line 58)
                      ; - org.eclipse.osgi.storage.bundlefile.BundleEntry::getBytes@1 (line 97)
                      ; - org.eclipse.osgi.internal.loader.classpath.ClasspathManager::findClassImpl@109 (line 681)
  0x000001c8391a7508: f4f7 75ff 

  0x000001c8391a750c: ;   {other}
  0x000001c8391a750c: 0f1f 8400 | fc73 00c2 | 33c9 be01 | 0000 00ba | e4ff ffff | 488b 6c24 | 7048 8b7c | 2478 4889 
  0x000001c8391a752c: 7c24 2048 | 895c 2448 | 4c89 6c24 | 504c 8974 | 2458 4889 | 5c24 6044 | 895c 2474 | 8974 247c 
  0x000001c8391a754c: 4489 8c24 | 8000 0000 | 4489 9424 | 8400 0000 | 4489 8424 | 8800 0000 | 898c 248c | 0000 0089 
  0x000001c8391a756c: 8424 9000 | 0000 6690 

  0x000001c8391a7574: ;   {runtime_call UncommonTrapBlob}
  0x000001c8391a7574: c5f8 77e8 

  0x000001c8391a7578: ; ImmutableOopMap {rbp=Oop [32]=Oop [48]=Oop [56]=Oop [72]=Oop [80]=Oop [88]=Oop [96]=Oop [116]=NarrowOop [136]=NarrowOop [144]=NarrowOop }
                      ;*baload {reexecute=0 rethrow=0 return_oop=0}
                      ; - java.lang.String::startsWith@111
                      ; - java.lang.String::startsWith@3
                      ; - org.eclipse.osgi.storage.bundlefile.NestedDirBundleFile::filterPath@48 (line 74)
                      ; - org.eclipse.osgi.storage.bundlefile.NestedDirBundleFile::getEntry@2 (line 93)
                      ; - org.eclipse.osgi.internal.loader.classpath.ClasspathEntry::findEntry@25 (line 204)
                      ; - org.eclipse.osgi.internal.loader.classpath.ClasspathManager::findClassImpl@95 (line 675)
  0x000001c8391a7578: 84f7 75ff 

  0x000001c8391a757c: ;   {other}
  0x000001c8391a757c: 0f1f 8400 | 6c74 00c3 | b901 0000 | 00e9 28d9 | ffff baf6 | ffff ff48 | 8b6c 2470 | 4c8b 5424 
  0x000001c8391a759c: 784c 8954 | 2420 4c8b | 9424 8800 | 0000 4c89 | 5424 604c | 8b94 2490 | 0000 004c | 8954 2468 
  0x000001c8391a75bc: 448b 9c24 | 8400 0000 | 4489 5c24 | 444c 8984 | 2480 0000 | 004c 8984 | 2498 0000 | 0066 6690 
  0x000001c8391a75dc: ;   {runtime_call UncommonTrapBlob}
  0x000001c8391a75dc: c5f8 77e8 

  0x000001c8391a75e0: ; ImmutableOopMap {rbp=Oop [32]=Oop [40]=Oop [48]=Oop [56]=Oop [64]=NarrowOop [72]=Oop [80]=Oop [88]=Oop [96]=Oop [104]=Oop [128]=Oop [152]=Oop [208]=Oop }
                      ;*monitorenter {reexecute=0 rethrow=0 return_oop=0}
                      ; - java.util.WeakHashMap::expungeStaleEntries@18
                      ; - java.util.WeakHashMap::getTable@1
                      ; - java.util.WeakHashMap::put@13
                      ; - java.util.Collections$SetFromMap::add@8
                      ; - java.util.zip.ZipFile::getInputStream@231
                      ; - org.eclipse.osgi.storage.bundlefile.ZipBundleFile::doGetInputStream@5 (line 101)
                      ; - org.eclipse.osgi.storage.bundlefile.ZipBundleFile::doGetInputStream@5 (line 1)
                      ; - org.eclipse.osgi.storage.bundlefile.CloseableBundleFile::getInputStream@20 (line 487)
                      ; - org.eclipse.osgi.storage.bundlefile.ZipBundleEntry::getInputStream@8 (line 58)
                      ; - org.eclipse.osgi.storage.bundlefile.BundleEntry::getBytes@1 (line 97)
                      ; - org.eclipse.osgi.internal.loader.classpath.ClasspathManager::findClassImpl@109 (line 681)
  0x000001c8391a75e0: 1cf7 75ff 

  0x000001c8391a75e4: ;   {other}
  0x000001c8391a75e4: 0f1f 8400 | d474 00c4 | 4889 bc24 | a000 0000 | 4489 9c24 | 9800 0000 | 4c89 4c24 | 2048 8be9 
  0x000001c8391a7604: 488b d74c | 8d84 2400 | 0100 0090 

  0x000001c8391a7610: ;   {runtime_call _complete_monitor_locking_Java}
  0x000001c8391a7610: c5f8 77e8 

  0x000001c8391a7614: ; ImmutableOopMap {rbp=Oop [32]=Oop [40]=Oop [48]=Oop [56]=Oop [64]=NarrowOop [68]=NarrowOop [72]=Oop [80]=Oop [88]=Oop [96]=Oop [104]=Oop [112]=Oop [120]=Oop [128]=NarrowOop [136]=Oop [144]=Oop [152]=NarrowOop [160]=Oop [208]=Oop }
                      ;*monitorenter {reexecute=0 rethrow=0 return_oop=0}
                      ; - java.util.WeakHashMap::expungeStaleEntries@18
                      ; - java.util.WeakHashMap::getTable@1
                      ; - java.util.WeakHashMap::put@13
                      ; - java.util.Collections$SetFromMap::add@8
                      ; - java.util.zip.ZipFile::getInputStream@231
                      ; - org.eclipse.osgi.storage.bundlefile.ZipBundleFile::doGetInputStream@5 (line 101)
                      ; - org.eclipse.osgi.storage.bundlefile.ZipBundleFile::doGetInputStream@5 (line 1)
                      ; - org.eclipse.osgi.storage.bundlefile.CloseableBundleFile::getInputStream@20 (line 487)
                      ; - org.eclipse.osgi.storage.bundlefile.ZipBundleEntry::getInputStream@8 (line 58)
                      ; - org.eclipse.osgi.storage.bundlefile.BundleEntry::getBytes@1 (line 97)
                      ; - org.eclipse.osgi.internal.loader.classpath.ClasspathManager::findClassImpl@109 (line 681)
  0x000001c8391a7614: 687e 81ff 

  0x000001c8391a7618: ;   {other}
  0x000001c8391a7618: 0f1f 8400 | 0875 00c5 | 488b cd4c | 8b4c 2420 | 4c8b 4424 | 6844 8b9c | 2498 0000 | 0048 8bbc 
  0x000001c8391a7638: 24a0 0000 | 00e9 9cda | ffff bae4 | ffff ff4c | 8b54 2470 | 4c89 5424 | 204c 8b54 | 2478 4c89 
  0x000001c8391a7658: 5424 604c | 8b94 2488 | 0000 004c | 8954 2468 | 4c8b 9424 | 9000 0000 | 4c89 5424 | 7044 8b9c 
  0x000001c8391a7678: 2484 0000 | 0044 895c | 2444 4c89 | 8424 8000 | 0000 4c89 | 8424 a000 | 0000 4c89 | 8c24 b000 
  0x000001c8391a7698: 0000 898c | 24ac 0000 | 0089 b424 | b800 0000 

  0x000001c8391a76a8: ;   {runtime_call UncommonTrapBlob}
  0x000001c8391a76a8: c5f8 77e8 

  0x000001c8391a76ac: ; ImmutableOopMap {[32]=Oop [40]=Oop [48]=Oop [56]=Oop [64]=NarrowOop [72]=Oop [80]=Oop [88]=Oop [96]=Oop [104]=Oop [112]=Oop [128]=Oop [160]=Oop [172]=NarrowOop [176]=Oop [184]=NarrowOop }
                      ;*aaload {reexecute=0 rethrow=0 return_oop=0}
                      ; - java.util.WeakHashMap::expungeStaleEntries@44
                      ; - java.util.WeakHashMap::getTable@1
                      ; - java.util.WeakHashMap::put@13
                      ; - java.util.Collections$SetFromMap::add@8
                      ; - java.util.zip.ZipFile::getInputStream@231
                      ; - org.eclipse.osgi.storage.bundlefile.ZipBundleFile::doGetInputStream@5 (line 101)
                      ; - org.eclipse.osgi.storage.bundlefile.ZipBundleFile::doGetInputStream@5 (line 1)
                      ; - org.eclipse.osgi.storage.bundlefile.CloseableBundleFile::getInputStream@20 (line 487)
                      ; - org.eclipse.osgi.storage.bundlefile.ZipBundleEntry::getInputStream@8 (line 58)
                      ; - org.eclipse.osgi.storage.bundlefile.BundleEntry::getBytes@1 (line 97)
                      ; - org.eclipse.osgi.internal.loader.classpath.ClasspathManager::findClassImpl@109 (line 681)
  0x000001c8391a76ac: 50f6 75ff 

  0x000001c8391a76b0: ;   {other}
  0x000001c8391a76b0: 0f1f 8400 | a075 00c6 | 4c8b df49 | 8bfa 498b | cb48 8d94 | 2400 0100 | 004d 8bc7 | c5f8 7749 
  0x000001c8391a76d0: ba40 d95c | 34f9 7f00 | 0041 ffd2 

  0x000001c8391a76dc: ;   {other}
  0x000001c8391a76dc: 0f1f 8400 | 0000 0000 | 4c8b d7e9 | 56db ffff | bade ffff | ff4c 8b5c | 2470 4c89 | 5c24 204c 
  0x000001c8391a76fc: 8b5c 2478 | 4c89 5c24 | 604c 8b9c | 2488 0000 | 004c 895c | 2468 4c8b | 9c24 9000 | 0000 4c89 
  0x000001c8391a771c: 5c24 7044 | 8b84 2484 | 0000 0044 | 8944 2444 | 4c89 9424 | 8000 0000 | 4c89 9424 | a000 0000 
  0x000001c8391a773c: ;   {runtime_call UncommonTrapBlob}
  0x000001c8391a773c: c5f8 77e8 

  0x000001c8391a7740: ; ImmutableOopMap {rbp=NarrowOop [32]=Oop [40]=Oop [48]=Oop [56]=Oop [64]=NarrowOop [72]=Oop [80]=Oop [88]=Oop [96]=Oop [104]=Oop [112]=Oop [128]=Oop [160]=Oop }
                      ;*invokevirtual poll {reexecute=0 rethrow=0 return_oop=0}
                      ; - java.util.WeakHashMap::expungeStaleEntries@4
                      ; - java.util.WeakHashMap::getTable@1
                      ; - java.util.WeakHashMap::put@13
                      ; - java.util.Collections$SetFromMap::add@8
                      ; - java.util.zip.ZipFile::getInputStream@231
                      ; - org.eclipse.osgi.storage.bundlefile.ZipBundleFile::doGetInputStream@5 (line 101)
                      ; - org.eclipse.osgi.storage.bundlefile.ZipBundleFile::doGetInputStream@5 (line 1)
                      ; - org.eclipse.osgi.storage.bundlefile.CloseableBundleFile::getInputStream@20 (line 487)
                      ; - org.eclipse.osgi.storage.bundlefile.ZipBundleEntry::getInputStream@8 (line 58)
                      ; - org.eclipse.osgi.storage.bundlefile.BundleEntry::getBytes@1 (line 97)
                      ; - org.eclipse.osgi.internal.loader.classpath.ClasspathManager::findClassImpl@109 (line 681)
  0x000001c8391a7740: bcf5 75ff 

  0x000001c8391a7744: ;   {other}
  0x000001c8391a7744: 0f1f 8400 | 3476 00c7 | bade ffff | ff4c 8b5c | 2470 4c89 | 5c24 204c | 8b5c 2478 | 4c89 5c24 
  0x000001c8391a7764: 604c 8b9c | 2488 0000 | 004c 895c | 2468 4c8b | 9c24 9000 | 0000 4c89 | 5c24 7044 | 8b9c 2484 
  0x000001c8391a7784: 0000 0044 | 895c 2444 | 4c89 9424 | 8000 0000 | 4c89 9424 | a000 0000 | 4c89 8c24 | a800 0000 
  0x000001c8391a77a4: ;   {runtime_call UncommonTrapBlob}
  0x000001c8391a77a4: c5f8 77e8 

  0x000001c8391a77a8: ; ImmutableOopMap {rbp=NarrowOop [32]=Oop [40]=Oop [48]=Oop [56]=Oop [64]=NarrowOop [72]=Oop [80]=Oop [88]=Oop [96]=Oop [104]=Oop [112]=Oop [128]=Oop [160]=Oop [168]=Oop }
                      ;*invokevirtual initialTryLock {reexecute=0 rethrow=0 return_oop=0}
                      ; - java.util.concurrent.locks.ReentrantLock$Sync::lock@1
                      ; - java.util.concurrent.locks.ReentrantLock::lock@4
                      ; - java.lang.ref.ReferenceQueue::poll@13
                      ; - java.util.WeakHashMap::expungeStaleEntries@4
                      ; - java.util.WeakHashMap::getTable@1
                      ; - java.util.WeakHashMap::put@13
                      ; - java.util.Collections$SetFromMap::add@8
                      ; - java.util.zip.ZipFile::getInputStream@231
                      ; - org.eclipse.osgi.storage.bundlefile.ZipBundleFile::doGetInputStream@5 (line 101)
                      ; - org.eclipse.osgi.storage.bundlefile.ZipBundleFile::doGetInputStream@5 (line 1)
                      ; - org.eclipse.osgi.storage.bundlefile.CloseableBundleFile::getInputStream@20 (line 487)
                      ; - org.eclipse.osgi.storage.bundlefile.ZipBundleEntry::getInputStream@8 (line 58)
                      ; - org.eclipse.osgi.storage.bundlefile.BundleEntry::getBytes@1 (line 97)
                      ; - org.eclipse.osgi.internal.loader.classpath.ClasspathManager::findClassImpl@109 (line 681)
  0x000001c8391a77a8: 54f5 75ff 

  0x000001c8391a77ac: ;   {other}
  0x000001c8391a77ac: 0f1f 8400 | 9c76 00c8 | 418b dbe9 | c8ea ffff | ba45 ffff | ff4c 8b54 | 2470 4c89 | 5424 204c 
  0x000001c8391a77cc: 8b54 2478 | 4c89 5424 | 604c 8b94 | 2488 0000 | 004c 8954 | 2470 4c8b | 9424 9000 | 0000 4c89 
  0x000001c8391a77ec: 5424 7844 | 8b9c 2484 | 0000 0044 | 895c 2444 | 4489 8c24 | b000 0000 | 4889 8c24 | b800 0000 
  0x000001c8391a780c: ;   {runtime_call UncommonTrapBlob}
  0x000001c8391a780c: c5f8 77e8 

  0x000001c8391a7810: ; ImmutableOopMap {rbp=NarrowOop [32]=Oop [40]=Oop [48]=Oop [56]=Oop [64]=NarrowOop [72]=Oop [80]=Oop [88]=Oop [96]=Oop [104]=Oop [112]=Oop [120]=Oop [160]=Oop [176]=NarrowOop [184]=Oop }
                      ;*if_acmpeq {reexecute=1 rethrow=0 return_oop=0}
                      ; - (reexecute) java.util.concurrent.locks.ReentrantLock$Sync::tryRelease@14
                      ; - java.util.concurrent.locks.AbstractQueuedSynchronizer::release@2
                      ; - java.util.concurrent.locks.ReentrantLock::unlock@5
                      ; - java.lang.ref.ReferenceQueue::poll@25
                      ; - java.util.WeakHashMap::expungeStaleEntries@4
                      ; - java.util.WeakHashMap::getTable@1
                      ; - java.util.WeakHashMap::put@13
                      ; - java.util.Collections$SetFromMap::add@8
                      ; - java.util.zip.ZipFile::getInputStream@231
                      ; - org.eclipse.osgi.storage.bundlefile.ZipBundleFile::doGetInputStream@5 (line 101)
                      ; - org.eclipse.osgi.storage.bundlefile.ZipBundleFile::doGetInputStream@5 (line 1)
                      ; - org.eclipse.osgi.storage.bundlefile.CloseableBundleFile::getInputStream@20 (line 487)
                      ; - org.eclipse.osgi.storage.bundlefile.ZipBundleEntry::getInputStream@8 (line 58)
                      ; - org.eclipse.osgi.storage.bundlefile.BundleEntry::getBytes@1 (line 97)
                      ; - org.eclipse.osgi.internal.loader.classpath.ClasspathManager::findClassImpl@109 (line 681)
  0x000001c8391a7810: ecf4 75ff 

  0x000001c8391a7814: ;   {other}
  0x000001c8391a7814: 0f1f 8400 | 0477 00c9 | ba45 ffff | ff4c 8b5c | 2470 4c89 | 5c24 204c | 8b5c 2478 | 4c89 5c24 
  0x000001c8391a7834: 604c 8b9c | 2488 0000 | 004c 895c | 2468 4c8b | 9c24 9000 | 0000 4c89 | 5c24 7044 | 8b84 2484 
  0x000001c8391a7854: 0000 0044 | 8944 2444 | 4c89 9424 | 8000 0000 | 4c89 9424 | a000 0000 | 4c89 8c24 | a800 0000 
  0x000001c8391a7874: 4889 8c24 | b000 0000 

  0x000001c8391a787c: ;   {runtime_call UncommonTrapBlob}
  0x000001c8391a787c: c5f8 77e8 

  0x000001c8391a7880: ; ImmutableOopMap {[32]=Oop [40]=Oop [48]=Oop [56]=Oop [64]=NarrowOop [72]=Oop [80]=Oop [88]=Oop [96]=Oop [104]=Oop [112]=Oop [128]=Oop [160]=Oop [168]=Oop [176]=Oop }
                      ;*ifge {reexecute=1 rethrow=0 return_oop=0}
                      ; - (reexecute) java.util.concurrent.locks.ReentrantLock$NonfairSync::initialTryLock@36
                      ; - java.util.concurrent.locks.ReentrantLock$Sync::lock@1
                      ; - java.util.concurrent.locks.ReentrantLock::lock@4
                      ; - java.lang.ref.ReferenceQueue::poll@13
                      ; - java.util.WeakHashMap::expungeStaleEntries@4
                      ; - java.util.WeakHashMap::getTable@1
                      ; - java.util.WeakHashMap::put@13
                      ; - java.util.Collections$SetFromMap::add@8
                      ; - java.util.zip.ZipFile::getInputStream@231
                      ; - org.eclipse.osgi.storage.bundlefile.ZipBundleFile::doGetInputStream@5 (line 101)
                      ; - org.eclipse.osgi.storage.bundlefile.ZipBundleFile::doGetInputStream@5 (line 1)
                      ; - org.eclipse.osgi.storage.bundlefile.CloseableBundleFile::getInputStream@20 (line 487)
                      ; - org.eclipse.osgi.storage.bundlefile.ZipBundleEntry::getInputStream@8 (line 58)
                      ; - org.eclipse.osgi.storage.bundlefile.BundleEntry::getBytes@1 (line 97)
                      ; - org.eclipse.osgi.internal.loader.classpath.ClasspathManager::findClassImpl@109 (line 681)
  0x000001c8391a7880: 7cf4 75ff 

  0x000001c8391a7884: ;   {other}
  0x000001c8391a7884: 0f1f 8400 | 7477 00ca | bade ffff | ff4c 896c | 2450 4c89 | 7424 5890 

  0x000001c8391a789c: ;   {runtime_call UncommonTrapBlob}
  0x000001c8391a789c: c5f8 77e8 

  0x000001c8391a78a0: ; ImmutableOopMap {[48]=Oop [56]=Oop [80]=Oop [88]=Oop [112]=Oop [120]=Oop [128]=Oop }
                      ;*checkcast {reexecute=0 rethrow=0 return_oop=0}
                      ; - org.eclipse.osgi.internal.loader.classpath.ClasspathEntry::findEntry@19 (line 203)
                      ; - org.eclipse.osgi.internal.loader.classpath.ClasspathManager::findClassImpl@95 (line 675)
  0x000001c8391a78a0: 5cf4 75ff 

  0x000001c8391a78a4: ;   {other}
  0x000001c8391a78a4: 0f1f 8400 | 9477 00cb | bade ffff | ff48 8b6c | 2470 4889 | 5c24 484c | 896c 2450 | 4c89 7424 
  0x000001c8391a78c4: 5848 895c | 2460 8944 | 2474 6690 

  0x000001c8391a78d0: ;   {runtime_call UncommonTrapBlob}
  0x000001c8391a78d0: c5f8 77e8 

  0x000001c8391a78d4: ; ImmutableOopMap {rbp=Oop [48]=Oop [56]=Oop [72]=Oop [80]=Oop [88]=Oop [96]=Oop [116]=NarrowOop [120]=Oop }
                      ;*checkcast {reexecute=0 rethrow=0 return_oop=0}
                      ; - org.eclipse.osgi.storage.bundlefile.NestedDirBundleFile::filterPath@42 (line 73)
                      ; - org.eclipse.osgi.storage.bundlefile.NestedDirBundleFile::getEntry@2 (line 93)
                      ; - org.eclipse.osgi.internal.loader.classpath.ClasspathEntry::findEntry@25 (line 204)
                      ; - org.eclipse.osgi.internal.loader.classpath.ClasspathManager::findClassImpl@95 (line 675)
  0x000001c8391a78d4: 28f4 75ff 

  0x000001c8391a78d8: ;   {other}
  0x000001c8391a78d8: 0f1f 8400 | c877 00cc | bade ffff | ff48 8b6c | 2470 4c8b | 4c24 784c | 894c 2420 | 4c8b 8c24 
  0x000001c8391a78f8: 8800 0000 | 4c89 4c24 | 604c 8b8c | 2490 0000 | 004c 894c | 2468 8b8c | 2484 0000 | 0089 4c24 
  0x000001c8391a7918: 444c 8984 | 2480 0000 | 004c 8984 | 2498 0000 | 0044 899c | 24a4 0000 | 0066 6690 

  0x000001c8391a7934: ;   {runtime_call UncommonTrapBlob}
  0x000001c8391a7934: c5f8 77e8 

  0x000001c8391a7938: ; ImmutableOopMap {rbp=Oop [32]=Oop [40]=Oop [48]=Oop [56]=Oop [64]=NarrowOop [72]=Oop [80]=Oop [88]=Oop [96]=Oop [104]=Oop [128]=Oop [152]=Oop [164]=NarrowOop [208]=Oop }
                      ;*checkcast {reexecute=0 rethrow=0 return_oop=0}
                      ; - java.util.WeakHashMap::expungeStaleEntries@20
                      ; - java.util.WeakHashMap::getTable@1
                      ; - java.util.WeakHashMap::put@13
                      ; - java.util.Collections$SetFromMap::add@8
                      ; - java.util.zip.ZipFile::getInputStream@231
                      ; - org.eclipse.osgi.storage.bundlefile.ZipBundleFile::doGetInputStream@5 (line 101)
                      ; - org.eclipse.osgi.storage.bundlefile.ZipBundleFile::doGetInputStream@5 (line 1)
                      ; - org.eclipse.osgi.storage.bundlefile.CloseableBundleFile::getInputStream@20 (line 487)
                      ; - org.eclipse.osgi.storage.bundlefile.ZipBundleEntry::getInputStream@8 (line 58)
                      ; - org.eclipse.osgi.storage.bundlefile.BundleEntry::getBytes@1 (line 97)
                      ; - org.eclipse.osgi.internal.loader.classpath.ClasspathManager::findClassImpl@109 (line 681)
  0x000001c8391a7938: c4f3 75ff 

  0x000001c8391a793c: ;   {other}
  0x000001c8391a793c: 0f1f 8400 | 2c78 00cd | bade ffff | ff4c 8b54 | 2470 4c89 | 5424 204c | 8b54 2478 | 4c89 5424 
  0x000001c8391a795c: 604c 8b94 | 2488 0000 | 004c 8954 | 2470 4c8b | 9424 9000 | 0000 4c89 | 5424 7844 | 8b54 2450 
  0x000001c8391a797c: 4489 5424 | 4444 8b9c | 2498 0000 | 0044 895c | 2450 6690 

  0x000001c8391a7990: ;   {runtime_call UncommonTrapBlob}
  0x000001c8391a7990: c5f8 77e8 

  0x000001c8391a7994: ; ImmutableOopMap {rbp=NarrowOop [32]=Oop [40]=Oop [48]=Oop [56]=Oop [64]=NarrowOop [68]=NarrowOop [72]=Oop [84]=NarrowOop [88]=Oop [96]=Oop [108]=NarrowOop [112]=Oop [120]=Oop [128]=Oop }
                      ;*checkcast {reexecute=0 rethrow=0 return_oop=0}
                      ; - java.util.zip.ZipFile$CleanableResource::getInflater@16
                      ; - java.util.zip.ZipFile$ZipFileInflaterInputStream::<init>@5
                      ; - java.util.zip.ZipFile::getInputStream@216
                      ; - org.eclipse.osgi.storage.bundlefile.ZipBundleFile::doGetInputStream@5 (line 101)
                      ; - org.eclipse.osgi.storage.bundlefile.ZipBundleFile::doGetInputStream@5 (line 1)
                      ; - org.eclipse.osgi.storage.bundlefile.CloseableBundleFile::getInputStream@20 (line 487)
                      ; - org.eclipse.osgi.storage.bundlefile.ZipBundleEntry::getInputStream@8 (line 58)
                      ; - org.eclipse.osgi.storage.bundlefile.BundleEntry::getBytes@1 (line 97)
                      ; - org.eclipse.osgi.internal.loader.classpath.ClasspathManager::findClassImpl@109 (line 681)
  0x000001c8391a7994: 68f3 75ff 

  0x000001c8391a7998: ;   {other}
  0x000001c8391a7998: 0f1f 8400 | 8878 00ce | baf6 ffff | ff48 8b6c | 2470 4c89 | 4c24 2848 | 897c 2430 | 4c89 4424 
  0x000001c8391a79b8: 3866 6690 

  0x000001c8391a79bc: ;   {runtime_call UncommonTrapBlob}
  0x000001c8391a79bc: c5f8 77e8 

  0x000001c8391a79c0: ; ImmutableOopMap {rbp=Oop [40]=Oop [48]=Oop [56]=Oop }
                      ;*invokevirtual loaderWithClass {reexecute=0 rethrow=0 return_oop=0}
                      ; - org.eclipse.osgi.internal.loader.classpath.ClasspathManager::findClassImpl@5 (line 667)
  0x000001c8391a79c0: 3cf3 75ff 

  0x000001c8391a79c4: ;   {other}
  0x000001c8391a79c4: 0f1f 8400 | b478 00cf | baf6 ffff | ff48 8b6c | 2470 4c89 | 4c24 2890 

  0x000001c8391a79dc: ;   {runtime_call UncommonTrapBlob}
  0x000001c8391a79dc: c5f8 77e8 

  0x000001c8391a79e0: ; ImmutableOopMap {rbp=Oop [40]=Oop [56]=Oop [120]=Oop }
                      ;*arraylength {reexecute=0 rethrow=0 return_oop=0}
                      ; - java.lang.String::length@4
                      ; - java.lang.String::lastIndexOf@3
                      ; - org.eclipse.osgi.internal.loader.BundleLoader::getPackageName@7 (line 143)
                      ; - org.eclipse.osgi.internal.debug.Debug::loaderWithClass@18 (line 286)
                      ; - org.eclipse.osgi.internal.loader.classpath.ClasspathManager::findClassImpl@5 (line 667)
  0x000001c8391a79e0: 1cf3 75ff 

  0x000001c8391a79e4: ;   {other}
  0x000001c8391a79e4: 0f1f 8400 | d478 00d0 | baf6 ffff | ff4c 8b54 | 2430 4c89 | 5424 284c | 8b54 2438 | 4c89 5424 
  0x000001c8391a7a04: 304c 895c | 2438 6690 

  0x000001c8391a7a0c: ;   {runtime_call UncommonTrapBlob}
  0x000001c8391a7a0c: c5f8 77e8 

  0x000001c8391a7a10: ; ImmutableOopMap {[40]=Oop [48]=Oop [56]=Oop [112]=Oop [120]=Oop }
                      ;*invokeinterface contains {reexecute=0 rethrow=0 return_oop=0}
                      ; - org.eclipse.osgi.internal.debug.Debug::loaderWithClass@27 (line 287)
                      ; - org.eclipse.osgi.internal.loader.classpath.ClasspathManager::findClassImpl@5 (line 667)
  0x000001c8391a7a10: ecf2 75ff 

  0x000001c8391a7a14: ;   {other}
  0x000001c8391a7a14: 0f1f 8400 | 0479 00d1 | baf6 ffff | ff4c 8b54 | 2430 4c89 | 5424 284c | 8b54 2438 | 4c89 5424 
  0x000001c8391a7a34: 304c 895c | 2438 6690 

  0x000001c8391a7a3c: ;   {runtime_call UncommonTrapBlob}
  0x000001c8391a7a3c: c5f8 77e8 

  0x000001c8391a7a40: ; ImmutableOopMap {[40]=Oop [48]=Oop [56]=Oop [112]=Oop [120]=Oop }
                      ;*invokeinterface contains {reexecute=0 rethrow=0 return_oop=0}
                      ; - java.util.Collections$UnmodifiableCollection::contains@5
                      ; - org.eclipse.osgi.internal.debug.Debug::loaderWithClass@27 (line 287)
                      ; - org.eclipse.osgi.internal.loader.classpath.ClasspathManager::findClassImpl@5 (line 667)
  0x000001c8391a7a40: bcf2 75ff 

  0x000001c8391a7a44: ;   {other}
  0x000001c8391a7a44: 0f1f 8400 | 3479 00d2 | baf6 ffff | ff4c 8b54 | 2430 4c89 | 5424 2890 

  0x000001c8391a7a5c: ;   {runtime_call UncommonTrapBlob}
  0x000001c8391a7a5c: c5f8 77e8 

  0x000001c8391a7a60: ; ImmutableOopMap {[40]=Oop [56]=Oop [112]=Oop [120]=Oop }
                      ;*arraylength {reexecute=0 rethrow=0 return_oop=0}
                      ; - java.lang.StringLatin1::replace@8
                      ; - java.lang.String::replace@18
                      ; - org.eclipse.osgi.internal.loader.classpath.ClasspathManager::findClassImpl@81 (line 673)
  0x000001c8391a7a60: 9cf2 75ff 

  0x000001c8391a7a64: ;   {other}
  0x000001c8391a7a64: 0f1f 8400 | 5479 00d3 | baf6 ffff | ff4c 8b54 | 2438 4c89 | 5424 2890 

  0x000001c8391a7a7c: ;   {runtime_call UncommonTrapBlob}
  0x000001c8391a7a7c: c5f8 77e8 

  0x000001c8391a7a80: ; ImmutableOopMap {[40]=Oop [112]=Oop [120]=Oop [128]=Oop }
                      ;*invokevirtual findEntry {reexecute=0 rethrow=0 return_oop=0}
                      ; - org.eclipse.osgi.internal.loader.classpath.ClasspathManager::findClassImpl@95 (line 675)
  0x000001c8391a7a80: 7cf2 75ff 

  0x000001c8391a7a84: ;   {other}
  0x000001c8391a7a84: 0f1f 8400 | 7479 00d4 | baf6 ffff | ff4c 8b54 | 2430 4c89 | 5424 284c | 8b54 2438 | 4c89 5424 
  0x000001c8391a7aa4: 3066 6690 

  0x000001c8391a7aa8: ;   {runtime_call UncommonTrapBlob}
  0x000001c8391a7aa8: c5f8 77e8 

  0x000001c8391a7aac: ; ImmutableOopMap {[40]=Oop [48]=Oop [112]=Oop [120]=Oop [128]=Oop }
                      ;*invokeinterface iterator {reexecute=0 rethrow=0 return_oop=0}
                      ; - org.eclipse.osgi.internal.loader.classpath.ClasspathEntry::findEntry@4 (line 203)
                      ; - org.eclipse.osgi.internal.loader.classpath.ClasspathManager::findClassImpl@95 (line 675)
  0x000001c8391a7aac: 50f2 75ff 

  0x000001c8391a7ab0: ;   {other}
  0x000001c8391a7ab0: 0f1f 8400 | a079 00d5 | baf6 ffff | ff4c 8b54 | 2430 4c89 | 5424 284c | 8b54 2438 | 4c89 5424 
  0x000001c8391a7ad0: 3048 895c | 2440 6690 

  0x000001c8391a7ad8: ;   {runtime_call UncommonTrapBlob}
  0x000001c8391a7ad8: c5f8 77e8 

  0x000001c8391a7adc: ; ImmutableOopMap {[40]=Oop [48]=Oop [64]=Oop [112]=Oop [120]=Oop }
                      ;*invokevirtual getEntry {reexecute=0 rethrow=0 return_oop=0}
                      ; - org.eclipse.osgi.internal.loader.classpath.ClasspathEntry::findEntry@52 (line 209)
                      ; - org.eclipse.osgi.internal.loader.classpath.ClasspathManager::findClassImpl@95 (line 675)
  0x000001c8391a7adc: 20f2 75ff 

  0x000001c8391a7ae0: ;   {other}
  0x000001c8391a7ae0: 0f1f 8400 | d079 00d6 | baf6 ffff | ff4c 8b54 | 2430 4c89 | 5424 284c | 8b54 2438 | 4c89 5424 
  0x000001c8391a7b00: 304c 895c | 2438 6690 

  0x000001c8391a7b08: ;   {runtime_call UncommonTrapBlob}
  0x000001c8391a7b08: c5f8 77e8 

  0x000001c8391a7b0c: ; ImmutableOopMap {[40]=Oop [48]=Oop [56]=Oop [112]=Oop [120]=Oop }
                      ;*invokevirtual containsKey {reexecute=0 rethrow=0 return_oop=0}
                      ; - java.util.HashSet::contains@5
                      ; - java.util.Collections$UnmodifiableCollection::contains@5
                      ; - org.eclipse.osgi.internal.debug.Debug::loaderWithClass@27 (line 287)
                      ; - org.eclipse.osgi.internal.loader.classpath.ClasspathManager::findClassImpl@5 (line 667)
  0x000001c8391a7b0c: f0f1 75ff 

  0x000001c8391a7b10: ;   {other}
  0x000001c8391a7b10: 0f1f 8400 | 007a 00d7 | ba45 ffff | ff48 8b6c | 2470 4c89 | 4c24 2848 | 897c 2430 | 4489 7424 
  0x000001c8391a7b30: 384c 8944 | 2440 4c89 | 4424 4890 

  0x000001c8391a7b3c: ;   {runtime_call UncommonTrapBlob}
  0x000001c8391a7b3c: c5f8 77e8 

  0x000001c8391a7b40: ; ImmutableOopMap {rbp=Oop [40]=Oop [48]=Oop [56]=NarrowOop [64]=Oop [72]=Oop }
                      ;*ifnull {reexecute=1 rethrow=0 return_oop=0}
                      ; - (reexecute) org.eclipse.osgi.internal.loader.BundleLoader::getPackageName@1 (line 142)
                      ; - org.eclipse.osgi.internal.debug.Debug::loaderWithClass@18 (line 286)
                      ; - org.eclipse.osgi.internal.loader.classpath.ClasspathManager::findClassImpl@5 (line 667)
  0x000001c8391a7b40: bcf1 75ff 

  0x000001c8391a7b44: ;   {other}
  0x000001c8391a7b44: 0f1f 8400 | 347a 00d8 | baf6 ffff | ff4c 8b54 | 2430 4c89 | 5424 284c | 8b54 2438 | 4c89 5424 
  0x000001c8391a7b64: 3066 6690 

  0x000001c8391a7b68: ;   {runtime_call UncommonTrapBlob}
  0x000001c8391a7b68: c5f8 77e8 

  0x000001c8391a7b6c: ; ImmutableOopMap {[40]=Oop [48]=Oop [112]=Oop [120]=Oop [128]=Oop }
                      ;*invokeinterface hasNext {reexecute=0 rethrow=0 return_oop=0}
                      ; - java.util.Collections$UnmodifiableCollection$1::hasNext@4
                      ; - org.eclipse.osgi.internal.loader.classpath.ClasspathEntry::findEntry@39 (line 203)
                      ; - org.eclipse.osgi.internal.loader.classpath.ClasspathManager::findClassImpl@95 (line 675)
  0x000001c8391a7b6c: 90f1 75ff 

  0x000001c8391a7b70: ;   {other}
  0x000001c8391a7b70: 0f1f 8400 | 607a 00d9 | baf6 ffff | ff44 894c | 2448 6690 

  0x000001c8391a7b84: ;   {runtime_call UncommonTrapBlob}
  0x000001c8391a7b84: c5f8 77e8 

  0x000001c8391a7b88: ; ImmutableOopMap {[40]=Oop [48]=Oop [56]=Oop [72]=NarrowOop [112]=Oop [120]=Oop [136]=Oop }
                      ;*invokevirtual getInputStream {reexecute=0 rethrow=0 return_oop=0}
                      ; - org.eclipse.osgi.storage.bundlefile.ZipBundleEntry::getInputStream@8 (line 58)
                      ; - org.eclipse.osgi.storage.bundlefile.BundleEntry::getBytes@1 (line 97)
                      ; - org.eclipse.osgi.internal.loader.classpath.ClasspathManager::findClassImpl@109 (line 681)
  0x000001c8391a7b88: 74f1 75ff 

  0x000001c8391a7b8c: ;   {other}
  0x000001c8391a7b8c: 0f1f 8400 | 7c7a 00da | baf6 ffff | ff44 894c | 2454 4489 | 7424 5890 

  0x000001c8391a7ba4: ;   {runtime_call UncommonTrapBlob}
  0x000001c8391a7ba4: c5f8 77e8 

  0x000001c8391a7ba8: ; ImmutableOopMap {[40]=Oop [48]=Oop [56]=Oop [84]=NarrowOop [88]=NarrowOop [112]=Oop [120]=Oop [136]=Oop [144]=Oop }
                      ;*invokevirtual lock {reexecute=0 rethrow=0 return_oop=0}
                      ; - org.eclipse.osgi.storage.bundlefile.CloseableBundleFile::lockOpen@4 (line 85)
                      ; - org.eclipse.osgi.storage.bundlefile.CloseableBundleFile::getInputStream@1 (line 483)
                      ; - org.eclipse.osgi.storage.bundlefile.ZipBundleEntry::getInputStream@8 (line 58)
                      ; - org.eclipse.osgi.storage.bundlefile.BundleEntry::getBytes@1 (line 97)
                      ; - org.eclipse.osgi.internal.loader.classpath.ClasspathManager::findClassImpl@109 (line 681)
  0x000001c8391a7ba8: 54f1 75ff 

  0x000001c8391a7bac: ;   {other}
  0x000001c8391a7bac: 0f1f 8400 | 9c7a 00db | baf6 ffff | ff44 894c | 2454 4489 | 7424 5890 

  0x000001c8391a7bc4: ;   {runtime_call UncommonTrapBlob}
  0x000001c8391a7bc4: c5f8 77e8 

  0x000001c8391a7bc8: ; ImmutableOopMap {[40]=Oop [48]=Oop [56]=Oop [84]=NarrowOop [88]=NarrowOop [112]=Oop [120]=Oop [136]=Oop [144]=Oop }
                      ;*invokevirtual lock {reexecute=0 rethrow=0 return_oop=0}
                      ; - java.util.concurrent.locks.ReentrantLock::lock@4
                      ; - org.eclipse.osgi.storage.bundlefile.CloseableBundleFile::lockOpen@4 (line 85)
                      ; - org.eclipse.osgi.storage.bundlefile.CloseableBundleFile::getInputStream@1 (line 483)
                      ; - org.eclipse.osgi.storage.bundlefile.ZipBundleEntry::getInputStream@8 (line 58)
                      ; - org.eclipse.osgi.storage.bundlefile.BundleEntry::getBytes@1 (line 97)
                      ; - org.eclipse.osgi.internal.loader.classpath.ClasspathManager::findClassImpl@109 (line 681)
  0x000001c8391a7bc8: 34f1 75ff 

  0x000001c8391a7bcc: ;   {other}
  0x000001c8391a7bcc: 0f1f 8400 | bc7a 00dc | baf6 ffff | ff44 8974 | 2450 4489 | 4c24 5490 

  0x000001c8391a7be4: ;   {runtime_call UncommonTrapBlob}
  0x000001c8391a7be4: c5f8 77e8 

  0x000001c8391a7be8: ; ImmutableOopMap {[40]=Oop [48]=Oop [56]=Oop [80]=NarrowOop [84]=NarrowOop [112]=Oop [120]=Oop [136]=Oop [144]=Oop }
                      ;*invokevirtual getInputStream {reexecute=0 rethrow=0 return_oop=0}
                      ; - org.eclipse.osgi.storage.bundlefile.ZipBundleFile::doGetInputStream@5 (line 101)
                      ; - org.eclipse.osgi.storage.bundlefile.ZipBundleFile::doGetInputStream@5 (line 1)
                      ; - org.eclipse.osgi.storage.bundlefile.CloseableBundleFile::getInputStream@20 (line 487)
                      ; - org.eclipse.osgi.storage.bundlefile.ZipBundleEntry::getInputStream@8 (line 58)
                      ; - org.eclipse.osgi.storage.bundlefile.BundleEntry::getBytes@1 (line 97)
                      ; - org.eclipse.osgi.internal.loader.classpath.ClasspathManager::findClassImpl@109 (line 681)
  0x000001c8391a7be8: 14f1 75ff 

  0x000001c8391a7bec: ;   {other}
  0x000001c8391a7bec: 0f1f 8400 | dc7a 00dd | baf6 ffff | ff44 8974 | 2450 4c89 | 5424 5844 | 894c 2454 

  0x000001c8391a7c08: ;   {runtime_call UncommonTrapBlob}
  0x000001c8391a7c08: c5f8 77e8 

  0x000001c8391a7c0c: ; ImmutableOopMap {[40]=Oop [48]=Oop [56]=Oop [80]=NarrowOop [84]=NarrowOop [88]=Oop [112]=Oop [120]=Oop [136]=Oop [144]=Oop }
                      ;*getfield zsrc {reexecute=1 rethrow=0 return_oop=0}
                      ; - (reexecute) java.util.zip.ZipFile::getInputStream@11
                      ; - org.eclipse.osgi.storage.bundlefile.ZipBundleFile::doGetInputStream@5 (line 101)
                      ; - org.eclipse.osgi.storage.bundlefile.ZipBundleFile::doGetInputStream@5 (line 1)
                      ; - org.eclipse.osgi.storage.bundlefile.CloseableBundleFile::getInputStream@20 (line 487)
                      ; - org.eclipse.osgi.storage.bundlefile.ZipBundleEntry::getInputStream@8 (line 58)
                      ; - org.eclipse.osgi.storage.bundlefile.BundleEntry::getBytes@1 (line 97)
                      ; - org.eclipse.osgi.internal.loader.classpath.ClasspathManager::findClassImpl@109 (line 681)
  0x000001c8391a7c0c: f0f0 75ff 

  0x000001c8391a7c10: ;   {other}
  0x000001c8391a7c10: 0f1f 8400 | 007b 00de | baf6 ffff | ff48 8b6c | 2470 4489 | 7424 5044 | 894c 2454 | 4489 5c24 
  0x000001c8391a7c30: 6044 8944 | 2464 4c89 | 5424 684c | 8954 2470 

  0x000001c8391a7c40: ;   {runtime_call UncommonTrapBlob}
  0x000001c8391a7c40: c5f8 77e8 

  0x000001c8391a7c44: ; ImmutableOopMap {rbp=Oop [40]=Oop [48]=Oop [56]=Oop [80]=NarrowOop [84]=NarrowOop [96]=NarrowOop [100]=NarrowOop [104]=Oop [112]=Oop [120]=Oop [136]=Oop [144]=Oop }
                      ;*getfield zsrc {reexecute=1 rethrow=0 return_oop=0}
                      ; - (reexecute) java.util.zip.ZipFile::ensureOpen@22
                      ; - java.util.zip.ZipFile::getInputStream@31
                      ; - org.eclipse.osgi.storage.bundlefile.ZipBundleFile::doGetInputStream@5 (line 101)
                      ; - org.eclipse.osgi.storage.bundlefile.ZipBundleFile::doGetInputStream@5 (line 1)
                      ; - org.eclipse.osgi.storage.bundlefile.CloseableBundleFile::getInputStream@20 (line 487)
                      ; - org.eclipse.osgi.storage.bundlefile.ZipBundleEntry::getInputStream@8 (line 58)
                      ; - org.eclipse.osgi.storage.bundlefile.BundleEntry::getBytes@1 (line 97)
                      ; - org.eclipse.osgi.internal.loader.classpath.ClasspathManager::findClassImpl@109 (line 681)
  0x000001c8391a7c44: b8f0 75ff 

  0x000001c8391a7c48: ;   {other}
  0x000001c8391a7c48: 0f1f 8400 | 387b 00df | baf6 ffff | ff48 8b6c | 2470 4c8b | 5c24 784c | 895c 2420 | 4c8b 9c24 
  0x000001c8391a7c68: 8800 0000 | 4c89 5c24 | 4044 8974 | 2450 8944 | 2454 4489 | 4424 604c | 8954 2468 | 4889 5c24 
  0x000001c8391a7c88: 784c 8994 | 2480 0000 | 0066 6690 

  0x000001c8391a7c94: ;   {runtime_call UncommonTrapBlob}
  0x000001c8391a7c94: c5f8 77e8 

  0x000001c8391a7c98: ; ImmutableOopMap {rbp=Oop [32]=Oop [40]=Oop [48]=Oop [56]=Oop [64]=Oop [80]=NarrowOop [96]=NarrowOop [104]=Oop [120]=Oop [128]=Oop [144]=Oop }
                      ;*getfield cen {reexecute=1 rethrow=0 return_oop=0}
                      ; - (reexecute) java.util.zip.ZipFile::getInputStream@84
                      ; - org.eclipse.osgi.storage.bundlefile.ZipBundleFile::doGetInputStream@5 (line 101)
                      ; - org.eclipse.osgi.storage.bundlefile.ZipBundleFile::doGetInputStream@5 (line 1)
                      ; - org.eclipse.osgi.storage.bundlefile.CloseableBundleFile::getInputStream@20 (line 487)
                      ; - org.eclipse.osgi.storage.bundlefile.ZipBundleEntry::getInputStream@8 (line 58)
                      ; - org.eclipse.osgi.storage.bundlefile.BundleEntry::getBytes@1 (line 97)
                      ; - org.eclipse.osgi.internal.loader.classpath.ClasspathManager::findClassImpl@109 (line 681)
  0x000001c8391a7c98: 64f0 75ff 

  0x000001c8391a7c9c: ;   {other}
  0x000001c8391a7c9c: 0f1f 8400 | 8c7b 00e0 | baf6 ffff | ff48 8b6c | 2470 488b | 4c24 7848 | 894c 2420 | 4489 7424 
  0x000001c8391a7cbc: 5089 4424 | 5444 895c | 2460 4489 | 4424 644c | 8954 2468 | 4889 5c24 | 704c 8954 | 2478 4489 
  0x000001c8391a7cdc: 8c24 8000 | 0000 6690 

  0x000001c8391a7ce4: ;   {runtime_call UncommonTrapBlob}
  0x000001c8391a7ce4: c5f8 77e8 

  0x000001c8391a7ce8: ; ImmutableOopMap {rbp=Oop [32]=Oop [40]=Oop [48]=Oop [56]=Oop [80]=NarrowOop [96]=NarrowOop [100]=NarrowOop [104]=Oop [112]=Oop [120]=Oop [136]=Oop [144]=Oop }
                      ;*baload {reexecute=0 rethrow=0 return_oop=0}
                      ; - java.util.zip.ZipUtils::SH@2
                      ; - java.util.zip.ZipUtils::LG@2
                      ; - java.util.zip.ZipUtils::CENSIZ@5
                      ; - java.util.zip.ZipFile$ZipFileInputStream::<init>@12
                      ; - java.util.zip.ZipFile::getInputStream@88
                      ; - org.eclipse.osgi.storage.bundlefile.ZipBundleFile::doGetInputStream@5 (line 101)
                      ; - org.eclipse.osgi.storage.bundlefile.ZipBundleFile::doGetInputStream@5 (line 1)
                      ; - org.eclipse.osgi.storage.bundlefile.CloseableBundleFile::getInputStream@20 (line 487)
                      ; - org.eclipse.osgi.storage.bundlefile.ZipBundleEntry::getInputStream@8 (line 58)
                      ; - org.eclipse.osgi.storage.bundlefile.BundleEntry::getBytes@1 (line 97)
                      ; - org.eclipse.osgi.internal.loader.classpath.ClasspathManager::findClassImpl@109 (line 681)
  0x000001c8391a7ce8: 14f0 75ff 

  0x000001c8391a7cec: ;   {other}
  0x000001c8391a7cec: 0f1f 8400 | dc7b 00e1 | baf6 ffff | ff48 8b6c | 2470 4c8b | 5424 784c | 8954 2420 | 448b 5424 
  0x000001c8391a7d0c: 5444 8954 | 2444 c5fa | 114c 2454 | 4c89 4424 | 704c 8944 | 2478 6690 

  0x000001c8391a7d24: ;   {runtime_call UncommonTrapBlob}
  0x000001c8391a7d24: c5f8 77e8 

  0x000001c8391a7d28: ; ImmutableOopMap {rbp=Oop [32]=Oop [40]=Oop [48]=Oop [56]=Oop [64]=NarrowOop [80]=NarrowOop [84]=NarrowOop [88]=Oop [112]=Oop [120]=Oop [136]=Oop [144]=Oop }
                      ;*getfield zsrc {reexecute=1 rethrow=0 return_oop=0}
                      ; - (reexecute) java.util.zip.ZipFile$ZipFileInputStream::<init>@84
                      ; - java.util.zip.ZipFile::getInputStream@88
                      ; - org.eclipse.osgi.storage.bundlefile.ZipBundleFile::doGetInputStream@5 (line 101)
                      ; - org.eclipse.osgi.storage.bundlefile.ZipBundleFile::doGetInputStream@5 (line 1)
                      ; - org.eclipse.osgi.storage.bundlefile.CloseableBundleFile::getInputStream@20 (line 487)
                      ; - org.eclipse.osgi.storage.bundlefile.ZipBundleEntry::getInputStream@8 (line 58)
                      ; - org.eclipse.osgi.storage.bundlefile.BundleEntry::getBytes@1 (line 97)
                      ; - org.eclipse.osgi.internal.loader.classpath.ClasspathManager::findClassImpl@109 (line 681)
  0x000001c8391a7d28: d4ef 75ff 

  0x000001c8391a7d2c: ;   {other}
  0x000001c8391a7d2c: 0f1f 8400 | 1c7c 00e2 | baf6 ffff | ff48 8b6c | 2470 4c8b | 5424 784c | 8954 2420 | 448b 5c24 
  0x000001c8391a7d4c: 5444 895c | 2444 c5fa | 114c 2454 | 4c89 4424 | 704c 8944 | 2478 6690 

  0x000001c8391a7d64: ;   {runtime_call UncommonTrapBlob}
  0x000001c8391a7d64: c5f8 77e8 

  0x000001c8391a7d68: ; ImmutableOopMap {rbp=Oop [32]=Oop [40]=Oop [48]=Oop [56]=Oop [64]=NarrowOop [80]=NarrowOop [84]=NarrowOop [88]=Oop [112]=Oop [120]=Oop [136]=Oop [144]=Oop }
                      ;*getfield locpos {reexecute=1 rethrow=0 return_oop=0}
                      ; - (reexecute) java.util.zip.ZipFile$ZipFileInputStream::<init>@87
                      ; - java.util.zip.ZipFile::getInputStream@88
                      ; - org.eclipse.osgi.storage.bundlefile.ZipBundleFile::doGetInputStream@5 (line 101)
                      ; - org.eclipse.osgi.storage.bundlefile.ZipBundleFile::doGetInputStream@5 (line 1)
                      ; - org.eclipse.osgi.storage.bundlefile.CloseableBundleFile::getInputStream@20 (line 487)
                      ; - org.eclipse.osgi.storage.bundlefile.ZipBundleEntry::getInputStream@8 (line 58)
                      ; - org.eclipse.osgi.storage.bundlefile.BundleEntry::getBytes@1 (line 97)
                      ; - org.eclipse.osgi.internal.loader.classpath.ClasspathManager::findClassImpl@109 (line 681)
  0x000001c8391a7d68: 94ef 75ff 

  0x000001c8391a7d6c: ;   {other}
  0x000001c8391a7d6c: 0f1f 8400 | 5c7c 00e3 | baf6 ffff | ff48 8b6c | 2470 4c8b | 5424 784c | 8954 2420 | 448b 5424 
  0x000001c8391a7d8c: 5444 8954 | 2444 c5fa | 114c 2454 | 898c 2480 | 0000 0090 

  0x000001c8391a7da0: ;   {runtime_call UncommonTrapBlob}
  0x000001c8391a7da0: c5f8 77e8 

  0x000001c8391a7da4: ; ImmutableOopMap {rbp=Oop [32]=Oop [40]=Oop [48]=Oop [56]=Oop [64]=NarrowOop [72]=Oop [80]=NarrowOop [84]=NarrowOop [88]=Oop [136]=Oop [144]=Oop }
                      ;*baload {reexecute=0 rethrow=0 return_oop=0}
                      ; - java.util.zip.ZipUtils::SH@2
                      ; - java.util.zip.ZipUtils::CENHOW@5
                      ; - java.util.zip.ZipFile::getInputStream@98
                      ; - org.eclipse.osgi.storage.bundlefile.ZipBundleFile::doGetInputStream@5 (line 101)
                      ; - org.eclipse.osgi.storage.bundlefile.ZipBundleFile::doGetInputStream@5 (line 1)
                      ; - org.eclipse.osgi.storage.bundlefile.CloseableBundleFile::getInputStream@20 (line 487)
                      ; - org.eclipse.osgi.storage.bundlefile.ZipBundleEntry::getInputStream@8 (line 58)
                      ; - org.eclipse.osgi.storage.bundlefile.BundleEntry::getBytes@1 (line 97)
                      ; - org.eclipse.osgi.internal.loader.classpath.ClasspathManager::findClassImpl@109 (line 681)
  0x000001c8391a7da4: 58ef 75ff 

  0x000001c8391a7da8: ;   {other}
  0x000001c8391a7da8: 0f1f 8400 | 987c 00e4 | baf6 ffff | ff44 8b5c | 2450 4489 | 5c24 4448 | 8944 2460 | 4889 4c24 
  0x000001c8391a7dc8: 6866 6690 

  0x000001c8391a7dcc: ;   {runtime_call UncommonTrapBlob}
  0x000001c8391a7dcc: c5f8 77e8 

  0x000001c8391a7dd0: ; ImmutableOopMap {[40]=Oop [48]=Oop [56]=Oop [64]=NarrowOop [68]=NarrowOop [96]=Oop [104]=Oop [112]=Oop [120]=Oop [136]=Oop [144]=Oop }
                      ;*invokevirtual getInflater {reexecute=0 rethrow=0 return_oop=0}
                      ; - java.util.zip.ZipFile$ZipFileInflaterInputStream::<init>@5
                      ; - java.util.zip.ZipFile::getInputStream@216
                      ; - org.eclipse.osgi.storage.bundlefile.ZipBundleFile::doGetInputStream@5 (line 101)
                      ; - org.eclipse.osgi.storage.bundlefile.ZipBundleFile::doGetInputStream@5 (line 1)
                      ; - org.eclipse.osgi.storage.bundlefile.CloseableBundleFile::getInputStream@20 (line 487)
                      ; - org.eclipse.osgi.storage.bundlefile.ZipBundleEntry::getInputStream@8 (line 58)
                      ; - org.eclipse.osgi.storage.bundlefile.BundleEntry::getBytes@1 (line 97)
                      ; - org.eclipse.osgi.internal.loader.classpath.ClasspathManager::findClassImpl@109 (line 681)
  0x000001c8391a7dd0: 2cef 75ff 

  0x000001c8391a7dd4: ;   {other}
  0x000001c8391a7dd4: 0f1f 8400 | c47c 00e5 | baf6 ffff | ff48 8b6c | 2470 4c8b | 5424 784c | 8954 2420 | 4c8b 9424 
  0x000001c8391a7df4: 8800 0000 | 4c89 5424 | 604c 8b94 | 2490 0000 | 004c 8954 | 2470 448b | 5424 5044 | 8954 2444 
  0x000001c8391a7e14: ;   {runtime_call UncommonTrapBlob}
  0x000001c8391a7e14: c5f8 77e8 

  0x000001c8391a7e18: ; ImmutableOopMap {rbp=Oop [32]=Oop [40]=Oop [48]=Oop [56]=Oop [64]=NarrowOop [68]=NarrowOop [72]=Oop [84]=NarrowOop [88]=Oop [96]=Oop [108]=NarrowOop [112]=Oop [128]=Oop }
                      ;*invokeinterface poll {reexecute=0 rethrow=0 return_oop=0}
                      ; - java.util.zip.ZipFile$CleanableResource::getInflater@11
                      ; - java.util.zip.ZipFile$ZipFileInflaterInputStream::<init>@5
                      ; - java.util.zip.ZipFile::getInputStream@216
                      ; - org.eclipse.osgi.storage.bundlefile.ZipBundleFile::doGetInputStream@5 (line 101)
                      ; - org.eclipse.osgi.storage.bundlefile.ZipBundleFile::doGetInputStream@5 (line 1)
                      ; - org.eclipse.osgi.storage.bundlefile.CloseableBundleFile::getInputStream@20 (line 487)
                      ; - org.eclipse.osgi.storage.bundlefile.ZipBundleEntry::getInputStream@8 (line 58)
                      ; - org.eclipse.osgi.storage.bundlefile.BundleEntry::getBytes@1 (line 97)
                      ; - org.eclipse.osgi.internal.loader.classpath.ClasspathManager::findClassImpl@109 (line 681)
  0x000001c8391a7e18: e4ee 75ff 

  0x000001c8391a7e1c: ;   {other}
  0x000001c8391a7e1c: 0f1f 8400 | 0c7d 00e6 | baf6 ffff | ff48 8b6c | 2470 4c8b | 5424 784c | 8954 2420 | 4c8b 9424 
  0x000001c8391a7e3c: 8800 0000 | 4c89 5424 | 604c 8b94 | 2490 0000 | 004c 8954 | 2470 448b | 5424 5044 | 8954 2444 
  0x000001c8391a7e5c: 448b 9c24 | 9800 0000 | 4489 5c24 | 5089 8c24 | 9800 0000 

  0x000001c8391a7e70: ;   {runtime_call UncommonTrapBlob}
  0x000001c8391a7e70: c5f8 77e8 

  0x000001c8391a7e74: ; ImmutableOopMap {rbp=Oop [32]=Oop [40]=Oop [48]=Oop [56]=Oop [64]=NarrowOop [68]=NarrowOop [72]=Oop [84]=NarrowOop [88]=Oop [96]=Oop [108]=NarrowOop [112]=Oop [128]=Oop }
                      ;*aaload {reexecute=0 rethrow=0 return_oop=0}
                      ; - java.util.ArrayDeque::elementAt@2
                      ; - java.util.ArrayDeque::pollFirst@12
                      ; - java.util.ArrayDeque::poll@1
                      ; - java.util.zip.ZipFile$CleanableResource::getInflater@11
                      ; - java.util.zip.ZipFile$ZipFileInflaterInputStream::<init>@5
                      ; - java.util.zip.ZipFile::getInputStream@216
                      ; - org.eclipse.osgi.storage.bundlefile.ZipBundleFile::doGetInputStream@5 (line 101)
                      ; - org.eclipse.osgi.storage.bundlefile.ZipBundleFile::doGetInputStream@5 (line 1)
                      ; - org.eclipse.osgi.storage.bundlefile.CloseableBundleFile::getInputStream@20 (line 487)
                      ; - org.eclipse.osgi.storage.bundlefile.ZipBundleEntry::getInputStream@8 (line 58)
                      ; - org.eclipse.osgi.storage.bundlefile.BundleEntry::getBytes@1 (line 97)
                      ; - org.eclipse.osgi.internal.loader.classpath.ClasspathManager::findClassImpl@109 (line 681)
  0x000001c8391a7e74: 88ee 75ff 

  0x000001c8391a7e78: ;   {other}
  0x000001c8391a7e78: 0f1f 8400 | 687d 00e7 | baf6 ffff | ff44 8b5c | 2450 4489 | 5c24 4490 

  0x000001c8391a7e90: ;   {runtime_call UncommonTrapBlob}
  0x000001c8391a7e90: c5f8 77e8 

  0x000001c8391a7e94: ; ImmutableOopMap {[40]=Oop [48]=Oop [56]=Oop [64]=NarrowOop [68]=NarrowOop [72]=Oop [88]=Oop [112]=Oop [120]=Oop [136]=Oop [144]=Oop }
                      ;*invokeinterface apply {reexecute=0 rethrow=0 return_oop=0}
                      ; - jdk.internal.ref.CleanerImpl::getCleanerImpl@4
                      ; - jdk.internal.ref.PhantomCleanable::<init>@6
                      ; - jdk.internal.ref.CleanerImpl$PhantomCleanableRef::<init>@3
                      ; - java.lang.ref.Cleaner::register@21
                      ; - java.util.zip.ZipFile$ZipFileInflaterInputStream::<init>@34
                      ; - java.util.zip.ZipFile$ZipFileInflaterInputStream::<init>@10
                      ; - java.util.zip.ZipFile::getInputStream@216
                      ; - org.eclipse.osgi.storage.bundlefile.ZipBundleFile::doGetInputStream@5 (line 101)
                      ; - org.eclipse.osgi.storage.bundlefile.ZipBundleFile::doGetInputStream@5 (line 1)
                      ; - org.eclipse.osgi.storage.bundlefile.CloseableBundleFile::getInputStream@20 (line 487)
                      ; - org.eclipse.osgi.storage.bundlefile.ZipBundleEntry::getInputStream@8 (line 58)
                      ; - org.eclipse.osgi.storage.bundlefile.BundleEntry::getBytes@1 (line 97)
                      ; - org.eclipse.osgi.internal.loader.classpath.ClasspathManager::findClassImpl@109 (line 681)
  0x000001c8391a7e94: 68ee 75ff 

  0x000001c8391a7e98: ;   {other}
  0x000001c8391a7e98: 0f1f 8400 | 887d 00e8 | ba5e ffff | ff44 8b54 | 2450 4489 | 5424 4490 

  0x000001c8391a7eb0: ;   {runtime_call UncommonTrapBlob}
  0x000001c8391a7eb0: c5f8 77e8 

  0x000001c8391a7eb4: ; ImmutableOopMap {[40]=Oop [48]=Oop [56]=Oop [64]=NarrowOop [68]=NarrowOop [72]=Oop [88]=Oop [112]=Oop [120]=Oop [136]=Oop [144]=Oop }
                      ;*getfield queue {reexecute=1 rethrow=0 return_oop=0}
                      ; - (reexecute) jdk.internal.ref.PhantomCleanable::<init>@9
                      ; - jdk.internal.ref.CleanerImpl$PhantomCleanableRef::<init>@3
                      ; - java.lang.ref.Cleaner::register@21
                      ; - java.util.zip.ZipFile$ZipFileInflaterInputStream::<init>@34
                      ; - java.util.zip.ZipFile$ZipFileInflaterInputStream::<init>@10
                      ; - java.util.zip.ZipFile::getInputStream@216
                      ; - org.eclipse.osgi.storage.bundlefile.ZipBundleFile::doGetInputStream@5 (line 101)
                      ; - org.eclipse.osgi.storage.bundlefile.ZipBundleFile::doGetInputStream@5 (line 1)
                      ; - org.eclipse.osgi.storage.bundlefile.CloseableBundleFile::getInputStream@20 (line 487)
                      ; - org.eclipse.osgi.storage.bundlefile.ZipBundleEntry::getInputStream@8 (line 58)
                      ; - org.eclipse.osgi.storage.bundlefile.BundleEntry::getBytes@1 (line 97)
                      ; - org.eclipse.osgi.internal.loader.classpath.ClasspathManager::findClassImpl@109 (line 681)
  0x000001c8391a7eb4: 48ee 75ff 

  0x000001c8391a7eb8: ;   {other}
  0x000001c8391a7eb8: 0f1f 8400 | a87d 00e9 | baf6 ffff | ff44 8b5c | 2450 4489 | 5c24 4490 

  0x000001c8391a7ed0: ;   {runtime_call UncommonTrapBlob}
  0x000001c8391a7ed0: c5f8 77e8 

  0x000001c8391a7ed4: ; ImmutableOopMap {[40]=Oop [48]=Oop [56]=Oop [64]=NarrowOop [68]=NarrowOop [72]=Oop [88]=Oop [112]=Oop [120]=Oop [136]=Oop [144]=Oop }
                      ;*invokeinterface apply {reexecute=0 rethrow=0 return_oop=0}
                      ; - jdk.internal.ref.CleanerImpl::getCleanerImpl@4
                      ; - jdk.internal.ref.PhantomCleanable::<init>@27
                      ; - jdk.internal.ref.CleanerImpl$PhantomCleanableRef::<init>@3
                      ; - java.lang.ref.Cleaner::register@21
                      ; - java.util.zip.ZipFile$ZipFileInflaterInputStream::<init>@34
                      ; - java.util.zip.ZipFile$ZipFileInflaterInputStream::<init>@10
                      ; - java.util.zip.ZipFile::getInputStream@216
                      ; - org.eclipse.osgi.storage.bundlefile.ZipBundleFile::doGetInputStream@5 (line 101)
                      ; - org.eclipse.osgi.storage.bundlefile.ZipBundleFile::doGetInputStream@5 (line 1)
                      ; - org.eclipse.osgi.storage.bundlefile.CloseableBundleFile::getInputStream@20 (line 487)
                      ; - org.eclipse.osgi.storage.bundlefile.ZipBundleEntry::getInputStream@8 (line 58)
                      ; - org.eclipse.osgi.storage.bundlefile.BundleEntry::getBytes@1 (line 97)
                      ; - org.eclipse.osgi.internal.loader.classpath.ClasspathManager::findClassImpl@109 (line 681)
  0x000001c8391a7ed4: 28ee 75ff 

  0x000001c8391a7ed8: ;   {other}
  0x000001c8391a7ed8: 0f1f 8400 | c87d 00ea | ba5e ffff | ff44 8b54 | 2450 4489 | 5424 4490 

  0x000001c8391a7ef0: ;   {runtime_call UncommonTrapBlob}
  0x000001c8391a7ef0: c5f8 77e8 

  0x000001c8391a7ef4: ; ImmutableOopMap {[40]=Oop [48]=Oop [56]=Oop [64]=NarrowOop [68]=NarrowOop [72]=Oop [88]=Oop [112]=Oop [120]=Oop [136]=Oop [144]=Oop }
                      ;*getfield phantomCleanableList {reexecute=1 rethrow=0 return_oop=0}
                      ; - (reexecute) jdk.internal.ref.PhantomCleanable::<init>@30
                      ; - jdk.internal.ref.CleanerImpl$PhantomCleanableRef::<init>@3
                      ; - java.lang.ref.Cleaner::register@21
                      ; - java.util.zip.ZipFile$ZipFileInflaterInputStream::<init>@34
                      ; - java.util.zip.ZipFile$ZipFileInflaterInputStream::<init>@10
                      ; - java.util.zip.ZipFile::getInputStream@216
                      ; - org.eclipse.osgi.storage.bundlefile.ZipBundleFile::doGetInputStream@5 (line 101)
                      ; - org.eclipse.osgi.storage.bundlefile.ZipBundleFile::doGetInputStream@5 (line 1)
                      ; - org.eclipse.osgi.storage.bundlefile.CloseableBundleFile::getInputStream@20 (line 487)
                      ; - org.eclipse.osgi.storage.bundlefile.ZipBundleEntry::getInputStream@8 (line 58)
                      ; - org.eclipse.osgi.storage.bundlefile.BundleEntry::getBytes@1 (line 97)
                      ; - org.eclipse.osgi.internal.loader.classpath.ClasspathManager::findClassImpl@109 (line 681)
  0x000001c8391a7ef4: 08ee 75ff 

  0x000001c8391a7ef8: ;   {other}
  0x000001c8391a7ef8: 0f1f 8400 | e87d 00eb | baf6 ffff | ff4c 8b54 | 2470 4c89 | 5424 204c | 8b54 2478 | 4c89 5424 
  0x000001c8391a7f18: 604c 8b94 | 2488 0000 | 004c 8954 | 2470 4c8b | 9424 9000 | 0000 4c89 | 5424 7844 | 8b5c 2450 
  0x000001c8391a7f38: 4489 5c24 | 444c 8984 | 2498 0000 | 004c 8984 | 24a0 0000 | 0066 6690 

  0x000001c8391a7f50: ;   {runtime_call UncommonTrapBlob}
  0x000001c8391a7f50: c5f8 77e8 

  0x000001c8391a7f54: ; ImmutableOopMap {rbp=NarrowOop [32]=Oop [40]=Oop [48]=Oop [56]=Oop [64]=NarrowOop [68]=NarrowOop [72]=Oop [88]=Oop [96]=Oop [104]=Oop [112]=Oop [120]=Oop [152]=Oop [160]=Oop }
                      ;*putfield prev {reexecute=1 rethrow=0 return_oop=0}
                      ; - (reexecute) jdk.internal.ref.PhantomCleanable::insert@31
                      ; - jdk.internal.ref.PhantomCleanable::<init>@37
                      ; - jdk.internal.ref.CleanerImpl$PhantomCleanableRef::<init>@3
                      ; - java.lang.ref.Cleaner::register@21
                      ; - java.util.zip.ZipFile$ZipFileInflaterInputStream::<init>@34
                      ; - java.util.zip.ZipFile$ZipFileInflaterInputStream::<init>@10
                      ; - java.util.zip.ZipFile::getInputStream@216
                      ; - org.eclipse.osgi.storage.bundlefile.ZipBundleFile::doGetInputStream@5 (line 101)
                      ; - org.eclipse.osgi.storage.bundlefile.ZipBundleFile::doGetInputStream@5 (line 1)
                      ; - org.eclipse.osgi.storage.bundlefile.CloseableBundleFile::getInputStream@20 (line 487)
                      ; - org.eclipse.osgi.storage.bundlefile.ZipBundleEntry::getInputStream@8 (line 58)
                      ; - org.eclipse.osgi.storage.bundlefile.BundleEntry::getBytes@1 (line 97)
                      ; - org.eclipse.osgi.internal.loader.classpath.ClasspathManager::findClassImpl@109 (line 681)
  0x000001c8391a7f54: a8ed 75ff 

  0x000001c8391a7f58: ;   {other}
  0x000001c8391a7f58: 0f1f 8400 | 487e 00ec | baf6 ffff | ff4c 894c | 2468 6690 

  0x000001c8391a7f6c: ;   {runtime_call UncommonTrapBlob}
  0x000001c8391a7f6c: c5f8 77e8 

  0x000001c8391a7f70: ; ImmutableOopMap {[40]=Oop [48]=Oop [56]=Oop [64]=NarrowOop [72]=Oop [104]=Oop [112]=Oop [120]=Oop [136]=Oop [144]=Oop }
                      ;*monitorenter {reexecute=0 rethrow=0 return_oop=0}
                      ; - java.util.zip.ZipFile::getInputStream@226
                      ; - org.eclipse.osgi.storage.bundlefile.ZipBundleFile::doGetInputStream@5 (line 101)
                      ; - org.eclipse.osgi.storage.bundlefile.ZipBundleFile::doGetInputStream@5 (line 1)
                      ; - org.eclipse.osgi.storage.bundlefile.CloseableBundleFile::getInputStream@20 (line 487)
                      ; - org.eclipse.osgi.storage.bundlefile.ZipBundleEntry::getInputStream@8 (line 58)
                      ; - org.eclipse.osgi.storage.bundlefile.BundleEntry::getBytes@1 (line 97)
                      ; - org.eclipse.osgi.internal.loader.classpath.ClasspathManager::findClassImpl@109 (line 681)
  0x000001c8391a7f70: 8ced 75ff 

  0x000001c8391a7f74: ;   {other}
  0x000001c8391a7f74: 0f1f 8400 | 647e 00ed | baf6 ffff | ff48 8b6c | 2470 4c8b | 5424 784c | 8954 2420 | 4c89 4424 
  0x000001c8391a7f94: 784c 898c | 2480 0000 | 0066 6690 

  0x000001c8391a7fa0: ;   {runtime_call UncommonTrapBlob}
  0x000001c8391a7fa0: c5f8 77e8 

  0x000001c8391a7fa4: ; ImmutableOopMap {rbp=Oop [32]=Oop [40]=Oop [48]=Oop [56]=Oop [64]=NarrowOop [72]=Oop [120]=Oop [128]=Oop [136]=Oop [144]=Oop }
                      ;*invokeinterface put {reexecute=0 rethrow=0 return_oop=0}
                      ; - java.util.Collections$SetFromMap::add@8
                      ; - java.util.zip.ZipFile::getInputStream@231
                      ; - org.eclipse.osgi.storage.bundlefile.ZipBundleFile::doGetInputStream@5 (line 101)
                      ; - org.eclipse.osgi.storage.bundlefile.ZipBundleFile::doGetInputStream@5 (line 1)
                      ; - org.eclipse.osgi.storage.bundlefile.CloseableBundleFile::getInputStream@20 (line 487)
                      ; - org.eclipse.osgi.storage.bundlefile.ZipBundleEntry::getInputStream@8 (line 58)
                      ; - org.eclipse.osgi.storage.bundlefile.BundleEntry::getBytes@1 (line 97)
                      ; - org.eclipse.osgi.internal.loader.classpath.ClasspathManager::findClassImpl@109 (line 681)
  0x000001c8391a7fa4: 58ed 75ff 

  0x000001c8391a7fa8: ;   {other}
  0x000001c8391a7fa8: 0f1f 8400 | 987e 00ee | baf6 ffff | ff4c 8944 | 2458 4489 | 5424 5490 

  0x000001c8391a7fc0: ;   {runtime_call UncommonTrapBlob}
  0x000001c8391a7fc0: c5f8 77e8 

  0x000001c8391a7fc4: ; ImmutableOopMap {[40]=Oop [48]=Oop [56]=Oop [84]=NarrowOop [88]=Oop [112]=Oop [120]=Oop [136]=Oop [144]=Oop }
                      ;*invokevirtual lock {reexecute=0 rethrow=0 return_oop=0}
                      ; - org.eclipse.osgi.storage.bundlefile.CloseableBundleFile::incrementReference@4 (line 451)
                      ; - org.eclipse.osgi.storage.bundlefile.CloseableBundleFile$BundleEntryInputStream::<init>@16 (line 513)
                      ; - org.eclipse.osgi.storage.bundlefile.CloseableBundleFile::getInputStream@37 (line 489)
                      ; - org.eclipse.osgi.storage.bundlefile.ZipBundleEntry::getInputStream@8 (line 58)
                      ; - org.eclipse.osgi.storage.bundlefile.BundleEntry::getBytes@1 (line 97)
                      ; - org.eclipse.osgi.internal.loader.classpath.ClasspathManager::findClassImpl@109 (line 681)
  0x000001c8391a7fc4: 38ed 75ff 

  0x000001c8391a7fc8: ;   {other}
  0x000001c8391a7fc8: 0f1f 8400 | b87e 00ef | baf6 ffff | ff4c 8944 | 2458 4489 | 5424 5490 

  0x000001c8391a7fe0: ;   {runtime_call UncommonTrapBlob}
  0x000001c8391a7fe0: c5f8 77e8 

  0x000001c8391a7fe4: ; ImmutableOopMap {[40]=Oop [48]=Oop [56]=Oop [84]=NarrowOop [88]=Oop [112]=Oop [120]=Oop [136]=Oop [144]=Oop }
                      ;*invokevirtual lock {reexecute=0 rethrow=0 return_oop=0}
                      ; - java.util.concurrent.locks.ReentrantLock::lock@4
                      ; - org.eclipse.osgi.storage.bundlefile.CloseableBundleFile::incrementReference@4 (line 451)
                      ; - org.eclipse.osgi.storage.bundlefile.CloseableBundleFile$BundleEntryInputStream::<init>@16 (line 513)
                      ; - org.eclipse.osgi.storage.bundlefile.CloseableBundleFile::getInputStream@37 (line 489)
                      ; - org.eclipse.osgi.storage.bundlefile.ZipBundleEntry::getInputStream@8 (line 58)
                      ; - org.eclipse.osgi.storage.bundlefile.BundleEntry::getBytes@1 (line 97)
                      ; - org.eclipse.osgi.internal.loader.classpath.ClasspathManager::findClassImpl@109 (line 681)
  0x000001c8391a7fe4: 18ed 75ff 

  0x000001c8391a7fe8: ;   {other}
  0x000001c8391a7fe8: 0f1f 8400 | d87e 00f0 | baf6 ffff | ff44 8954 | 2450 4c89 | 4424 5890 

  0x000001c8391a8000: ;   {runtime_call UncommonTrapBlob}
  0x000001c8391a8000: c5f8 77e8 

  0x000001c8391a8004: ; ImmutableOopMap {[40]=Oop [48]=Oop [56]=Oop [80]=NarrowOop [88]=Oop [112]=Oop [120]=Oop [136]=Oop [144]=Oop }
                      ;*invokevirtual unlock {reexecute=0 rethrow=0 return_oop=0}
                      ; - org.eclipse.osgi.storage.bundlefile.CloseableBundleFile::incrementReference@34 (line 455)
                      ; - org.eclipse.osgi.storage.bundlefile.CloseableBundleFile$BundleEntryInputStream::<init>@16 (line 513)
                      ; - org.eclipse.osgi.storage.bundlefile.CloseableBundleFile::getInputStream@37 (line 489)
                      ; - org.eclipse.osgi.storage.bundlefile.ZipBundleEntry::getInputStream@8 (line 58)
                      ; - org.eclipse.osgi.storage.bundlefile.BundleEntry::getBytes@1 (line 97)
                      ; - org.eclipse.osgi.internal.loader.classpath.ClasspathManager::findClassImpl@109 (line 681)
  0x000001c8391a8004: f8ec 75ff 

  0x000001c8391a8008: ;   {other}
  0x000001c8391a8008: 0f1f 8400 | f87e 00f1 | baf6 ffff | ff44 8954 | 2450 4c89 | 4424 5890 

  0x000001c8391a8020: ;   {runtime_call UncommonTrapBlob}
  0x000001c8391a8020: c5f8 77e8 

  0x000001c8391a8024: ; ImmutableOopMap {[40]=Oop [48]=Oop [56]=Oop [80]=NarrowOop [88]=Oop [112]=Oop [120]=Oop [136]=Oop [144]=Oop }
                      ;*invokevirtual release {reexecute=0 rethrow=0 return_oop=0}
                      ; - java.util.concurrent.locks.ReentrantLock::unlock@5
                      ; - org.eclipse.osgi.storage.bundlefile.CloseableBundleFile::incrementReference@34 (line 455)
                      ; - org.eclipse.osgi.storage.bundlefile.CloseableBundleFile$BundleEntryInputStream::<init>@16 (line 513)
                      ; - org.eclipse.osgi.storage.bundlefile.CloseableBundleFile::getInputStream@37 (line 489)
                      ; - org.eclipse.osgi.storage.bundlefile.ZipBundleEntry::getInputStream@8 (line 58)
                      ; - org.eclipse.osgi.storage.bundlefile.BundleEntry::getBytes@1 (line 97)
                      ; - org.eclipse.osgi.internal.loader.classpath.ClasspathManager::findClassImpl@109 (line 681)
  0x000001c8391a8024: d8ec 75ff 

  0x000001c8391a8028: ;   {other}
  0x000001c8391a8028: 0f1f 8400 | 187f 00f2 | baf6 ffff | ff48 8b6c | 2470 488b | 4c24 7848 | 894c 2420 | 488b 8c24 
  0x000001c8391a8048: 8800 0000 | 4889 4c24 | 5048 8b8c | 2490 0000 | 0048 894c | 2458 4c89 | 4424 784c | 898c 2488 
  0x000001c8391a8068: 0000 0044 | 895c 2444 | 4c89 9424 | 9000 0000 | 4c89 9424 | 9800 0000 

  0x000001c8391a8080: ;   {runtime_call UncommonTrapBlob}
  0x000001c8391a8080: c5f8 77e8 

  0x000001c8391a8084: ; ImmutableOopMap {rbp=Oop [32]=Oop [40]=Oop [48]=Oop [56]=Oop [64]=NarrowOop [72]=Oop [80]=Oop [88]=Oop [120]=Oop [136]=Oop [144]=Oop [152]=Oop }
                      ;*invokevirtual poll {reexecute=0 rethrow=0 return_oop=0}
                      ; - java.util.WeakHashMap::expungeStaleEntries@4
                      ; - java.util.WeakHashMap::getTable@1
                      ; - java.util.WeakHashMap::put@13
                      ; - java.util.Collections$SetFromMap::add@8
                      ; - java.util.zip.ZipFile::getInputStream@231
                      ; - org.eclipse.osgi.storage.bundlefile.ZipBundleFile::doGetInputStream@5 (line 101)
                      ; - org.eclipse.osgi.storage.bundlefile.ZipBundleFile::doGetInputStream@5 (line 1)
                      ; - org.eclipse.osgi.storage.bundlefile.CloseableBundleFile::getInputStream@20 (line 487)
                      ; - org.eclipse.osgi.storage.bundlefile.ZipBundleEntry::getInputStream@8 (line 58)
                      ; - org.eclipse.osgi.storage.bundlefile.BundleEntry::getBytes@1 (line 97)
                      ; - org.eclipse.osgi.internal.loader.classpath.ClasspathManager::findClassImpl@109 (line 681)
  0x000001c8391a8084: 78ec 75ff 

  0x000001c8391a8088: ;   {other}
  0x000001c8391a8088: 0f1f 8400 | 787f 00f3 | baf6 ffff | ff48 8b6c | 2470 4c8b | 5424 784c | 8954 2420 | 4c89 4c24 
  0x000001c8391a80a8: 684c 8944 | 2478 6690 

  0x000001c8391a80b0: ;   {runtime_call UncommonTrapBlob}
  0x000001c8391a80b0: c5f8 77e8 

  0x000001c8391a80b4: ; ImmutableOopMap {rbp=Oop [32]=Oop [40]=Oop [48]=Oop [56]=Oop [64]=NarrowOop [72]=Oop [104]=Oop [120]=Oop [136]=Oop [144]=Oop }
                      ;*arraylength {reexecute=0 rethrow=0 return_oop=0}
                      ; - java.util.WeakHashMap::put@22
                      ; - java.util.Collections$SetFromMap::add@8
                      ; - java.util.zip.ZipFile::getInputStream@231
                      ; - org.eclipse.osgi.storage.bundlefile.ZipBundleFile::doGetInputStream@5 (line 101)
                      ; - org.eclipse.osgi.storage.bundlefile.ZipBundleFile::doGetInputStream@5 (line 1)
                      ; - org.eclipse.osgi.storage.bundlefile.CloseableBundleFile::getInputStream@20 (line 487)
                      ; - org.eclipse.osgi.storage.bundlefile.ZipBundleEntry::getInputStream@8 (line 58)
                      ; - org.eclipse.osgi.storage.bundlefile.BundleEntry::getBytes@1 (line 97)
                      ; - org.eclipse.osgi.internal.loader.classpath.ClasspathManager::findClassImpl@109 (line 681)
  0x000001c8391a80b4: 48ec 75ff 

  0x000001c8391a80b8: ;   {other}
  0x000001c8391a80b8: 0f1f 8400 | a87f 00f4 | baf6 ffff | ff4c 8b54 | 2430 4c89 | 5424 284c | 8b54 2438 | 4c89 5424 
  0x000001c8391a80d8: 3066 6690 

  0x000001c8391a80dc: ;   {runtime_call UncommonTrapBlob}
  0x000001c8391a80dc: c5f8 77e8 

  0x000001c8391a80e0: ; ImmutableOopMap {[40]=Oop [48]=Oop [112]=Oop [120]=Oop [128]=Oop }
                      ;*invokeinterface iterator {reexecute=0 rethrow=0 return_oop=0}
                      ; - java.util.Collections$UnmodifiableCollection$1::<init>@17
                      ; - java.util.Collections$UnmodifiableCollection::iterator@5
                      ; - org.eclipse.osgi.internal.loader.classpath.ClasspathEntry::findEntry@4 (line 203)
                      ; - org.eclipse.osgi.internal.loader.classpath.ClasspathManager::findClassImpl@95 (line 675)
  0x000001c8391a80e0: 1cec 75ff 

  0x000001c8391a80e4: ;   {other}
  0x000001c8391a80e4: 0f1f 8400 | d47f 00f5 | baf6 ffff | ff4c 8b54 | 2430 4c89 | 5424 284c | 8b54 2438 | 4c89 5424 
  0x000001c8391a8104: 3066 6690 

  0x000001c8391a8108: ;   {runtime_call UncommonTrapBlob}
  0x000001c8391a8108: c5f8 77e8 

  0x000001c8391a810c: ; ImmutableOopMap {[40]=Oop [48]=Oop [112]=Oop [120]=Oop [128]=Oop }
                      ;*invokevirtual keySet {reexecute=0 rethrow=0 return_oop=0}
                      ; - java.util.HashSet::iterator@4
                      ; - java.util.Collections$UnmodifiableCollection$1::<init>@17
                      ; - java.util.Collections$UnmodifiableCollection::iterator@5
                      ; - org.eclipse.osgi.internal.loader.classpath.ClasspathEntry::findEntry@4 (line 203)
                      ; - org.eclipse.osgi.internal.loader.classpath.ClasspathManager::findClassImpl@95 (line 675)
  0x000001c8391a810c: f0eb 75ff 

  0x000001c8391a8110: ;   {other}
  0x000001c8391a8110: 0f1f 8400 | 0080 00f6 | baf6 ffff | ff4c 8b54 | 2430 4c89 | 5424 284c | 8b54 2438 | 4c89 5424 
  0x000001c8391a8130: 3066 6690 

  0x000001c8391a8134: ;   {runtime_call UncommonTrapBlob}
  0x000001c8391a8134: c5f8 77e8 

  0x000001c8391a8138: ; ImmutableOopMap {[40]=Oop [48]=Oop [112]=Oop [120]=Oop [128]=Oop }
                      ;*getfield modCount {reexecute=1 rethrow=0 return_oop=0}
                      ; - (reexecute) java.util.HashMap$HashIterator::<init>@11
                      ; - java.util.HashMap$KeyIterator::<init>@2
                      ; - java.util.HashMap$KeySet::iterator@8
                      ; - java.util.HashSet::iterator@7
                      ; - java.util.Collections$UnmodifiableCollection$1::<init>@17
                      ; - java.util.Collections$UnmodifiableCollection::iterator@5
                      ; - org.eclipse.osgi.internal.loader.classpath.ClasspathEntry::findEntry@4 (line 203)
                      ; - org.eclipse.osgi.internal.loader.classpath.ClasspathManager::findClassImpl@95 (line 675)
  0x000001c8391a8138: c4eb 75ff 

  0x000001c8391a813c: ;   {other}
  0x000001c8391a813c: 0f1f 8400 | 2c80 00f7 | baf6 ffff | ff48 8b6c | 2470 4489 | 4c24 5444 | 8974 2458 | 4489 7424 
  0x000001c8391a815c: 6044 8954 | 2464 4489 | 4424 6c44 | 8954 2470 

  0x000001c8391a816c: ;   {runtime_call UncommonTrapBlob}
  0x000001c8391a816c: c5f8 77e8 

  0x000001c8391a8170: ; ImmutableOopMap {rbp=Oop [40]=Oop [48]=Oop [56]=Oop [84]=NarrowOop [88]=NarrowOop [96]=NarrowOop [100]=NarrowOop [112]=NarrowOop [120]=Oop [136]=Oop [144]=Oop }
                      ;*aaload {reexecute=0 rethrow=0 return_oop=0}
                      ; - org.eclipse.osgi.storage.bundlefile.MRUBundleFileList::use@36 (line 175)
                      ; - org.eclipse.osgi.storage.bundlefile.CloseableBundleFile::mruListUse@12 (line 423)
                      ; - org.eclipse.osgi.storage.bundlefile.CloseableBundleFile::internalOpen@114 (line 157)
                      ; - org.eclipse.osgi.storage.bundlefile.CloseableBundleFile::lockOpen@8 (line 87)
                      ; - org.eclipse.osgi.storage.bundlefile.CloseableBundleFile::getInputStream@1 (line 483)
                      ; - org.eclipse.osgi.storage.bundlefile.ZipBundleEntry::getInputStream@8 (line 58)
                      ; - org.eclipse.osgi.storage.bundlefile.BundleEntry::getBytes@1 (line 97)
                      ; - org.eclipse.osgi.internal.loader.classpath.ClasspathManager::findClassImpl@109 (line 681)
  0x000001c8391a8170: 8ceb 75ff 

  0x000001c8391a8174: ;   {other}
  0x000001c8391a8174: 0f1f 8400 | 6480 00f8 | baf6 ffff | ff44 894c | 2454 4489 | 7424 5844 | 8954 2460 | 4489 4424 
  0x000001c8391a8194: 6448 894c | 2468 6690 

  0x000001c8391a819c: ;   {runtime_call UncommonTrapBlob}
  0x000001c8391a819c: c5f8 77e8 

  0x000001c8391a81a0: ; ImmutableOopMap {[40]=Oop [48]=Oop [56]=Oop [84]=NarrowOop [88]=NarrowOop [96]=NarrowOop [112]=Oop [120]=Oop [136]=Oop [144]=Oop }
                      ;*lastore {reexecute=0 rethrow=0 return_oop=0}
                      ; - org.eclipse.osgi.storage.bundlefile.MRUBundleFileList::incUseStamp@55 (line 188)
                      ; - org.eclipse.osgi.storage.bundlefile.MRUBundleFileList::use@43 (line 176)
                      ; - org.eclipse.osgi.storage.bundlefile.CloseableBundleFile::mruListUse@12 (line 423)
                      ; - org.eclipse.osgi.storage.bundlefile.CloseableBundleFile::internalOpen@114 (line 157)
                      ; - org.eclipse.osgi.storage.bundlefile.CloseableBundleFile::lockOpen@8 (line 87)
                      ; - org.eclipse.osgi.storage.bundlefile.CloseableBundleFile::getInputStream@1 (line 483)
                      ; - org.eclipse.osgi.storage.bundlefile.ZipBundleEntry::getInputStream@8 (line 58)
                      ; - org.eclipse.osgi.storage.bundlefile.BundleEntry::getBytes@1 (line 97)
                      ; - org.eclipse.osgi.internal.loader.classpath.ClasspathManager::findClassImpl@109 (line 681)
  0x000001c8391a81a0: 5ceb 75ff 

  0x000001c8391a81a4: ;   {other}
  0x000001c8391a81a4: 0f1f 8400 | 9480 00f9 | ba45 ffff | ff44 8954 | 2450 4c89 | 4424 5844 | 895c 2454 

  0x000001c8391a81c0: ;   {runtime_call UncommonTrapBlob}
  0x000001c8391a81c0: c5f8 77e8 

  0x000001c8391a81c4: ; ImmutableOopMap {[40]=Oop [48]=Oop [56]=Oop [80]=NarrowOop [84]=NarrowOop [88]=Oop [112]=Oop [120]=Oop [136]=Oop [144]=Oop }
                      ;*ifnull {reexecute=1 rethrow=0 return_oop=0}
                      ; - (reexecute) org.eclipse.osgi.storage.bundlefile.CloseableBundleFile::isMruEnabled@4 (line 412)
                      ; - org.eclipse.osgi.storage.bundlefile.CloseableBundleFile::getInputStream@25 (line 488)
                      ; - org.eclipse.osgi.storage.bundlefile.ZipBundleEntry::getInputStream@8 (line 58)
                      ; - org.eclipse.osgi.storage.bundlefile.BundleEntry::getBytes@1 (line 97)
                      ; - org.eclipse.osgi.internal.loader.classpath.ClasspathManager::findClassImpl@109 (line 681)
  0x000001c8391a81c4: 38eb 75ff 

  0x000001c8391a81c8: ;   {other}
  0x000001c8391a81c8: 0f1f 8400 | b880 00fa | ba45 ffff | ff44 894c | 2454 4489 | 7424 5844 | 8954 245c 

  0x000001c8391a81e4: ;   {runtime_call UncommonTrapBlob}
  0x000001c8391a81e4: c5f8 77e8 

  0x000001c8391a81e8: ; ImmutableOopMap {[40]=Oop [48]=Oop [56]=Oop [84]=NarrowOop [88]=NarrowOop [92]=NarrowOop [112]=Oop [120]=Oop [136]=Oop [144]=Oop }
                      ;*ifnull {reexecute=1 rethrow=0 return_oop=0}
                      ; - (reexecute) org.eclipse.osgi.storage.bundlefile.CloseableBundleFile::mruListUse@4 (line 422)
                      ; - org.eclipse.osgi.storage.bundlefile.CloseableBundleFile::internalOpen@114 (line 157)
                      ; - org.eclipse.osgi.storage.bundlefile.CloseableBundleFile::lockOpen@8 (line 87)
                      ; - org.eclipse.osgi.storage.bundlefile.CloseableBundleFile::getInputStream@1 (line 483)
                      ; - org.eclipse.osgi.storage.bundlefile.ZipBundleEntry::getInputStream@8 (line 58)
                      ; - org.eclipse.osgi.storage.bundlefile.BundleEntry::getBytes@1 (line 97)
                      ; - org.eclipse.osgi.internal.loader.classpath.ClasspathManager::findClassImpl@109 (line 681)
  0x000001c8391a81e8: 14eb 75ff 

  0x000001c8391a81ec: ;   {other}
  0x000001c8391a81ec: 0f1f 8400 | dc80 00fb | baf6 ffff | ff4c 8b54 | 2430 4c89 | 5424 284c | 8b54 2438 | 4c89 5424 
  0x000001c8391a820c: 3066 6690 

  0x000001c8391a8210: ;   {runtime_call UncommonTrapBlob}
  0x000001c8391a8210: c5f8 77e8 

  0x000001c8391a8214: ; ImmutableOopMap {[40]=Oop [48]=Oop [112]=Oop [120]=Oop [128]=Oop }
                      ;*invokeinterface next {reexecute=0 rethrow=0 return_oop=0}
                      ; - java.util.Collections$UnmodifiableCollection$1::next@4
                      ; - org.eclipse.osgi.internal.loader.classpath.ClasspathEntry::findEntry@14 (line 203)
                      ; - org.eclipse.osgi.internal.loader.classpath.ClasspathManager::findClassImpl@95 (line 675)
  0x000001c8391a8214: e8ea 75ff 

  0x000001c8391a8218: ;   {other}
  0x000001c8391a8218: 0f1f 8400 | 0881 00fc | baf4 ffff | ff4c 896c | 2450 6690 

  0x000001c8391a822c: ;   {runtime_call UncommonTrapBlob}
  0x000001c8391a822c: c5f8 77e8 

  0x000001c8391a8230: ; ImmutableOopMap {[48]=Oop [56]=Oop [80]=Oop [112]=Oop [120]=Oop [128]=Oop }
                      ;*checkcast {reexecute=0 rethrow=0 return_oop=0}
                      ; - org.eclipse.osgi.internal.loader.classpath.ClasspathEntry::findEntry@19 (line 203)
                      ; - org.eclipse.osgi.internal.loader.classpath.ClasspathManager::findClassImpl@95 (line 675)
  0x000001c8391a8230: ccea 75ff 

  0x000001c8391a8234: ;   {other}
  0x000001c8391a8234: 0f1f 8400 | 2481 00fd | baf6 ffff | ff4c 8b54 | 2430 4c89 | 5424 284c | 8b54 2438 | 4c89 5424 
  0x000001c8391a8254: 3066 6690 

  0x000001c8391a8258: ;   {runtime_call UncommonTrapBlob}
  0x000001c8391a8258: c5f8 77e8 

  0x000001c8391a825c: ; ImmutableOopMap {[40]=Oop [48]=Oop [112]=Oop [120]=Oop [128]=Oop }
                      ;*arraylength {reexecute=0 rethrow=0 return_oop=0}
                      ; - java.lang.String::length@4
                      ; - org.eclipse.osgi.storage.bundlefile.NestedDirBundleFile::filterPath@1 (line 71)
                      ; - org.eclipse.osgi.storage.bundlefile.NestedDirBundleFile::getEntry@2 (line 93)
                      ; - org.eclipse.osgi.internal.loader.classpath.ClasspathEntry::findEntry@25 (line 204)
                      ; - org.eclipse.osgi.internal.loader.classpath.ClasspathManager::findClassImpl@95 (line 675)
  0x000001c8391a825c: a0ea 75ff 

  0x000001c8391a8260: ;   {other}
  0x000001c8391a8260: 0f1f 8400 | 5081 00fe | baf6 ffff | ff4c 8b54 | 2430 4c89 | 5424 284c | 8b54 2438 | 4c89 5424 
  0x000001c8391a8280: 3048 895c | 2438 6690 

  0x000001c8391a8288: ;   {runtime_call UncommonTrapBlob}
  0x000001c8391a8288: c5f8 77e8 

  0x000001c8391a828c: ; ImmutableOopMap {[40]=Oop [48]=Oop [56]=Oop [112]=Oop [120]=Oop }
                      ;*invokeinterface iterator {reexecute=0 rethrow=0 return_oop=0}
                      ; - org.eclipse.osgi.storage.bundlefile.NestedDirBundleFile::filterPath@27 (line 73)
                      ; - org.eclipse.osgi.storage.bundlefile.NestedDirBundleFile::getEntry@2 (line 93)
                      ; - org.eclipse.osgi.internal.loader.classpath.ClasspathEntry::findEntry@25 (line 204)
                      ; - org.eclipse.osgi.internal.loader.classpath.ClasspathManager::findClassImpl@95 (line 675)
  0x000001c8391a828c: 70ea 75ff 

  0x000001c8391a8290: ;   {other}
  0x000001c8391a8290: 0f1f 8400 | 8081 00ff | baf4 ffff | ff48 8b6c | 2470 4889 | 5c24 484c | 896c 2450 | 4c89 7424 
  0x000001c8391a82b0: 5848 895c | 2460 8944 | 2470 6690 

  0x000001c8391a82bc: ;   {runtime_call UncommonTrapBlob}
  0x000001c8391a82bc: c5f8 77e8 

  0x000001c8391a82c0: ; ImmutableOopMap {rbp=Oop [48]=Oop [56]=Oop [72]=Oop [80]=Oop [88]=Oop [96]=Oop [112]=NarrowOop [120]=Oop }
                      ;*checkcast {reexecute=0 rethrow=0 return_oop=0}
                      ; - org.eclipse.osgi.storage.bundlefile.NestedDirBundleFile::filterPath@42 (line 73)
                      ; - org.eclipse.osgi.storage.bundlefile.NestedDirBundleFile::getEntry@2 (line 93)
                      ; - org.eclipse.osgi.internal.loader.classpath.ClasspathEntry::findEntry@25 (line 204)
                      ; - org.eclipse.osgi.internal.loader.classpath.ClasspathManager::findClassImpl@95 (line 675)
  0x000001c8391a82c0: 3cea 75ff 

  0x000001c8391a82c4: ;   {other}
  0x000001c8391a82c4: 0f1f 8400 | 0000 0000 | baf6 ffff | ff4c 8b54 | 2430 4c89 | 5424 284c | 8b54 2438 | 4c89 5424 
  0x000001c8391a82e4: 3048 895c | 2438 6690 

  0x000001c8391a82ec: ;   {runtime_call UncommonTrapBlob}
  0x000001c8391a82ec: c5f8 77e8 

  0x000001c8391a82f0: ; ImmutableOopMap {[40]=Oop [48]=Oop [56]=Oop [112]=Oop [120]=Oop }
                      ;*arraylength {reexecute=0 rethrow=0 return_oop=0}
                      ; - java.lang.String::length@4
                      ; - java.lang.String::startsWith@6
                      ; - java.lang.String::startsWith@3
                      ; - org.eclipse.osgi.storage.bundlefile.NestedDirBundleFile::filterPath@48 (line 74)
                      ; - org.eclipse.osgi.storage.bundlefile.NestedDirBundleFile::getEntry@2 (line 93)
                      ; - org.eclipse.osgi.internal.loader.classpath.ClasspathEntry::findEntry@25 (line 204)
                      ; - org.eclipse.osgi.internal.loader.classpath.ClasspathManager::findClassImpl@95 (line 675)
  0x000001c8391a82f0: 0cea 75ff 

  0x000001c8391a82f4: ;   {other}
  0x000001c8391a82f4: 0f1f 8400 | 0000 0000 | baf6 ffff | ff4c 8b54 | 2430 4c89 | 5424 284c | 8b54 2438 | 4c89 5424 
  0x000001c8391a8314: 3048 895c | 2438 6690 

  0x000001c8391a831c: ;   {runtime_call UncommonTrapBlob}
  0x000001c8391a831c: c5f8 77e8 

  0x000001c8391a8320: ; ImmutableOopMap {[40]=Oop [48]=Oop [56]=Oop [112]=Oop [120]=Oop }
                      ;*arraylength {reexecute=0 rethrow=0 return_oop=0}
                      ; - java.lang.String::length@4
                      ; - java.lang.String::startsWith@10
                      ; - java.lang.String::startsWith@3
                      ; - org.eclipse.osgi.storage.bundlefile.NestedDirBundleFile::filterPath@48 (line 74)
                      ; - org.eclipse.osgi.storage.bundlefile.NestedDirBundleFile::getEntry@2 (line 93)
                      ; - org.eclipse.osgi.internal.loader.classpath.ClasspathEntry::findEntry@25 (line 204)
                      ; - org.eclipse.osgi.internal.loader.classpath.ClasspathManager::findClassImpl@95 (line 675)
  0x000001c8391a8320: dce9 75ff 

  0x000001c8391a8324: ;   {other}
  0x000001c8391a8324: 0f1f 8400 | 0000 0000 | baf6 ffff | ff4c 8b54 | 2430 4c89 | 5424 284c | 8b54 2438 | 4c89 5424 
  0x000001c8391a8344: 3048 895c | 2438 6690 

  0x000001c8391a834c: ;   {runtime_call UncommonTrapBlob}
  0x000001c8391a834c: c5f8 77e8 

  0x000001c8391a8350: ; ImmutableOopMap {[40]=Oop [48]=Oop [56]=Oop [112]=Oop [120]=Oop }
                      ;*invokeinterface hasNext {reexecute=0 rethrow=0 return_oop=0}
                      ; - java.util.Collections$UnmodifiableCollection$1::hasNext@4
                      ; - org.eclipse.osgi.internal.loader.classpath.ClasspathEntry::findEntry@39 (line 203)
                      ; - org.eclipse.osgi.internal.loader.classpath.ClasspathManager::findClassImpl@95 (line 675)
  0x000001c8391a8350: ace9 75ff 

  0x000001c8391a8354: ;   {other}
  0x000001c8391a8354: 0f1f 8400 | 0000 0000 | baf6 ffff | ff4c 8b54 | 2430 4c89 | 5424 284c | 8b54 2438 | 4c89 5424 
  0x000001c8391a8374: 3066 6690 

  0x000001c8391a8378: ;   {runtime_call UncommonTrapBlob}
  0x000001c8391a8378: c5f8 77e8 

  0x000001c8391a837c: ; ImmutableOopMap {[40]=Oop [48]=Oop [112]=Oop [120]=Oop [128]=Oop }
                      ;*getfield modCount {reexecute=1 rethrow=0 return_oop=0}
                      ; - (reexecute) java.util.HashMap$HashIterator::nextNode@9
                      ; - java.util.HashMap$KeyIterator::next@1
                      ; - java.util.Collections$UnmodifiableCollection$1::next@4
                      ; - org.eclipse.osgi.internal.loader.classpath.ClasspathEntry::findEntry@14 (line 203)
                      ; - org.eclipse.osgi.internal.loader.classpath.ClasspathManager::findClassImpl@95 (line 675)
  0x000001c8391a837c: 80e9 75ff 

  0x000001c8391a8380: ;   {other}
  0x000001c8391a8380: 0f1f 8400 | 0000 0000 | baf6 ffff | ff4c 8b54 | 2430 4c89 | 5424 284c | 8b54 2438 | 4c89 5424 
  0x000001c8391a83a0: 3048 895c | 2438 6690 

  0x000001c8391a83a8: ;   {runtime_call UncommonTrapBlob}
  0x000001c8391a83a8: c5f8 77e8 

  0x000001c8391a83ac: ; ImmutableOopMap {[40]=Oop [48]=Oop [56]=Oop [112]=Oop [120]=Oop }
                      ;*arraylength {reexecute=0 rethrow=0 return_oop=0}
                      ; - java.lang.String::length@4
                      ; - org.eclipse.osgi.storage.bundlefile.NestedDirBundleFile::prependNestedDir@1 (line 110)
                      ; - org.eclipse.osgi.storage.bundlefile.NestedDirBundleFile::getEntry@16 (line 96)
                      ; - org.eclipse.osgi.internal.loader.classpath.ClasspathEntry::findEntry@25 (line 204)
                      ; - org.eclipse.osgi.internal.loader.classpath.ClasspathManager::findClassImpl@95 (line 675)
  0x000001c8391a83ac: 50e9 75ff 

  0x000001c8391a83b0: ;   {other}
  0x000001c8391a83b0: 0f1f 8400 | 0000 0000 | baf6 ffff | ff4c 8b5c | 2430 4c89 | 5c24 284c | 8b5c 2438 | 4c89 5c24 
  0x000001c8391a83d0: 3048 895c | 2438 4c89 | 5424 4090 

  0x000001c8391a83dc: ;   {runtime_call UncommonTrapBlob}
  0x000001c8391a83dc: c5f8 77e8 

  0x000001c8391a83e0: ; ImmutableOopMap {[40]=Oop [48]=Oop [56]=Oop [64]=Oop [112]=Oop [120]=Oop }
                      ;*invokevirtual getEntry {reexecute=0 rethrow=0 return_oop=0}
                      ; - org.eclipse.osgi.storage.bundlefile.NestedDirBundleFile::getEntry@19 (line 96)
                      ; - org.eclipse.osgi.internal.loader.classpath.ClasspathEntry::findEntry@25 (line 204)
                      ; - org.eclipse.osgi.internal.loader.classpath.ClasspathManager::findClassImpl@95 (line 675)
  0x000001c8391a83e0: 1ce9 75ff 

  0x000001c8391a83e4: ;   {other}
  0x000001c8391a83e4: 0f1f 8400 | 0000 0000 | ba45 ffff | ff4c 896c | 2450 894c | 245c 6690 

  0x000001c8391a83fc: ;   {runtime_call UncommonTrapBlob}
  0x000001c8391a83fc: c5f8 77e8 

  0x000001c8391a8400: ; ImmutableOopMap {[48]=Oop [56]=Oop [80]=Oop [92]=NarrowOop [112]=Oop [120]=Oop [128]=Oop }
                      ;*ifnonnull {reexecute=1 rethrow=0 return_oop=0}
                      ; - (reexecute) java.util.HashMap$HashIterator::nextNode@28
                      ; - java.util.HashMap$KeyIterator::next@1
                      ; - java.util.Collections$UnmodifiableCollection$1::next@4
                      ; - org.eclipse.osgi.internal.loader.classpath.ClasspathEntry::findEntry@14 (line 203)
                      ; - org.eclipse.osgi.internal.loader.classpath.ClasspathManager::findClassImpl@95 (line 675)
  0x000001c8391a8400: fce8 75ff 

  0x000001c8391a8404: ;   {other}
  0x000001c8391a8404: 0f1f 8400 | 0000 0000 | ba45 ffff | ff4c 896c | 2450 894c | 245c 4489 | 4c24 6090 

  0x000001c8391a8420: ;   {runtime_call UncommonTrapBlob}
  0x000001c8391a8420: c5f8 77e8 

  0x000001c8391a8424: ; ImmutableOopMap {[48]=Oop [56]=Oop [80]=Oop [92]=NarrowOop [96]=NarrowOop [112]=Oop [120]=Oop [128]=Oop }
                      ;*ifnull {reexecute=1 rethrow=0 return_oop=0}
                      ; - (reexecute) java.util.HashMap$HashIterator::nextNode@65
                      ; - java.util.HashMap$KeyIterator::next@1
                      ; - java.util.Collections$UnmodifiableCollection$1::next@4
                      ; - org.eclipse.osgi.internal.loader.classpath.ClasspathEntry::findEntry@14 (line 203)
                      ; - org.eclipse.osgi.internal.loader.classpath.ClasspathManager::findClassImpl@95 (line 675)
  0x000001c8391a8424: d8e8 75ff 

  0x000001c8391a8428: ;   {other}
  0x000001c8391a8428: 0f1f 8400 | 0000 0000 | baf6 ffff | ff48 8b6c | 2470 488b | 5c24 7848 | 895c 2420 | 488b 9c24 
  0x000001c8391a8448: 8800 0000 | 4889 5c24 | 5048 8b9c | 2490 0000 | 0048 895c | 2458 4c89 | 4424 784c | 898c 2488 
  0x000001c8391a8468: 0000 0044 | 895c 2444 | 4c89 9424 | 9000 0000 | 4c89 9424 | 9800 0000 | 4889 8c24 | a000 0000 
  0x000001c8391a8488: ;   {runtime_call UncommonTrapBlob}
  0x000001c8391a8488: c5f8 77e8 

  0x000001c8391a848c: ; ImmutableOopMap {rbp=Oop [32]=Oop [40]=Oop [48]=Oop [56]=Oop [64]=NarrowOop [72]=Oop [80]=Oop [88]=Oop [120]=Oop [136]=Oop [144]=Oop [152]=Oop [160]=Oop }
                      ;*invokevirtual lock {reexecute=0 rethrow=0 return_oop=0}
                      ; - java.lang.ref.ReferenceQueue::poll@13
                      ; - java.util.WeakHashMap::expungeStaleEntries@4
                      ; - java.util.WeakHashMap::getTable@1
                      ; - java.util.WeakHashMap::put@13
                      ; - java.util.Collections$SetFromMap::add@8
                      ; - java.util.zip.ZipFile::getInputStream@231
                      ; - org.eclipse.osgi.storage.bundlefile.ZipBundleFile::doGetInputStream@5 (line 101)
                      ; - org.eclipse.osgi.storage.bundlefile.ZipBundleFile::doGetInputStream@5 (line 1)
                      ; - org.eclipse.osgi.storage.bundlefile.CloseableBundleFile::getInputStream@20 (line 487)
                      ; - org.eclipse.osgi.storage.bundlefile.ZipBundleEntry::getInputStream@8 (line 58)
                      ; - org.eclipse.osgi.storage.bundlefile.BundleEntry::getBytes@1 (line 97)
                      ; - org.eclipse.osgi.internal.loader.classpath.ClasspathManager::findClassImpl@109 (line 681)
  0x000001c8391a848c: 70e8 75ff 

  0x000001c8391a8490: ;   {other}
  0x000001c8391a8490: 0f1f 8400 | 0000 0000 | baf6 ffff | ff48 8b6c | 2470 488b | 5c24 7848 | 895c 2420 | 488b 9c24 
  0x000001c8391a84b0: 8800 0000 | 4889 5c24 | 5048 8b9c | 2490 0000 | 0048 895c | 2458 4c89 | 4424 784c | 898c 2488 
  0x000001c8391a84d0: 0000 0044 | 895c 2444 | 4c89 9424 | 9000 0000 | 4c89 9424 | 9800 0000 | 4889 8c24 | a000 0000 
  0x000001c8391a84f0: ;   {runtime_call UncommonTrapBlob}
  0x000001c8391a84f0: c5f8 77e8 

  0x000001c8391a84f4: ; ImmutableOopMap {rbp=Oop [32]=Oop [40]=Oop [48]=Oop [56]=Oop [64]=NarrowOop [72]=Oop [80]=Oop [88]=Oop [120]=Oop [136]=Oop [144]=Oop [152]=Oop [160]=Oop }
                      ;*invokevirtual lock {reexecute=0 rethrow=0 return_oop=0}
                      ; - java.util.concurrent.locks.ReentrantLock::lock@4
                      ; - java.lang.ref.ReferenceQueue::poll@13
                      ; - java.util.WeakHashMap::expungeStaleEntries@4
                      ; - java.util.WeakHashMap::getTable@1
                      ; - java.util.WeakHashMap::put@13
                      ; - java.util.Collections$SetFromMap::add@8
                      ; - java.util.zip.ZipFile::getInputStream@231
                      ; - org.eclipse.osgi.storage.bundlefile.ZipBundleFile::doGetInputStream@5 (line 101)
                      ; - org.eclipse.osgi.storage.bundlefile.ZipBundleFile::doGetInputStream@5 (line 1)
                      ; - org.eclipse.osgi.storage.bundlefile.CloseableBundleFile::getInputStream@20 (line 487)
                      ; - org.eclipse.osgi.storage.bundlefile.ZipBundleEntry::getInputStream@8 (line 58)
                      ; - org.eclipse.osgi.storage.bundlefile.BundleEntry::getBytes@1 (line 97)
                      ; - org.eclipse.osgi.internal.loader.classpath.ClasspathManager::findClassImpl@109 (line 681)
  0x000001c8391a84f4: 08e8 75ff 

  0x000001c8391a84f8: ;   {other}
  0x000001c8391a84f8: 0f1f 8400 | 0000 0000 | baf6 ffff | ff48 8b6c | 2470 4c8b | 5424 784c | 8954 2420 | 4c8b 9424 
  0x000001c8391a8518: 8800 0000 | 4c89 5424 | 604c 8b94 | 2490 0000 | 004c 8954 | 2470 448b | 9c24 8400 | 0000 4489 
  0x000001c8391a8538: 5c24 4490 

  0x000001c8391a853c: ;   {runtime_call UncommonTrapBlob}
  0x000001c8391a853c: c5f8 77e8 

  0x000001c8391a8540: ; ImmutableOopMap {rbp=Oop [32]=Oop [40]=Oop [48]=Oop [56]=Oop [64]=NarrowOop [72]=Oop [80]=Oop [88]=Oop [96]=Oop [104]=Oop [112]=Oop [152]=Oop }
                      ;*invokevirtual unlock {reexecute=0 rethrow=0 return_oop=0}
                      ; - java.lang.ref.ReferenceQueue::poll@25
                      ; - java.util.WeakHashMap::expungeStaleEntries@4
                      ; - java.util.WeakHashMap::getTable@1
                      ; - java.util.WeakHashMap::put@13
                      ; - java.util.Collections$SetFromMap::add@8
                      ; - java.util.zip.ZipFile::getInputStream@231
                      ; - org.eclipse.osgi.storage.bundlefile.ZipBundleFile::doGetInputStream@5 (line 101)
                      ; - org.eclipse.osgi.storage.bundlefile.ZipBundleFile::doGetInputStream@5 (line 1)
                      ; - org.eclipse.osgi.storage.bundlefile.CloseableBundleFile::getInputStream@20 (line 487)
                      ; - org.eclipse.osgi.storage.bundlefile.ZipBundleEntry::getInputStream@8 (line 58)
                      ; - org.eclipse.osgi.storage.bundlefile.BundleEntry::getBytes@1 (line 97)
                      ; - org.eclipse.osgi.internal.loader.classpath.ClasspathManager::findClassImpl@109 (line 681)
  0x000001c8391a8540: bce7 75ff 

  0x000001c8391a8544: ;   {other}
  0x000001c8391a8544: 0f1f 8400 | 0000 0000 | baf6 ffff | ff48 8b6c | 2470 4c8b | 5424 784c | 8954 2420 | 4c8b 9424 
  0x000001c8391a8564: 8800 0000 | 4c89 5424 | 604c 8b94 | 2490 0000 | 004c 8954 | 2470 448b | 9424 8400 | 0000 4489 
  0x000001c8391a8584: 5424 4490 

  0x000001c8391a8588: ;   {runtime_call UncommonTrapBlob}
  0x000001c8391a8588: c5f8 77e8 

  0x000001c8391a858c: ; ImmutableOopMap {rbp=Oop [32]=Oop [40]=Oop [48]=Oop [56]=Oop [64]=NarrowOop [72]=Oop [80]=Oop [88]=Oop [96]=Oop [104]=Oop [112]=Oop [152]=Oop }
                      ;*invokevirtual release {reexecute=0 rethrow=0 return_oop=0}
                      ; - java.util.concurrent.locks.ReentrantLock::unlock@5
                      ; - java.lang.ref.ReferenceQueue::poll@25
                      ; - java.util.WeakHashMap::expungeStaleEntries@4
                      ; - java.util.WeakHashMap::getTable@1
                      ; - java.util.WeakHashMap::put@13
                      ; - java.util.Collections$SetFromMap::add@8
                      ; - java.util.zip.ZipFile::getInputStream@231
                      ; - org.eclipse.osgi.storage.bundlefile.ZipBundleFile::doGetInputStream@5 (line 101)
                      ; - org.eclipse.osgi.storage.bundlefile.ZipBundleFile::doGetInputStream@5 (line 1)
                      ; - org.eclipse.osgi.storage.bundlefile.CloseableBundleFile::getInputStream@20 (line 487)
                      ; - org.eclipse.osgi.storage.bundlefile.ZipBundleEntry::getInputStream@8 (line 58)
                      ; - org.eclipse.osgi.storage.bundlefile.BundleEntry::getBytes@1 (line 97)
                      ; - org.eclipse.osgi.internal.loader.classpath.ClasspathManager::findClassImpl@109 (line 681)
  0x000001c8391a858c: 70e7 75ff 

  0x000001c8391a8590: ;   {other}
  0x000001c8391a8590: 0f1f 8400 | 0000 0000 | baf6 ffff | ff66 6690 

  0x000001c8391a85a0: ;   {runtime_call UncommonTrapBlob}
  0x000001c8391a85a0: c5f8 77e8 

  0x000001c8391a85a4: ; ImmutableOopMap {[40]=Oop [48]=Oop [56]=Oop [64]=Oop [72]=Oop [80]=NarrowOop [84]=NarrowOop [112]=Oop [120]=Oop }
                      ;*getfield DEBUG_BUNDLE_FILE_OPEN {reexecute=1 rethrow=0 return_oop=0}
                      ; - (reexecute) org.eclipse.osgi.storage.bundlefile.CloseableBundleFile::internalOpen@76 (line 152)
                      ; - org.eclipse.osgi.storage.bundlefile.CloseableBundleFile::lockOpen@8 (line 87)
                      ; - org.eclipse.osgi.storage.bundlefile.CloseableBundleFile::getInputStream@1 (line 483)
                      ; - org.eclipse.osgi.storage.bundlefile.ZipBundleEntry::getInputStream@8 (line 58)
                      ; - org.eclipse.osgi.storage.bundlefile.BundleEntry::getBytes@1 (line 97)
                      ; - org.eclipse.osgi.internal.loader.classpath.ClasspathManager::findClassImpl@109 (line 681)
  0x000001c8391a85a4: 58e7 75ff 

  0x000001c8391a85a8: ;   {other}
  0x000001c8391a85a8: 0f1f 8400 | 0000 0000 | baf6 ffff | ff48 8b6c | 2470 4c8b | 5424 784c | 8954 2420 

  0x000001c8391a85c4: ;   {runtime_call UncommonTrapBlob}
  0x000001c8391a85c4: c5f8 77e8 

  0x000001c8391a85c8: ; ImmutableOopMap {rbp=Oop [32]=Oop [40]=Oop [48]=Oop [56]=Oop [64]=NarrowOop [72]=Oop [80]=Oop [88]=Oop [136]=Oop [144]=Oop }
                      ;*arraylength {reexecute=0 rethrow=0 return_oop=0}
                      ; - java.util.IdentityHashMap::put@13
                      ; - java.util.Collections$SetFromMap::add@8
                      ; - java.util.zip.ZipFile::getInputStream@231
                      ; - org.eclipse.osgi.storage.bundlefile.ZipBundleFile::doGetInputStream@5 (line 101)
                      ; - org.eclipse.osgi.storage.bundlefile.ZipBundleFile::doGetInputStream@5 (line 1)
                      ; - org.eclipse.osgi.storage.bundlefile.CloseableBundleFile::getInputStream@20 (line 487)
                      ; - org.eclipse.osgi.storage.bundlefile.ZipBundleEntry::getInputStream@8 (line 58)
                      ; - org.eclipse.osgi.storage.bundlefile.BundleEntry::getBytes@1 (line 97)
                      ; - org.eclipse.osgi.internal.loader.classpath.ClasspathManager::findClassImpl@109 (line 681)
  0x000001c8391a85c8: 34e7 75ff 

  0x000001c8391a85cc: ;   {other}
  0x000001c8391a85cc: 0f1f 8400 | 0000 0000 | baf6 ffff | ff48 8b6c | 2470 4c8b | 5424 784c | 8954 2420 

  0x000001c8391a85e8: ;   {runtime_call UncommonTrapBlob}
  0x000001c8391a85e8: c5f8 77e8 

  0x000001c8391a85ec: ; ImmutableOopMap {rbp=Oop [32]=Oop [40]=Oop [48]=Oop [56]=Oop [64]=NarrowOop [72]=Oop [80]=Oop [88]=Oop [136]=Oop [144]=Oop }
                      ;*arraylength {reexecute=0 rethrow=0 return_oop=0}
                      ; - java.util.IdentityHashMap::put@13
                      ; - java.util.Collections$SetFromMap::add@8
                      ; - java.util.zip.ZipFile::getInputStream@231
                      ; - org.eclipse.osgi.storage.bundlefile.ZipBundleFile::doGetInputStream@5 (line 101)
                      ; - org.eclipse.osgi.storage.bundlefile.ZipBundleFile::doGetInputStream@5 (line 1)
                      ; - org.eclipse.osgi.storage.bundlefile.CloseableBundleFile::getInputStream@20 (line 487)
                      ; - org.eclipse.osgi.storage.bundlefile.ZipBundleEntry::getInputStream@8 (line 58)
                      ; - org.eclipse.osgi.storage.bundlefile.BundleEntry::getBytes@1 (line 97)
                      ; - org.eclipse.osgi.internal.loader.classpath.ClasspathManager::findClassImpl@109 (line 681)
  0x000001c8391a85ec: 10e7 75ff 

  0x000001c8391a85f0: ;   {other}
  0x000001c8391a85f0: 0f1f 8400 | 0000 0000 | ba97 ffff | ff66 6690 

  0x000001c8391a8600: ;   {runtime_call UncommonTrapBlob}
  0x000001c8391a8600: c5f8 77e8 

  0x000001c8391a8604: ; ImmutableOopMap {[32]=Oop [40]=Oop [48]=Oop [56]=Oop [64]=NarrowOop [68]=NarrowOop [80]=Oop }
                      ;*invokevirtual clone {reexecute=1 rethrow=0 return_oop=0}
                      ; - (reexecute) java.util.Arrays::copyOfRange@18
                      ; - java.lang.StringLatin1::newString@16
                      ; - java.lang.String::substring@41
                      ; - org.eclipse.osgi.internal.loader.BundleLoader::getPackageName@18 (line 145)
                      ; - org.eclipse.osgi.internal.debug.Debug::loaderWithClass@18 (line 286)
                      ; - org.eclipse.osgi.internal.loader.classpath.ClasspathManager::findClassImpl@5 (line 667)
  0x000001c8391a8604: f8e6 75ff 

  0x000001c8391a8608: ;   {other}
  0x000001c8391a8608: 0f1f 8400 | 0000 0000 | baf6 ffff | ff4c 8b54 | 2430 4c89 | 5424 284c | 8b54 2438 | 4c89 5424 
  0x000001c8391a8628: 3066 6690 

  0x000001c8391a862c: ;   {runtime_call UncommonTrapBlob}
  0x000001c8391a862c: c5f8 77e8 

  0x000001c8391a8630: ; ImmutableOopMap {[40]=Oop [48]=Oop [112]=Oop [120]=Oop [128]=Oop }
                      ;*getfield head {reexecute=1 rethrow=0 return_oop=0}
                      ; - (reexecute) java.util.LinkedHashMap$LinkedHashIterator::<init>@27
                      ; - java.util.LinkedHashMap$LinkedKeyIterator::<init>@3
                      ; - java.util.LinkedHashMap$LinkedKeySet::iterator@12
                      ; - java.util.HashSet::iterator@7
                      ; - java.util.Collections$UnmodifiableCollection$1::<init>@17
                      ; - java.util.Collections$UnmodifiableCollection::iterator@5
                      ; - org.eclipse.osgi.internal.loader.classpath.ClasspathEntry::findEntry@4 (line 203)
                      ; - org.eclipse.osgi.internal.loader.classpath.ClasspathManager::findClassImpl@95 (line 675)
  0x000001c8391a8630: cce6 75ff 

  0x000001c8391a8634: ;   {other}
  0x000001c8391a8634: 0f1f 8400 | 0000 0000 | baf6 ffff | ff48 8b6c | 2470 4c8b | 5424 784c | 8954 2420 | 4c8b 9424 
  0x000001c8391a8654: 8800 0000 | 4c89 5424 | 604c 8b94 | 2490 0000 | 004c 8954 | 2468 448b | 9424 8400 | 0000 4489 
  0x000001c8391a8674: 5424 444c | 8984 2480 | 0000 004c | 8984 2498 | 0000 004c | 898c 24a8 | 0000 0089 | 8424 a400 
  0x000001c8391a8694: 0000 89b4 | 24b0 0000 | 0066 6690 

  0x000001c8391a86a0: ;   {runtime_call UncommonTrapBlob}
  0x000001c8391a86a0: c5f8 77e8 

  0x000001c8391a86a4: ; ImmutableOopMap {rbp=Oop [32]=Oop [40]=Oop [48]=Oop [56]=Oop [64]=NarrowOop [72]=Oop [80]=Oop [88]=Oop [96]=Oop [104]=Oop [128]=Oop [152]=Oop [168]=Oop [176]=NarrowOop }
                      ;*arraylength {reexecute=0 rethrow=0 return_oop=0}
                      ; - java.util.WeakHashMap::expungeStaleEntries@32
                      ; - java.util.WeakHashMap::getTable@1
                      ; - java.util.WeakHashMap::put@13
                      ; - java.util.Collections$SetFromMap::add@8
                      ; - java.util.zip.ZipFile::getInputStream@231
                      ; - org.eclipse.osgi.storage.bundlefile.ZipBundleFile::doGetInputStream@5 (line 101)
                      ; - org.eclipse.osgi.storage.bundlefile.ZipBundleFile::doGetInputStream@5 (line 1)
                      ; - org.eclipse.osgi.storage.bundlefile.CloseableBundleFile::getInputStream@20 (line 487)
                      ; - org.eclipse.osgi.storage.bundlefile.ZipBundleEntry::getInputStream@8 (line 58)
                      ; - org.eclipse.osgi.storage.bundlefile.BundleEntry::getBytes@1 (line 97)
                      ; - org.eclipse.osgi.internal.loader.classpath.ClasspathManager::findClassImpl@109 (line 681)
  0x000001c8391a86a4: 58e6 75ff 

  0x000001c8391a86a8: ;   {other}
  0x000001c8391a86a8: 0f1f 8400 | 0000 0000 | baf6 ffff | ff48 8b6c | 2470 4c8b | 5c24 784c | 895c 2420 | 4c8b 9c24 
  0x000001c8391a86c8: 8800 0000 | 4c89 5c24 | 604c 8b9c | 2490 0000 | 004c 895c | 2468 448b | 8424 8400 | 0000 4489 
  0x000001c8391a86e8: 4424 444c | 8994 2480 | 0000 004c | 8994 2498 | 0000 0090 

  0x000001c8391a86fc: ;   {runtime_call UncommonTrapBlob}
  0x000001c8391a86fc: c5f8 77e8 

  0x000001c8391a8700: ; ImmutableOopMap {rbp=Oop [32]=Oop [40]=Oop [48]=Oop [56]=Oop [64]=NarrowOop [72]=Oop [80]=Oop [88]=Oop [96]=Oop [104]=Oop [128]=Oop [152]=Oop }
                      ;*invokevirtual poll {reexecute=0 rethrow=0 return_oop=0}
                      ; - java.util.WeakHashMap::expungeStaleEntries@4
                      ; - java.util.WeakHashMap::getTable@1
                      ; - java.util.WeakHashMap::put@13
                      ; - java.util.Collections$SetFromMap::add@8
                      ; - java.util.zip.ZipFile::getInputStream@231
                      ; - org.eclipse.osgi.storage.bundlefile.ZipBundleFile::doGetInputStream@5 (line 101)
                      ; - org.eclipse.osgi.storage.bundlefile.ZipBundleFile::doGetInputStream@5 (line 1)
                      ; - org.eclipse.osgi.storage.bundlefile.CloseableBundleFile::getInputStream@20 (line 487)
                      ; - org.eclipse.osgi.storage.bundlefile.ZipBundleEntry::getInputStream@8 (line 58)
                      ; - org.eclipse.osgi.storage.bundlefile.BundleEntry::getBytes@1 (line 97)
                      ; - org.eclipse.osgi.internal.loader.classpath.ClasspathManager::findClassImpl@109 (line 681)
  0x000001c8391a8700: fce5 75ff 

  0x000001c8391a8704: ;   {other}
  0x000001c8391a8704: 0f1f 8400 | 0000 0000 | baf6 ffff | ff48 8b6c | 2470 4c8b | 5c24 784c | 895c 2420 | 4c8b 9c24 
  0x000001c8391a8724: 8800 0000 | 4c89 5c24 | 604c 8b9c | 2490 0000 | 004c 895c | 2468 448b | 8424 8400 | 0000 4489 
  0x000001c8391a8744: 4424 444c | 8994 2480 | 0000 004c | 8994 2498 | 0000 004c | 898c 24a0 | 0000 0090 

  0x000001c8391a8760: ;   {runtime_call UncommonTrapBlob}
  0x000001c8391a8760: c5f8 77e8 

  0x000001c8391a8764: ; ImmutableOopMap {rbp=Oop [32]=Oop [40]=Oop [48]=Oop [56]=Oop [64]=NarrowOop [72]=Oop [80]=Oop [88]=Oop [96]=Oop [104]=Oop [128]=Oop [152]=Oop [160]=Oop }
                      ;*invokevirtual lock {reexecute=0 rethrow=0 return_oop=0}
                      ; - java.lang.ref.ReferenceQueue::poll@13
                      ; - java.util.WeakHashMap::expungeStaleEntries@4
                      ; - java.util.WeakHashMap::getTable@1
                      ; - java.util.WeakHashMap::put@13
                      ; - java.util.Collections$SetFromMap::add@8
                      ; - java.util.zip.ZipFile::getInputStream@231
                      ; - org.eclipse.osgi.storage.bundlefile.ZipBundleFile::doGetInputStream@5 (line 101)
                      ; - org.eclipse.osgi.storage.bundlefile.ZipBundleFile::doGetInputStream@5 (line 1)
                      ; - org.eclipse.osgi.storage.bundlefile.CloseableBundleFile::getInputStream@20 (line 487)
                      ; - org.eclipse.osgi.storage.bundlefile.ZipBundleEntry::getInputStream@8 (line 58)
                      ; - org.eclipse.osgi.storage.bundlefile.BundleEntry::getBytes@1 (line 97)
                      ; - org.eclipse.osgi.internal.loader.classpath.ClasspathManager::findClassImpl@109 (line 681)
  0x000001c8391a8764: 98e5 75ff 

  0x000001c8391a8768: ;   {other}
  0x000001c8391a8768: 0f1f 8400 | 0000 0000 | baf6 ffff | ff48 8b6c | 2470 4c8b | 5c24 784c | 895c 2420 | 4c8b 9c24 
  0x000001c8391a8788: 8800 0000 | 4c89 5c24 | 604c 8b9c | 2490 0000 | 004c 895c | 2468 448b | 8424 8400 | 0000 4489 
  0x000001c8391a87a8: 4424 444c | 8994 2480 | 0000 004c | 8994 2498 | 0000 004c | 898c 24a0 | 0000 0090 

  0x000001c8391a87c4: ;   {runtime_call UncommonTrapBlob}
  0x000001c8391a87c4: c5f8 77e8 

  0x000001c8391a87c8: ; ImmutableOopMap {rbp=Oop [32]=Oop [40]=Oop [48]=Oop [56]=Oop [64]=NarrowOop [72]=Oop [80]=Oop [88]=Oop [96]=Oop [104]=Oop [128]=Oop [152]=Oop [160]=Oop }
                      ;*invokevirtual lock {reexecute=0 rethrow=0 return_oop=0}
                      ; - java.util.concurrent.locks.ReentrantLock::lock@4
                      ; - java.lang.ref.ReferenceQueue::poll@13
                      ; - java.util.WeakHashMap::expungeStaleEntries@4
                      ; - java.util.WeakHashMap::getTable@1
                      ; - java.util.WeakHashMap::put@13
                      ; - java.util.Collections$SetFromMap::add@8
                      ; - java.util.zip.ZipFile::getInputStream@231
                      ; - org.eclipse.osgi.storage.bundlefile.ZipBundleFile::doGetInputStream@5 (line 101)
                      ; - org.eclipse.osgi.storage.bundlefile.ZipBundleFile::doGetInputStream@5 (line 1)
                      ; - org.eclipse.osgi.storage.bundlefile.CloseableBundleFile::getInputStream@20 (line 487)
                      ; - org.eclipse.osgi.storage.bundlefile.ZipBundleEntry::getInputStream@8 (line 58)
                      ; - org.eclipse.osgi.storage.bundlefile.BundleEntry::getBytes@1 (line 97)
                      ; - org.eclipse.osgi.internal.loader.classpath.ClasspathManager::findClassImpl@109 (line 681)
  0x000001c8391a87c8: 34e5 75ff 

  0x000001c8391a87cc: ;   {other}
  0x000001c8391a87cc: 0f1f 8400 | 0000 0000 | baf6 ffff | ff48 8b6c | 2470 4c8b | 5424 784c | 8954 2420 | 4c8b 9424 
  0x000001c8391a87ec: 8800 0000 | 4c89 5424 | 604c 8b94 | 2490 0000 | 004c 8954 | 2470 448b | 9424 8400 | 0000 4489 
  0x000001c8391a880c: 5424 4490 

  0x000001c8391a8810: ;   {runtime_call UncommonTrapBlob}
  0x000001c8391a8810: c5f8 77e8 

  0x000001c8391a8814: ; ImmutableOopMap {rbp=Oop [32]=Oop [40]=Oop [48]=Oop [56]=Oop [64]=NarrowOop [72]=Oop [80]=Oop [88]=Oop [96]=Oop [104]=Oop [112]=Oop [160]=Oop }
                      ;*invokevirtual unlock {reexecute=0 rethrow=0 return_oop=0}
                      ; - java.lang.ref.ReferenceQueue::poll@25
                      ; - java.util.WeakHashMap::expungeStaleEntries@4
                      ; - java.util.WeakHashMap::getTable@1
                      ; - java.util.WeakHashMap::put@13
                      ; - java.util.Collections$SetFromMap::add@8
                      ; - java.util.zip.ZipFile::getInputStream@231
                      ; - org.eclipse.osgi.storage.bundlefile.ZipBundleFile::doGetInputStream@5 (line 101)
                      ; - org.eclipse.osgi.storage.bundlefile.ZipBundleFile::doGetInputStream@5 (line 1)
                      ; - org.eclipse.osgi.storage.bundlefile.CloseableBundleFile::getInputStream@20 (line 487)
                      ; - org.eclipse.osgi.storage.bundlefile.ZipBundleEntry::getInputStream@8 (line 58)
                      ; - org.eclipse.osgi.storage.bundlefile.BundleEntry::getBytes@1 (line 97)
                      ; - org.eclipse.osgi.internal.loader.classpath.ClasspathManager::findClassImpl@109 (line 681)
  0x000001c8391a8814: e8e4 75ff 

  0x000001c8391a8818: ;   {other}
  0x000001c8391a8818: 0f1f 8400 | 0000 0000 | baf6 ffff | ff48 8b6c | 2470 4c8b | 5424 784c | 8954 2420 | 4c8b 9424 
  0x000001c8391a8838: 8800 0000 | 4c89 5424 | 604c 8b94 | 2490 0000 | 004c 8954 | 2470 448b | 9c24 8400 | 0000 4489 
  0x000001c8391a8858: 5c24 4490 

  0x000001c8391a885c: ;   {runtime_call UncommonTrapBlob}
  0x000001c8391a885c: c5f8 77e8 

  0x000001c8391a8860: ; ImmutableOopMap {rbp=Oop [32]=Oop [40]=Oop [48]=Oop [56]=Oop [64]=NarrowOop [72]=Oop [80]=Oop [88]=Oop [96]=Oop [104]=Oop [112]=Oop [160]=Oop }
                      ;*invokevirtual release {reexecute=0 rethrow=0 return_oop=0}
                      ; - java.util.concurrent.locks.ReentrantLock::unlock@5
                      ; - java.lang.ref.ReferenceQueue::poll@25
                      ; - java.util.WeakHashMap::expungeStaleEntries@4
                      ; - java.util.WeakHashMap::getTable@1
                      ; - java.util.WeakHashMap::put@13
                      ; - java.util.Collections$SetFromMap::add@8
                      ; - java.util.zip.ZipFile::getInputStream@231
                      ; - org.eclipse.osgi.storage.bundlefile.ZipBundleFile::doGetInputStream@5 (line 101)
                      ; - org.eclipse.osgi.storage.bundlefile.ZipBundleFile::doGetInputStream@5 (line 1)
                      ; - org.eclipse.osgi.storage.bundlefile.CloseableBundleFile::getInputStream@20 (line 487)
                      ; - org.eclipse.osgi.storage.bundlefile.ZipBundleEntry::getInputStream@8 (line 58)
                      ; - org.eclipse.osgi.storage.bundlefile.BundleEntry::getBytes@1 (line 97)
                      ; - org.eclipse.osgi.internal.loader.classpath.ClasspathManager::findClassImpl@109 (line 681)
  0x000001c8391a8860: 9ce4 75ff 

  0x000001c8391a8864: ;   {other}
  0x000001c8391a8864: 0f1f 8400 | 0000 0000 | baf6 ffff | ff44 8944 | 2450 4c89 | 4c24 604c | 895c 2468 

  0x000001c8391a8880: ;   {runtime_call UncommonTrapBlob}
  0x000001c8391a8880: c5f8 77e8 

  0x000001c8391a8884: ; ImmutableOopMap {[32]=Oop [40]=Oop [48]=Oop [56]=Oop [64]=Oop [72]=Oop [80]=NarrowOop [84]=NarrowOop [96]=Oop [104]=Oop [112]=Oop [120]=Oop }
                      ;*invokevirtual getBundleInfo {reexecute=0 rethrow=0 return_oop=0}
                      ; - org.eclipse.osgi.storage.bundlefile.CloseableBundleFile::lockOpen@75 (line 104)
                      ; - org.eclipse.osgi.storage.bundlefile.CloseableBundleFile::getInputStream@1 (line 483)
                      ; - org.eclipse.osgi.storage.bundlefile.ZipBundleEntry::getInputStream@8 (line 58)
                      ; - org.eclipse.osgi.storage.bundlefile.BundleEntry::getBytes@1 (line 97)
                      ; - org.eclipse.osgi.internal.loader.classpath.ClasspathManager::findClassImpl@109 (line 681)
  0x000001c8391a8884: 78e4 75ff 

  0x000001c8391a8888: ;   {other}
  0x000001c8391a8888: 0f1f 8400 | 0000 0000 | baf6 ffff | ff44 8944 | 2450 4c89 | 4c24 604c | 895c 2468 

  0x000001c8391a88a4: ;   {runtime_call UncommonTrapBlob}
  0x000001c8391a88a4: c5f8 77e8 

  0x000001c8391a88a8: ; ImmutableOopMap {[32]=Oop [40]=Oop [48]=Oop [56]=Oop [64]=Oop [72]=Oop [80]=NarrowOop [84]=NarrowOop [96]=Oop [104]=Oop [112]=Oop [120]=Oop }
                      ;*invokevirtual getStorage {reexecute=0 rethrow=0 return_oop=0}
                      ; - org.eclipse.osgi.storage.bundlefile.CloseableBundleFile::lockOpen@78 (line 104)
                      ; - org.eclipse.osgi.storage.bundlefile.CloseableBundleFile::getInputStream@1 (line 483)
                      ; - org.eclipse.osgi.storage.bundlefile.ZipBundleEntry::getInputStream@8 (line 58)
                      ; - org.eclipse.osgi.storage.bundlefile.BundleEntry::getBytes@1 (line 97)
                      ; - org.eclipse.osgi.internal.loader.classpath.ClasspathManager::findClassImpl@109 (line 681)
  0x000001c8391a88a8: 54e4 75ff 

  0x000001c8391a88ac: ;   {other}
  0x000001c8391a88ac: 0f1f 8400 | 0000 0000 | baf6 ffff | ff44 8944 | 2450 4c89 | 4c24 604c | 895c 2468 

  0x000001c8391a88c8: ;   {runtime_call UncommonTrapBlob}
  0x000001c8391a88c8: c5f8 77e8 

  0x000001c8391a88cc: ; ImmutableOopMap {[32]=Oop [40]=Oop [48]=Oop [56]=Oop [64]=Oop [72]=Oop [80]=NarrowOop [84]=NarrowOop [96]=Oop [104]=Oop [112]=Oop [120]=Oop }
                      ;*invokevirtual getAdaptor {reexecute=0 rethrow=0 return_oop=0}
                      ; - org.eclipse.osgi.storage.bundlefile.CloseableBundleFile::lockOpen@81 (line 104)
                      ; - org.eclipse.osgi.storage.bundlefile.CloseableBundleFile::getInputStream@1 (line 483)
                      ; - org.eclipse.osgi.storage.bundlefile.ZipBundleEntry::getInputStream@8 (line 58)
                      ; - org.eclipse.osgi.storage.bundlefile.BundleEntry::getBytes@1 (line 97)
                      ; - org.eclipse.osgi.internal.loader.classpath.ClasspathManager::findClassImpl@109 (line 681)
  0x000001c8391a88cc: 30e4 75ff 

  0x000001c8391a88d0: ;   {other}
  0x000001c8391a88d0: 0f1f 8400 | 0000 0000 | baf6 ffff | ff44 8944 | 2450 4489 | 5424 604c | 895c 2468 

  0x000001c8391a88ec: ;   {runtime_call UncommonTrapBlob}
  0x000001c8391a88ec: c5f8 77e8 

  0x000001c8391a88f0: ; ImmutableOopMap {[32]=Oop [40]=Oop [48]=Oop [56]=Oop [64]=Oop [72]=Oop [80]=NarrowOop [84]=NarrowOop [96]=NarrowOop [104]=Oop [112]=Oop [120]=Oop }
                      ;*invokevirtual getModule {reexecute=0 rethrow=0 return_oop=0}
                      ; - org.eclipse.osgi.storage.bundlefile.CloseableBundleFile::lockOpen@89 (line 105)
                      ; - org.eclipse.osgi.storage.bundlefile.CloseableBundleFile::getInputStream@1 (line 483)
                      ; - org.eclipse.osgi.storage.bundlefile.ZipBundleEntry::getInputStream@8 (line 58)
                      ; - org.eclipse.osgi.storage.bundlefile.BundleEntry::getBytes@1 (line 97)
                      ; - org.eclipse.osgi.internal.loader.classpath.ClasspathManager::findClassImpl@109 (line 681)
  0x000001c8391a88f0: 0ce4 75ff 

  0x000001c8391a88f4: ;   {other}
  0x000001c8391a88f4: 0f1f 8400 | 0000 0000 | 488b d8e9 | 4904 0000 | e904 0600 | 0048 8bd8 | e93c 0400 | 0048 8984 
  0x000001c8391a8914: 2480 0000 | 00e9 0a02 | 0000 488b | d8e9 2704 | 0000 488b | d8e9 1f04 | 0000 e93d | 0600 00e9 
  0x000001c8391a8934: 3806 0000 | e9d0 0500 | 00e9 cb05 | 0000 e929 | 0600 00e9 | c105 0000 | e9bc 0500 | 00e9 b705 
  0x000001c8391a8954: 0000 e915 | 0600 0048 | 8bd8 e9ea | 0300 0048 | 8944 2420 | 448b 5518 | 4585 d20f | 849b 0700 
  0x000001c8391a8974: 0049 8bd2 

  0x000001c8391a8978: ;   {optimized virtual_call}
  0x000001c8391a8978: c5f8 77e8 

  0x000001c8391a897c: ; ImmutableOopMap {[32]=Oop [40]=Oop [48]=Oop [56]=Oop [72]=Oop [80]=Oop [88]=Oop [96]=Oop [104]=Oop [112]=Oop [120]=Oop [136]=Oop [144]=Oop }
                      ;*invokevirtual unlock {reexecute=0 rethrow=0 return_oop=0}
                      ; - java.lang.ref.ReferenceQueue::poll@35
                      ; - java.util.WeakHashMap::expungeStaleEntries@4
                      ; - java.util.WeakHashMap::getTable@1
                      ; - java.util.WeakHashMap::put@13
                      ; - java.util.Collections$SetFromMap::add@8
                      ; - java.util.zip.ZipFile::getInputStream@231
                      ; - org.eclipse.osgi.storage.bundlefile.ZipBundleFile::doGetInputStream@5 (line 101)
                      ; - org.eclipse.osgi.storage.bundlefile.ZipBundleFile::doGetInputStream@5 (line 1)
                      ; - org.eclipse.osgi.storage.bundlefile.CloseableBundleFile::getInputStream@20 (line 487)
                      ; - org.eclipse.osgi.storage.bundlefile.ZipBundleEntry::getInputStream@8 (line 58)
                      ; - org.eclipse.osgi.storage.bundlefile.BundleEntry::getBytes@1 (line 97)
                      ; - org.eclipse.osgi.internal.loader.classpath.ClasspathManager::findClassImpl@109 (line 681)
  0x000001c8391a897c: 0062 75ff 

  0x000001c8391a8980: ;   {other}
  0x000001c8391a8980: 0f1f 8400 | 0000 0000 | 488b 5c24 | 20e9 bb03 | 0000 488b | d8e9 b604 | 0000 488b | d8e9 ae04 
  0x000001c8391a89a0: 0000 488b | d8e9 a303 | 0000 e95e | 0500 00e9 | bc05 0000 | e9b7 0500 | 00e9 b205 | 0000 488b 
  0x000001c8391a89c0: e844 8b5c | 2450 458b | 531c 4585 | d20f 8425 | 0700 0049 | 8bd2 6690 

  0x000001c8391a89d8: ;   {optimized virtual_call}
  0x000001c8391a89d8: c5f8 77e8 

  0x000001c8391a89dc: ; ImmutableOopMap {rbp=Oop [40]=Oop [48]=Oop [56]=Oop [64]=Oop [72]=Oop [80]=NarrowOop [84]=NarrowOop [96]=Oop [112]=Oop [120]=Oop }
                      ;*invokevirtual lock {reexecute=0 rethrow=0 return_oop=0}
                      ; - org.eclipse.osgi.storage.bundlefile.CloseableBundleFile::internalOpen@35 (line 139)
                      ; - org.eclipse.osgi.storage.bundlefile.CloseableBundleFile::lockOpen@8 (line 87)
                      ; - org.eclipse.osgi.storage.bundlefile.CloseableBundleFile::getInputStream@1 (line 483)
                      ; - org.eclipse.osgi.storage.bundlefile.ZipBundleEntry::getInputStream@8 (line 58)
                      ; - org.eclipse.osgi.storage.bundlefile.BundleEntry::getBytes@1 (line 97)
                      ; - org.eclipse.osgi.internal.loader.classpath.ClasspathManager::findClassImpl@109 (line 681)
  0x000001c8391a89dc: a061 75ff 

  0x000001c8391a89e0: ;   {other}
  0x000001c8391a89e0: 0f1f 8400 | 0000 0000 | 4889 ac24 | 8000 0000 | e933 0100 | 0048 8984 | 2480 0000 | 00e9 2601 
  0x000001c8391a8a00: 0000 4889 | 8424 8000 | 0000 e919 | 0100 0048 | 8984 2480 | 0000 00e9 | 0c01 0000 | 488b d8e9 
  0x000001c8391a8a20: 2903 0000 | 488b d8e9 | 2103 0000 | e93f 0500 | 00e9 3a05 | 0000 488b | d8e9 0f03 | 0000 488b 
  0x000001c8391a8a40: e8e9 ad04 | 0000 488b | d8e9 0204 | 0000 488b | d8e9 fa03 | 0000 488b | d8e9 f203 | 0000 488b 
  0x000001c8391a8a60: d8e9 ea03 | 0000 488b | d8e9 e203 | 0000 488b | d8e9 da03 | 0000 eb58 | e990 0400 | 0048 8bd8 
  0x000001c8391a8a80: e9c8 0200 | 00e9 e604 | 0000 e9e1 | 0400 00e9 | dc04 0000 | e9d7 0400 | 00e9 d204 | 0000 e9cd 
  0x000001c8391a8aa0: 0400 00e9 | c804 0000 | e9c3 0400 | 0048 8bd8 | e998 0200 

  0x000001c8391a8ab4: ;   {oop(a 'org/eclipse/osgi/container/ModuleContainerAdaptor$ContainerEvent'{0x00000000801a23d0})}
  0x000001c8391a8ab4: 0049 bbd0 | 231a 8000 | 0000 0048 | 8b4c 2458 | 4c8b 4c24 | 68e9 6601 | 0000 eb00 | 488b e8e9 
  0x000001c8391a8ad4: 1b04 0000 | 488b d8e9 | 6d02 0000 | 488b d8e9 | 6502 0000 | e983 0400 | 00e9 7e04 | 0000 e979 
  0x000001c8391a8af4: 0400 00e9 | 7404 0000 | 488b d8e9 | 4902 0000 | 488b d8e9 | 4102 0000 | e95f 0400 | 00e9 5a04 
  0x000001c8391a8b14: 0000 4889 | 8424 8000 | 0000 eb08 | 4889 8424 | 8000 0000 | 448b 5c24 | 5045 8b43 | 1c45 85c0 
  0x000001c8391a8b34: 0f84 3205 | 0000 8b6c | 2450 498b | d066 6690 

  0x000001c8391a8b44: ;   {optimized virtual_call}
  0x000001c8391a8b44: c5f8 77e8 

  0x000001c8391a8b48: ; ImmutableOopMap {rbp=NarrowOop [40]=Oop [48]=Oop [56]=Oop [64]=Oop [72]=Oop [84]=NarrowOop [96]=Oop [112]=Oop [120]=Oop [128]=Oop }
                      ;*invokevirtual unlock {reexecute=0 rethrow=0 return_oop=0}
                      ; - org.eclipse.osgi.storage.bundlefile.CloseableBundleFile::lockOpen@18 (line 91)
                      ; - org.eclipse.osgi.storage.bundlefile.CloseableBundleFile::getInputStream@1 (line 483)
                      ; - org.eclipse.osgi.storage.bundlefile.ZipBundleEntry::getInputStream@8 (line 58)
                      ; - org.eclipse.osgi.storage.bundlefile.BundleEntry::getBytes@1 (line 97)
                      ; - org.eclipse.osgi.internal.loader.classpath.ClasspathManager::findClassImpl@109 (line 681)
  0x000001c8391a8b48: 3460 75ff 

  0x000001c8391a8b4c: ;   {other}
  0x000001c8391a8b4c: 0f1f 8400 | 0000 0000 | 8bcd 448b | 4128 4c8b | 8c24 8000 | 0000 458b | 5108 49bb | 0000 0045 
  0x000001c8391a8b6c: c801 0000 | 4d03 da4d | 8b5b 4845 | 85c0 0f84 | 6201 0000 | 4c89 5c24 | 5848 ffb4 | 2480 0000 
  0x000001c8391a8b8c: 0048 8f44 | 2420 498b | d066 6690 

  0x000001c8391a8b98: ;   {optimized virtual_call}
  0x000001c8391a8b98: c5f8 77e8 

  0x000001c8391a8b9c: ; ImmutableOopMap {rbp=NarrowOop [32]=Oop [40]=Oop [48]=Oop [56]=Oop [64]=Oop [72]=Oop [84]=NarrowOop [96]=Oop [112]=Oop [120]=Oop }
                      ;*invokevirtual getRevision {reexecute=0 rethrow=0 return_oop=1}
                      ; - org.eclipse.osgi.storage.bundlefile.CloseableBundleFile::lockOpen@32 (line 93)
                      ; - org.eclipse.osgi.storage.bundlefile.CloseableBundleFile::getInputStream@1 (line 483)
                      ; - org.eclipse.osgi.storage.bundlefile.ZipBundleEntry::getInputStream@8 (line 58)
                      ; - org.eclipse.osgi.storage.bundlefile.BundleEntry::getBytes@1 (line 97)
                      ; - org.eclipse.osgi.internal.loader.classpath.ClasspathManager::findClassImpl@109 (line 681)
  0x000001c8391a8b9c: e05f 75ff 

  0x000001c8391a8ba0: ;   {other}
  0x000001c8391a8ba0: 0f1f 8400 | 0000 0000 | 4c8b c848 | 85c0 0f84 | de03 0000 | 488b 4c24 

  0x000001c8391a8bb8: ;   {metadata('java/io/IOException')}
  0x000001c8391a8bb8: 5849 ba28 | 5604 46c8 | 0100 0049 | 3bca 0f85 | b703 0000 | 448b 5020 | 4585 d20f | 84fb 0400 
  0x000001c8391a8bd8: 0048 8944 | 2468 498b | d266 6690 

  0x000001c8391a8be4: ;   {optimized virtual_call}
  0x000001c8391a8be4: c5f8 77e8 

  0x000001c8391a8be8: ; ImmutableOopMap {rbp=NarrowOop [32]=Oop [40]=Oop [48]=Oop [56]=Oop [64]=Oop [72]=Oop [84]=NarrowOop [96]=Oop [104]=Oop [112]=Oop [120]=Oop }
                      ;*invokevirtual getModuleRevisions {reexecute=0 rethrow=0 return_oop=1}
                      ; - org.eclipse.osgi.storage.bundlefile.CloseableBundleFile::lockOpen@55 (line 99)
                      ; - org.eclipse.osgi.storage.bundlefile.CloseableBundleFile::getInputStream@1 (line 483)
                      ; - org.eclipse.osgi.storage.bundlefile.ZipBundleEntry::getInputStream@8 (line 58)
                      ; - org.eclipse.osgi.storage.bundlefile.BundleEntry::getBytes@1 (line 97)
                      ; - org.eclipse.osgi.internal.loader.classpath.ClasspathManager::findClassImpl@109 (line 681)
  0x000001c8391a8be8: 945f 75ff 

  0x000001c8391a8bec: ;   {other}
  0x000001c8391a8bec: 0f1f 8400 | 0000 0000 | 488b d04c | 8b44 2468 | 6690 c5f8 | 7748 b8ff | ffff ffff 

  0x000001c8391a8c08: ;   {virtual_call}
  0x000001c8391a8c08: ffff ffe8 

  0x000001c8391a8c0c: ; ImmutableOopMap {rbp=NarrowOop [32]=Oop [40]=Oop [48]=Oop [56]=Oop [64]=Oop [72]=Oop [84]=NarrowOop [96]=Oop [104]=Oop [112]=Oop [120]=Oop }
                      ;*invokeinterface contains {reexecute=0 rethrow=0 return_oop=0}
                      ; - org.eclipse.osgi.storage.bundlefile.CloseableBundleFile::lockOpen@59 (line 99)
                      ; - org.eclipse.osgi.storage.bundlefile.CloseableBundleFile::getInputStream@1 (line 483)
                      ; - org.eclipse.osgi.storage.bundlefile.ZipBundleEntry::getInputStream@8 (line 58)
                      ; - org.eclipse.osgi.storage.bundlefile.BundleEntry::getBytes@1 (line 97)
                      ; - org.eclipse.osgi.internal.loader.classpath.ClasspathManager::findClassImpl@109 (line 681)
  0x000001c8391a8c0c: 7064 75ff 

  0x000001c8391a8c10: ;   {other}
  0x000001c8391a8c10: 0f1f 8400 | 0000 0000 | 85c0 0f84 | 95fe ffff 

  0x000001c8391a8c20: ;   {oop(a 'org/eclipse/osgi/container/ModuleContainerAdaptor$ContainerEvent'{0x00000000801a23b8})}
  0x000001c8391a8c20: 49bb b823 | 1a80 0000 | 0000 488b | 4c24 584c | 8b4c 2468 | 448b c545 | 8b50 2841 | 8b5a 4c44 
  0x000001c8391a8c40: 8b53 0c45 | 8b52 3441 | 8b59 208b | 6b14 4d8b | 8fc8 0100 | 0049 8b87 | b801 0000 | 488b d848 
  0x000001c8391a8c60: 83c3 1049 | 3bd9 0f83 | 3503 0000 | 4989 9fb8 | 0100 000f | 0d8b c000 | 0000 48c7 | 0001 0000 
  0x000001c8391a8c80: 000f 0d8b | 0001 0000 

  0x000001c8391a8c88: ;   {metadata('org/osgi/framework/FrameworkListener'[])}
  0x000001c8391a8c88: c740 0810 | 6c11 010f | 0d8b 4001 | 0000 4489 | 600c 0f0d | 8b80 0100 | 004c 8bc8 | 4585 d20f 
  0x000001c8391a8ca8: 84ef 0300 | 0049 8bd9 | 4889 4c24 | 584c 8bcd | 498b d24d | 8bc3 488b | 7c24 2048 | 8bf3 6690 
  0x000001c8391a8cc8: ;   {optimized virtual_call}
  0x000001c8391a8cc8: c5f8 77e8 

  0x000001c8391a8ccc: ; ImmutableOopMap {[32]=Oop [40]=Oop [48]=Oop [56]=Oop [64]=Oop [72]=Oop [84]=NarrowOop [96]=Oop [112]=Oop [120]=Oop }
                      ;*invokevirtual publishContainerEvent {reexecute=0 rethrow=0 return_oop=0}
                      ; - org.eclipse.osgi.storage.bundlefile.CloseableBundleFile::lockOpen@97 (line 104)
                      ; - org.eclipse.osgi.storage.bundlefile.CloseableBundleFile::getInputStream@1 (line 483)
                      ; - org.eclipse.osgi.storage.bundlefile.ZipBundleEntry::getInputStream@8 (line 58)
                      ; - org.eclipse.osgi.storage.bundlefile.BundleEntry::getBytes@1 (line 97)
                      ; - org.eclipse.osgi.internal.loader.classpath.ClasspathManager::findClassImpl@109 (line 681)
  0x000001c8391a8ccc: b05e 75ff 

  0x000001c8391a8cd0: ;   {other}
  0x000001c8391a8cd0: 0f1f 8400 | 0000 0000 | 4c8b 4c24 | 204c 8b5c 

  0x000001c8391a8ce0: ;   {metadata('java/io/IOException')}
  0x000001c8391a8ce0: 2458 49ba | 2856 0446 | c801 0000 | 4d3b da0f | 848f 0300 | 0049 8bc1 | e910 0200 | 00e9 6e02 
  0x000001c8391a8d00: 0000 488b | d8e9 4601 | 0000 488b | d8e9 3e01 | 0000 e959 | 0200 00e9 | 5402 0000 | 488b d8eb 
  0x000001c8391a8d20: 2c48 8944 | 2420 448b | 5d18 4585 | db0f 84ee | 0200 0049 | 8bd3 6690 

  0x000001c8391a8d38: ;   {optimized virtual_call}
  0x000001c8391a8d38: c5f8 77e8 

  0x000001c8391a8d3c: ; ImmutableOopMap {[32]=Oop [40]=Oop [48]=Oop [56]=Oop [72]=Oop [80]=Oop [88]=Oop [96]=Oop [104]=Oop [112]=Oop [120]=Oop [136]=Oop [144]=Oop }
                      ;*invokevirtual unlock {reexecute=0 rethrow=0 return_oop=0}
                      ; - java.lang.ref.ReferenceQueue::poll@35
                      ; - java.util.WeakHashMap::expungeStaleEntries@4
                      ; - java.util.WeakHashMap::getTable@1
                      ; - java.util.WeakHashMap::put@13
                      ; - java.util.Collections$SetFromMap::add@8
                      ; - java.util.zip.ZipFile::getInputStream@231
                      ; - org.eclipse.osgi.storage.bundlefile.ZipBundleFile::doGetInputStream@5 (line 101)
                      ; - org.eclipse.osgi.storage.bundlefile.ZipBundleFile::doGetInputStream@5 (line 1)
                      ; - org.eclipse.osgi.storage.bundlefile.CloseableBundleFile::getInputStream@20 (line 487)
                      ; - org.eclipse.osgi.storage.bundlefile.ZipBundleEntry::getInputStream@8 (line 58)
                      ; - org.eclipse.osgi.storage.bundlefile.BundleEntry::getBytes@1 (line 97)
                      ; - org.eclipse.osgi.internal.loader.classpath.ClasspathManager::findClassImpl@109 (line 681)
  0x000001c8391a8d3c: 405e 75ff 

  0x000001c8391a8d40: ;   {other}
  0x000001c8391a8d40: 0f1f 8400 | 0000 0000 | 488b 5c24 | 204c 8b5c | 2450 488d | 8424 f800 | 0000 4883 | 3800 0f84 
  0x000001c8391a8d60: 7900 0000 | 4d8b 1341 | f6c2 020f | 8462 0000 | 0049 83ba | 8600 0000 | 0074 0949 | ff8a 8600 
  0x000001c8391a8d80: 0000 eb4b | 498b 8296 | 0000 0049 | 0b82 8e00 | 0000 750a | 49c7 423e | 0000 0000 | eb3d 4983 
  0x000001c8391a8da0: ba9e 0000 | 0000 7422 | 4833 c049 | c742 3e00 | 0000 00f0 | 8304 2400 | 4983 ba9e | 0000 0000 
  0x000001c8391a8dc0: 750d f04d | 0fb1 7a3e | 7505 83c8 | 01eb 0ca8 | 00eb 084c | 8b10 f04d | 0fb1 1375 | 0a49 ff8f 
  0x000001c8391a8de0: 5005 0000 | 4533 d274 | 6748 8b4c | 2450 488d | 9424 f800 | 0000 4d8b | c7c5 f877 | 49ba 40d9 
  0x000001c8391a8e00: 5c34 f97f | 0000 41ff 

  0x000001c8391a8e08: ;   {other}
  0x000001c8391a8e08: d20f 1f84 | 0000 0000 | 00eb 3d44 

  0x000001c8391a8e14: ;   {metadata('java/lang/Error')}
  0x000001c8391a8e14: 8b58 0849 | baa0 0901 | 45c8 0100 | 0049 b800 | 0000 45c8 | 0100 004d | 03c3 4d8b | 5840 4d3b 
  0x000001c8391a8e34: da0f 8535 | 0100 0048 | 8bd0 e930 | 0100 00e9 | 2801 0000 | e923 0100 | 0048 8bd8 | 4c8b 5c24 
  0x000001c8391a8e54: 4848 8d84 | 24f0 0000 | 0048 8338 | 000f 8479 | 0000 004d | 8b13 41f6 | c202 0f84 | 6200 0000 
  0x000001c8391a8e74: 4983 ba86 | 0000 0000 | 7409 49ff | 8a86 0000 | 00eb 4b49 | 8b82 9600 | 0000 490b | 828e 0000 
  0x000001c8391a8e94: 0075 0a49 | c742 3e00 | 0000 00eb | 3d49 83ba | 9e00 0000 | 0074 2248 | 33c0 49c7 | 423e 0000 
  0x000001c8391a8eb4: 0000 f083 | 0424 0049 | 83ba 9e00 | 0000 0075 | 0df0 4d0f | b17a 3e75 | 0583 c801 | eb0c a800 
  0x000001c8391a8ed4: eb08 4c8b | 10f0 4d0f | b113 750a | 49ff 8f50 | 0500 0045 | 33d2 0f85 | 0401 0000 | 488b eb48 
  0x000001c8391a8ef4: 8b54 2460 

  0x000001c8391a8ef8: ;   {optimized virtual_call}
  0x000001c8391a8ef8: c5f8 77e8 

  0x000001c8391a8efc: ; ImmutableOopMap {rbp=Oop [40]=Oop [48]=Oop [56]=Oop [112]=Oop [120]=Oop [136]=Oop [144]=Oop }
                      ;*invokevirtual releaseOpen {reexecute=0 rethrow=0 return_oop=0}
                      ; - org.eclipse.osgi.storage.bundlefile.CloseableBundleFile::getInputStream@53 (line 493)
                      ; - org.eclipse.osgi.storage.bundlefile.ZipBundleEntry::getInputStream@8 (line 58)
                      ; - org.eclipse.osgi.storage.bundlefile.BundleEntry::getBytes@1 (line 97)
                      ; - org.eclipse.osgi.internal.loader.classpath.ClasspathManager::findClassImpl@109 (line 681)
  0x000001c8391a8efc: 805c 75ff 

  0x000001c8391a8f00: ;   {other}
  0x000001c8391a8f00: 0f1f 8400 | 0000 0000 | 488b c5eb | 0044 8b50 | 0849 bb00 | 0000 45c8 | 0100 004d | 03da eb24 
  0x000001c8391a8f20: 448b 5008 | 49bb 0000 | 0045 c801 | 0000 4d03 | daeb 1144 | 8b50 0849 | bb00 0000 | 45c8 0100 
  0x000001c8391a8f40: 004d 03da | 4d8b 5348 

  0x000001c8391a8f48: ;   {metadata('java/io/IOException')}
  0x000001c8391a8f48: 49bb 2856 | 0446 c801 | 0000 4d3b | d375 1948 | 8be8 bac6 | 0200 0090 

  0x000001c8391a8f60: ;   {runtime_call UncommonTrapBlob}
  0x000001c8391a8f60: c5f8 77e8 

  0x000001c8391a8f64: ; ImmutableOopMap {rbp=Oop [120]=Oop }
                      ;*new {reexecute=0 rethrow=0 return_oop=0}
                      ; - org.eclipse.osgi.internal.loader.classpath.ClasspathManager::findClassImpl@164 (line 686)
  0x000001c8391a8f64: 98dd 75ff 

  0x000001c8391a8f68: ;   {other}
  0x000001c8391a8f68: 0f1f 8400 | 0000 0000 | 488b d0c5 | f877 4881 | c410 0100 

  0x000001c8391a8f7c: ;   {runtime_call _rethrow_Java}
  0x000001c8391a8f7c: 005d e9fd 

  0x000001c8391a8f80: ;   {oop(a 'org/eclipse/osgi/container/ModuleContainerAdaptor$ContainerEvent'{0x00000000801a23b8})}
  0x000001c8391a8f80: 6d81 ff49 | bbb8 231a | 8000 0000 | 00e9 a2fc | ffff 4c8b | 4c24 204c | 8b5c 2458 | e941 fdff 
  0x000001c8391a8fa0: ff44 8994 | 2480 0000 | 004c 895c | 2468 4889 | 4c24 5844 | 8944 2450 

  0x000001c8391a8fb8: ;   {metadata('org/osgi/framework/FrameworkListener'[])}
  0x000001c8391a8fb8: 48ba 106c | 1146 c801 | 0000 4533 | c066 6690 

  0x000001c8391a8fc8: ;   {runtime_call _new_array_Java}
  0x000001c8391a8fc8: c5f8 77e8 

  0x000001c8391a8fcc: ; ImmutableOopMap {rbp=NarrowOop [32]=Oop [40]=Oop [48]=Oop [56]=Oop [64]=Oop [72]=Oop [80]=NarrowOop [84]=NarrowOop [96]=Oop [104]=Oop [112]=Oop [120]=Oop [128]=NarrowOop }
                      ;*anewarray {reexecute=0 rethrow=0 return_oop=1}
                      ; - org.eclipse.osgi.storage.bundlefile.CloseableBundleFile::lockOpen@94 (line 105)
                      ; - org.eclipse.osgi.storage.bundlefile.CloseableBundleFile::getInputStream@1 (line 483)
                      ; - org.eclipse.osgi.storage.bundlefile.ZipBundleEntry::getInputStream@8 (line 58)
                      ; - org.eclipse.osgi.storage.bundlefile.BundleEntry::getBytes@1 (line 97)
                      ; - org.eclipse.osgi.internal.loader.classpath.ClasspathManager::findClassImpl@109 (line 681)
  0x000001c8391a8fcc: b0f7 80ff 

  0x000001c8391a8fd0: ;   {other}
  0x000001c8391a8fd0: 0f1f 8400 | 0000 0000 | 448b 4424 | 5048 8b4c | 2458 4c8b | 5c24 6844 | 8b94 2480 | 0000 00e9 
  0x000001c8391a8ff0: adfc ffff | 488b 4c24 | 4848 8d94 | 24f0 0000 | 004d 8bc7 | c5f8 7749 | ba40 d95c | 34f9 7f00 
  0x000001c8391a9010: 0041 ffd2 

  0x000001c8391a9014: ;   {other}
  0x000001c8391a9014: 0f1f 8400 | 0000 0000 | e9cf feff | ffba f6ff | ffff 488b | 6c24 704c | 8b54 2478 | 4c89 5424 
  0x000001c8391a9034: 604c 8b94 | 2488 0000 | 004c 8954 | 2470 4c8b | 9424 9000 | 0000 4c89 | 5424 7844 | 8b94 2484 
  0x000001c8391a9054: 0000 0044 | 8954 2444 

  0x000001c8391a905c: ;   {runtime_call UncommonTrapBlob}
  0x000001c8391a905c: c5f8 77e8 

  0x000001c8391a9060: ; ImmutableOopMap {rbp=Oop [32]=Oop [40]=Oop [48]=Oop [56]=Oop [64]=NarrowOop [72]=Oop [80]=Oop [88]=Oop [96]=Oop [104]=Oop [112]=Oop [120]=Oop }
                      ;*invokevirtual unlock {reexecute=0 rethrow=0 return_oop=0}
                      ; - java.lang.ref.ReferenceQueue::poll@35
                      ; - java.util.WeakHashMap::expungeStaleEntries@4
                      ; - java.util.WeakHashMap::getTable@1
                      ; - java.util.WeakHashMap::put@13
                      ; - java.util.Collections$SetFromMap::add@8
                      ; - java.util.zip.ZipFile::getInputStream@231
                      ; - org.eclipse.osgi.storage.bundlefile.ZipBundleFile::doGetInputStream@5 (line 101)
                      ; - org.eclipse.osgi.storage.bundlefile.ZipBundleFile::doGetInputStream@5 (line 1)
                      ; - org.eclipse.osgi.storage.bundlefile.CloseableBundleFile::getInputStream@20 (line 487)
                      ; - org.eclipse.osgi.storage.bundlefile.ZipBundleEntry::getInputStream@8 (line 58)
                      ; - org.eclipse.osgi.storage.bundlefile.BundleEntry::getBytes@1 (line 97)
                      ; - org.eclipse.osgi.internal.loader.classpath.ClasspathManager::findClassImpl@109 (line 681)
  0x000001c8391a9060: 9cdc 75ff 

  0x000001c8391a9064: ;   {other}
  0x000001c8391a9064: 0f1f 8400 | 0000 0000 | baf6 ffff | ff66 6690 

  0x000001c8391a9074: ;   {runtime_call UncommonTrapBlob}
  0x000001c8391a9074: c5f8 77e8 

  0x000001c8391a9078: ; ImmutableOopMap {[40]=Oop [48]=Oop [56]=Oop [64]=Oop [72]=Oop [80]=NarrowOop [84]=NarrowOop [112]=Oop [120]=Oop [128]=Oop }
                      ;*invokevirtual unlock {reexecute=0 rethrow=0 return_oop=0}
                      ; - org.eclipse.osgi.storage.bundlefile.CloseableBundleFile::lockOpen@18 (line 91)
                      ; - org.eclipse.osgi.storage.bundlefile.CloseableBundleFile::getInputStream@1 (line 483)
                      ; - org.eclipse.osgi.storage.bundlefile.ZipBundleEntry::getInputStream@8 (line 58)
                      ; - org.eclipse.osgi.storage.bundlefile.BundleEntry::getBytes@1 (line 97)
                      ; - org.eclipse.osgi.internal.loader.classpath.ClasspathManager::findClassImpl@109 (line 681)
  0x000001c8391a9078: 84dc 75ff 

  0x000001c8391a907c: ;   {other}
  0x000001c8391a907c: 0f1f 8400 | 0000 0000 | ba45 ffff | ff66 6690 

  0x000001c8391a908c: ;   {runtime_call UncommonTrapBlob}
  0x000001c8391a908c: c5f8 77e8 

  0x000001c8391a9090: ; ImmutableOopMap {[40]=Oop [48]=Oop [56]=Oop [64]=Oop [72]=Oop [112]=Oop [120]=Oop }
                      ;*ifne {reexecute=1 rethrow=0 return_oop=0}
                      ; - (reexecute) org.eclipse.osgi.storage.bundlefile.CloseableBundleFile::getInputStream@4 (line 483)
                      ; - org.eclipse.osgi.storage.bundlefile.ZipBundleEntry::getInputStream@8 (line 58)
                      ; - org.eclipse.osgi.storage.bundlefile.BundleEntry::getBytes@1 (line 97)
                      ; - org.eclipse.osgi.internal.loader.classpath.ClasspathManager::findClassImpl@109 (line 681)
  0x000001c8391a9090: 6cdc 75ff 

  0x000001c8391a9094: ;   {other}
  0x000001c8391a9094: 0f1f 8400 | 0000 0000 | baf6 ffff | ff4c 8b54 | 2470 4c89 | 5424 584c | 8b54 2478 | 4c89 5424 
  0x000001c8391a90b4: 6044 8944 | 2450 4c89 | 5c24 684c | 894c 2478 

  0x000001c8391a90c4: ;   {runtime_call UncommonTrapBlob}
  0x000001c8391a90c4: c5f8 77e8 

  0x000001c8391a90c8: ; ImmutableOopMap {rbp=NarrowOop [32]=Oop [40]=Oop [48]=Oop [56]=Oop [64]=Oop [72]=Oop [80]=NarrowOop [84]=NarrowOop [88]=Oop [96]=Oop [104]=Oop [120]=Oop }
                      ;*invokevirtual publishContainerEvent {reexecute=0 rethrow=0 return_oop=0}
                      ; - org.eclipse.osgi.storage.bundlefile.CloseableBundleFile::lockOpen@97 (line 104)
                      ; - org.eclipse.osgi.storage.bundlefile.CloseableBundleFile::getInputStream@1 (line 483)
                      ; - org.eclipse.osgi.storage.bundlefile.ZipBundleEntry::getInputStream@8 (line 58)
                      ; - org.eclipse.osgi.storage.bundlefile.BundleEntry::getBytes@1 (line 97)
                      ; - org.eclipse.osgi.internal.loader.classpath.ClasspathManager::findClassImpl@109 (line 681)
  0x000001c8391a90c8: 34dc 75ff 

  0x000001c8391a90cc: ;   {other}
  0x000001c8391a90cc: 0f1f 8400 | 0000 0000 | baf6 ffff | ff44 8b5c | 2454 4489 | 5c24 5048 | 8944 2468 

  0x000001c8391a90e8: ;   {runtime_call UncommonTrapBlob}
  0x000001c8391a90e8: c5f8 77e8 

  0x000001c8391a90ec: ; ImmutableOopMap {rbp=NarrowOop [32]=Oop [40]=Oop [48]=Oop [56]=Oop [64]=Oop [72]=Oop [80]=NarrowOop [104]=Oop [112]=Oop [120]=Oop }
                      ;*invokevirtual getModuleRevisions {reexecute=0 rethrow=0 return_oop=0}
                      ; - org.eclipse.osgi.storage.bundlefile.CloseableBundleFile::lockOpen@55 (line 99)
                      ; - org.eclipse.osgi.storage.bundlefile.CloseableBundleFile::getInputStream@1 (line 483)
                      ; - org.eclipse.osgi.storage.bundlefile.ZipBundleEntry::getInputStream@8 (line 58)
                      ; - org.eclipse.osgi.storage.bundlefile.BundleEntry::getBytes@1 (line 97)
                      ; - org.eclipse.osgi.internal.loader.classpath.ClasspathManager::findClassImpl@109 (line 681)
  0x000001c8391a90ec: 10dc 75ff 

  0x000001c8391a90f0: ;   {other}
  0x000001c8391a90f0: 0f1f 8400 | 0000 0000 | baf6 ffff | ff66 6690 

  0x000001c8391a9100: ;   {runtime_call UncommonTrapBlob}
  0x000001c8391a9100: c5f8 77e8 

  0x000001c8391a9104: ; ImmutableOopMap {rbp=Oop [40]=Oop [48]=Oop [56]=Oop [64]=Oop [72]=Oop [80]=NarrowOop [84]=NarrowOop [112]=Oop [120]=Oop }
                      ;*invokevirtual lock {reexecute=0 rethrow=0 return_oop=0}
                      ; - org.eclipse.osgi.storage.bundlefile.CloseableBundleFile::internalOpen@35 (line 139)
                      ; - org.eclipse.osgi.storage.bundlefile.CloseableBundleFile::lockOpen@8 (line 87)
                      ; - org.eclipse.osgi.storage.bundlefile.CloseableBundleFile::getInputStream@1 (line 483)
                      ; - org.eclipse.osgi.storage.bundlefile.ZipBundleEntry::getInputStream@8 (line 58)
                      ; - org.eclipse.osgi.storage.bundlefile.BundleEntry::getBytes@1 (line 97)
                      ; - org.eclipse.osgi.internal.loader.classpath.ClasspathManager::findClassImpl@109 (line 681)
  0x000001c8391a9104: f8db 75ff 

  0x000001c8391a9108: ;   {other}
  0x000001c8391a9108: 0f1f 8400 | 0000 0000 | baf6 ffff | ff48 8b6c | 2470 4c8b | 5424 784c | 8954 2460 | 4c8b 9424 
  0x000001c8391a9128: 8800 0000 | 4c89 5424 | 704c 8b94 | 2490 0000 | 004c 8954 | 2478 448b | 9c24 8400 | 0000 4489 
  0x000001c8391a9148: 5c24 4490 

  0x000001c8391a914c: ;   {runtime_call UncommonTrapBlob}
  0x000001c8391a914c: c5f8 77e8 

  0x000001c8391a9150: ; ImmutableOopMap {rbp=Oop [32]=Oop [40]=Oop [48]=Oop [56]=Oop [64]=NarrowOop [72]=Oop [80]=Oop [88]=Oop [96]=Oop [104]=Oop [112]=Oop [120]=Oop }
                      ;*invokevirtual unlock {reexecute=0 rethrow=0 return_oop=0}
                      ; - java.lang.ref.ReferenceQueue::poll@35
                      ; - java.util.WeakHashMap::expungeStaleEntries@4
                      ; - java.util.WeakHashMap::getTable@1
                      ; - java.util.WeakHashMap::put@13
                      ; - java.util.Collections$SetFromMap::add@8
                      ; - java.util.zip.ZipFile::getInputStream@231
                      ; - org.eclipse.osgi.storage.bundlefile.ZipBundleFile::doGetInputStream@5 (line 101)
                      ; - org.eclipse.osgi.storage.bundlefile.ZipBundleFile::doGetInputStream@5 (line 1)
                      ; - org.eclipse.osgi.storage.bundlefile.CloseableBundleFile::getInputStream@20 (line 487)
                      ; - org.eclipse.osgi.storage.bundlefile.ZipBundleEntry::getInputStream@8 (line 58)
                      ; - org.eclipse.osgi.storage.bundlefile.BundleEntry::getBytes@1 (line 97)
                      ; - org.eclipse.osgi.internal.loader.classpath.ClasspathManager::findClassImpl@109 (line 681)
  0x000001c8391a9150: acdb 75ff 

  0x000001c8391a9154: ;   {other}
  0x000001c8391a9154: 0f1f 8400 | 0000 0000 

  0x000001c8391a915c: ;   {internal_word}
  0x000001c8391a915c: 49ba 221e | 1a39 c801 | 0000 4d89 | 9768 0400 

  0x000001c8391a916c: ;   {runtime_call SafepointBlob}
  0x000001c8391a916c: 00e9 0eca 

  0x000001c8391a9170: ;   {runtime_call StubRoutines (final stubs)}
  0x000001c8391a9170: 75ff e889 | 4674 ffe9 | a279 ffff | f4f4 f4f4 
[Stub Code]
  0x000001c8391a9180: ;   {no_reloc}
  0x000001c8391a9180: 48bb 0000 | 0000 0000 

  0x000001c8391a9188: ;   {runtime_call nmethod}
  0x000001c8391a9188: 0000 e9fb 

  0x000001c8391a918c: ;   {static_stub}
  0x000001c8391a918c: ffff ff48 | bb00 0000 | 0000 0000 

  0x000001c8391a9198: ;   {runtime_call nmethod}
  0x000001c8391a9198: 00e9 fbff 

  0x000001c8391a919c: ;   {static_stub}
  0x000001c8391a919c: ffff 48bb | 0000 0000 | 0000 0000 

  0x000001c8391a91a8: ;   {runtime_call nmethod}
  0x000001c8391a91a8: e9fb ffff 

  0x000001c8391a91ac: ;   {static_stub}
  0x000001c8391a91ac: ff48 bb00 | 0000 0000 

  0x000001c8391a91b4: ;   {runtime_call nmethod}
  0x000001c8391a91b4: 0000 00e9 | fbff ffff 

  0x000001c8391a91bc: ;   {static_stub}
  0x000001c8391a91bc: 48bb 0000 | 0000 0000 

  0x000001c8391a91c4: ;   {runtime_call nmethod}
  0x000001c8391a91c4: 0000 e9fb 

  0x000001c8391a91c8: ;   {static_stub}
  0x000001c8391a91c8: ffff ff48 | bb00 0000 | 0000 0000 

  0x000001c8391a91d4: ;   {runtime_call nmethod}
  0x000001c8391a91d4: 00e9 fbff 

  0x000001c8391a91d8: ;   {static_stub}
  0x000001c8391a91d8: ffff 48bb | 0000 0000 | 0000 0000 

  0x000001c8391a91e4: ;   {runtime_call nmethod}
  0x000001c8391a91e4: e9fb ffff 

  0x000001c8391a91e8: ;   {static_stub}
  0x000001c8391a91e8: ff48 bb00 | 0000 0000 

  0x000001c8391a91f0: ;   {runtime_call nmethod}
  0x000001c8391a91f0: 0000 00e9 | fbff ffff 

  0x000001c8391a91f8: ;   {static_stub}
  0x000001c8391a91f8: 48bb 0000 | 0000 0000 

  0x000001c8391a9200: ;   {runtime_call nmethod}
  0x000001c8391a9200: 0000 e9fb 

  0x000001c8391a9204: ;   {static_stub}
  0x000001c8391a9204: ffff ff48 | bb00 0000 | 0000 0000 

  0x000001c8391a9210: ;   {runtime_call nmethod}
  0x000001c8391a9210: 00e9 fbff 

  0x000001c8391a9214: ;   {static_stub}
  0x000001c8391a9214: ffff 48bb | 0000 0000 | 0000 0000 

  0x000001c8391a9220: ;   {runtime_call nmethod}
  0x000001c8391a9220: e9fb ffff 

  0x000001c8391a9224: ;   {static_stub}
  0x000001c8391a9224: ff48 bb00 | 0000 0000 

  0x000001c8391a922c: ;   {runtime_call nmethod}
  0x000001c8391a922c: 0000 00e9 | fbff ffff 

  0x000001c8391a9234: ;   {static_stub}
  0x000001c8391a9234: 48bb 0000 | 0000 0000 

  0x000001c8391a923c: ;   {runtime_call nmethod}
  0x000001c8391a923c: 0000 e9fb 

  0x000001c8391a9240: ;   {static_stub}
  0x000001c8391a9240: ffff ff48 | bb00 0000 | 0000 0000 

  0x000001c8391a924c: ;   {runtime_call nmethod}
  0x000001c8391a924c: 00e9 fbff 

  0x000001c8391a9250: ;   {static_stub}
  0x000001c8391a9250: ffff 48bb | 0000 0000 | 0000 0000 

  0x000001c8391a925c: ;   {runtime_call nmethod}
  0x000001c8391a925c: e9fb ffff 

  0x000001c8391a9260: ;   {static_stub}
  0x000001c8391a9260: ff48 bb00 | 0000 0000 

  0x000001c8391a9268: ;   {runtime_call nmethod}
  0x000001c8391a9268: 0000 00e9 | fbff ffff 

  0x000001c8391a9270: ;   {static_stub}
  0x000001c8391a9270: 48bb 0000 | 0000 0000 

  0x000001c8391a9278: ;   {runtime_call nmethod}
  0x000001c8391a9278: 0000 e9fb 

  0x000001c8391a927c: ;   {static_stub}
  0x000001c8391a927c: ffff ff48 | bb00 0000 | 0000 0000 

  0x000001c8391a9288: ;   {runtime_call nmethod}
  0x000001c8391a9288: 00e9 fbff 

  0x000001c8391a928c: ;   {static_stub}
  0x000001c8391a928c: ffff 48bb | 0000 0000 | 0000 0000 

  0x000001c8391a9298: ;   {runtime_call nmethod}
  0x000001c8391a9298: e9fb ffff 

  0x000001c8391a929c: ;   {static_stub}
  0x000001c8391a929c: ff48 bb00 | 0000 0000 

  0x000001c8391a92a4: ;   {runtime_call nmethod}
  0x000001c8391a92a4: 0000 00e9 | fbff ffff 

  0x000001c8391a92ac: ;   {static_stub}
  0x000001c8391a92ac: 48bb 0000 | 0000 0000 

  0x000001c8391a92b4: ;   {runtime_call nmethod}
  0x000001c8391a92b4: 0000 e9fb 

  0x000001c8391a92b8: ;   {static_stub}
  0x000001c8391a92b8: ffff ff48 | bb00 0000 | 0000 0000 

  0x000001c8391a92c4: ;   {runtime_call nmethod}
  0x000001c8391a92c4: 00e9 fbff 

  0x000001c8391a92c8: ;   {static_stub}
  0x000001c8391a92c8: ffff 48bb | 0000 0000 | 0000 0000 

  0x000001c8391a92d4: ;   {runtime_call nmethod}
  0x000001c8391a92d4: e9fb ffff 

  0x000001c8391a92d8: ;   {static_stub}
  0x000001c8391a92d8: ff48 bb00 | 0000 0000 

  0x000001c8391a92e0: ;   {runtime_call nmethod}
  0x000001c8391a92e0: 0000 00e9 | fbff ffff 

  0x000001c8391a92e8: ;   {static_stub}
  0x000001c8391a92e8: 48bb 0000 | 0000 0000 

  0x000001c8391a92f0: ;   {runtime_call nmethod}
  0x000001c8391a92f0: 0000 e9fb 

  0x000001c8391a92f4: ;   {static_stub}
  0x000001c8391a92f4: ffff ff48 | bb00 0000 | 0000 0000 

  0x000001c8391a9300: ;   {runtime_call nmethod}
  0x000001c8391a9300: 00e9 fbff 

  0x000001c8391a9304: ;   {static_stub}
  0x000001c8391a9304: ffff 48bb | 0000 0000 | 0000 0000 

  0x000001c8391a9310: ;   {runtime_call nmethod}
  0x000001c8391a9310: e9fb ffff 

  0x000001c8391a9314: ;   {static_stub}
  0x000001c8391a9314: ff48 bb00 | 0000 0000 

  0x000001c8391a931c: ;   {runtime_call nmethod}
  0x000001c8391a931c: 0000 00e9 | fbff ffff 

  0x000001c8391a9324: ;   {static_stub}
  0x000001c8391a9324: 48bb 0000 | 0000 0000 

  0x000001c8391a932c: ;   {runtime_call nmethod}
  0x000001c8391a932c: 0000 e9fb 

  0x000001c8391a9330: ;   {static_stub}
  0x000001c8391a9330: ffff ff48 | bb00 0000 | 0000 0000 

  0x000001c8391a933c: ;   {runtime_call nmethod}
  0x000001c8391a933c: 00e9 fbff 

  0x000001c8391a9340: ;   {static_stub}
  0x000001c8391a9340: ffff 48bb | 0000 0000 | 0000 0000 

  0x000001c8391a934c: ;   {runtime_call nmethod}
  0x000001c8391a934c: e9fb ffff 

  0x000001c8391a9350: ;   {static_stub}
  0x000001c8391a9350: ff48 bb00 | 0000 0000 

  0x000001c8391a9358: ;   {runtime_call nmethod}
  0x000001c8391a9358: 0000 00e9 | fbff ffff 

  0x000001c8391a9360: ;   {static_stub}
  0x000001c8391a9360: 48bb 0000 | 0000 0000 

  0x000001c8391a9368: ;   {runtime_call nmethod}
  0x000001c8391a9368: 0000 e9fb 

  0x000001c8391a936c: ;   {static_stub}
  0x000001c8391a936c: ffff ff48 | bb00 0000 | 0000 0000 

  0x000001c8391a9378: ;   {runtime_call nmethod}
  0x000001c8391a9378: 00e9 fbff 

  0x000001c8391a937c: ;   {static_stub}
  0x000001c8391a937c: ffff 48bb | 0000 0000 | 0000 0000 

  0x000001c8391a9388: ;   {runtime_call nmethod}
  0x000001c8391a9388: e9fb ffff 

  0x000001c8391a938c: ;   {static_stub}
  0x000001c8391a938c: ff48 bb00 | 0000 0000 

  0x000001c8391a9394: ;   {runtime_call nmethod}
  0x000001c8391a9394: 0000 00e9 | fbff ffff 

  0x000001c8391a939c: ;   {static_stub}
  0x000001c8391a939c: 48bb 0000 | 0000 0000 

  0x000001c8391a93a4: ;   {runtime_call nmethod}
  0x000001c8391a93a4: 0000 e9fb 

  0x000001c8391a93a8: ;   {runtime_call ExceptionBlob}
  0x000001c8391a93a8: ffff ffe9 | 50fd 80ff 
[Deopt Handler Code]
  0x000001c8391a93b0: e800 0000 | 0048 832c 

  0x000001c8391a93b8: ;   {runtime_call DeoptimizationBlob}
  0x000001c8391a93b8: 2405 e961 | dc75 fff4 
[/MachCode]


---------------  P R O C E S S  ---------------

Threads class SMR info:
_java_thread_list=0x000001c88f818cc0, length=91, elements={
0x000001c82e17d7b0, 0x000001c82e12e360, 0x000001c82e2217d0, 0x000001c82e229760,
0x000001c82e22c2d0, 0x000001c82e22e3c0, 0x000001c82e2339b0, 0x000001c886f13f90,
0x000001c886f19c50, 0x000001c887120a20, 0x000001c88725cf40, 0x000001c88c806f10,
0x000001c88cb680d0, 0x000001c88cae6790, 0x000001c88ca38170, 0x000001c88cef67c0,
0x000001c88d1168b0, 0x000001c88d45aad0, 0x000001c88d458370, 0x000001c88d459090,
0x000001c88d457ce0, 0x000001c88d459720, 0x000001c88d45a440, 0x000001c88d457650,
0x000001c88d717ef0, 0x000001c88d716b40, 0x000001c88d718580, 0x000001c88d718c10,
0x000001c88d7171d0, 0x000001c88d7164b0, 0x000001c88d717860, 0x000001c88d715790,
0x000001c88d7192a0, 0x000001c88d715e20, 0x000001c88d71ace0, 0x000001c88d71b370,
0x000001c88d71ba00, 0x000001c88d71c720, 0x000001c88d71c090, 0x000001c88d71cdb0,
0x000001c88d719fc0, 0x000001c88d719930, 0x000001c88d71a650, 0x000001c88c2680c0,
0x000001c88c267a30, 0x000001c88c2673a0, 0x000001c88c268750, 0x000001c88c2652d0,
0x000001c88c266d10, 0x000001c88c265ff0, 0x000001c88c268de0, 0x000001c88c265960,
0x000001c88c269470, 0x000001c88c266680, 0x000001c88c26c8f0, 0x000001c88c26a190,
0x000001c88c26a820, 0x000001c88c26aeb0, 0x000001c88c26b540, 0x000001c88c26bbd0,
0x000001c88c26c260, 0x000001c88f2638e0, 0x000001c88f264c90, 0x000001c88f265320,
0x000001c88f2659b0, 0x000001c88f262530, 0x000001c88f266040, 0x000001c88f266d60,
0x000001c88f2687a0, 0x000001c88f268e30, 0x000001c88f2673f0, 0x000001c88f2666d0,
0x000001c88f269b50, 0x000001c88f268110, 0x000001c89a910d70, 0x000001c89a913b60,
0x000001c89a911400, 0x000001c89a9127b0, 0x000001c89a9106e0, 0x000001c89a9155a0,
0x000001c89a914880, 0x000001c89a916fe0, 0x000001c89a915c30, 0x000001c89a917670,
0x000001c89a914f10, 0x000001c88fba23e0, 0x000001c88d458a00, 0x000001c88d459db0,
0x000001c89a916950, 0x000001c89ab66a10, 0x000001c88fba2ab0
}

Java Threads: ( => current thread )
  0x000001c82e17d7b0 JavaThread "main"                              [_thread_blocked, id=17488, stack(0x0000001ab3000000,0x0000001ab3100000) (1024K)]
  0x000001c82e12e360 JavaThread "Reference Handler"          daemon [_thread_blocked, id=5748, stack(0x0000001ab3400000,0x0000001ab3500000) (1024K)]
  0x000001c82e2217d0 JavaThread "Finalizer"                  daemon [_thread_blocked, id=3188, stack(0x0000001ab3500000,0x0000001ab3600000) (1024K)]
  0x000001c82e229760 JavaThread "Signal Dispatcher"          daemon [_thread_blocked, id=12756, stack(0x0000001ab3600000,0x0000001ab3700000) (1024K)]
  0x000001c82e22c2d0 JavaThread "Attach Listener"            daemon [_thread_blocked, id=11912, stack(0x0000001ab3700000,0x0000001ab3800000) (1024K)]
  0x000001c82e22e3c0 JavaThread "Service Thread"             daemon [_thread_blocked, id=16280, stack(0x0000001ab3800000,0x0000001ab3900000) (1024K)]
  0x000001c82e2339b0 JavaThread "Monitor Deflation Thread"   daemon [_thread_blocked, id=23884, stack(0x0000001ab3900000,0x0000001ab3a00000) (1024K)]
  0x000001c886f13f90 JavaThread "C2 CompilerThread0"         daemon [_thread_in_native, id=24012, stack(0x0000001ab3a00000,0x0000001ab3b00000) (1024K)]
  0x000001c886f19c50 JavaThread "C1 CompilerThread0"         daemon [_thread_blocked, id=3096, stack(0x0000001ab3b00000,0x0000001ab3c00000) (1024K)]
  0x000001c887120a20 JavaThread "Common-Cleaner"             daemon [_thread_blocked, id=2912, stack(0x0000001ab3d00000,0x0000001ab3e00000) (1024K)]
  0x000001c88725cf40 JavaThread "Notification Thread"        daemon [_thread_blocked, id=24284, stack(0x0000001ab3e00000,0x0000001ab3f00000) (1024K)]
  0x000001c88c806f10 JavaThread "Active Thread: Equinox Container: 68bbdd51-c43a-473d-8570-b519032f3128"        [_thread_blocked, id=3812, stack(0x0000001ab4600000,0x0000001ab4700000) (1024K)]
  0x000001c88cb680d0 JavaThread "Refresh Thread: Equinox Container: 68bbdd51-c43a-473d-8570-b519032f3128" daemon [_thread_blocked, id=23564, stack(0x0000001ab4700000,0x0000001ab4800000) (1024K)]
  0x000001c88cae6790 JavaThread "Framework Event Dispatcher: Equinox Container: 68bbdd51-c43a-473d-8570-b519032f3128" daemon [_thread_blocked, id=16968, stack(0x0000001ab4900000,0x0000001ab4a00000) (1024K)]
  0x000001c88ca38170 JavaThread "Start Level: Equinox Container: 68bbdd51-c43a-473d-8570-b519032f3128" daemon [_thread_blocked, id=20748, stack(0x0000001ab4a00000,0x0000001ab4b00000) (1024K)]
  0x000001c88cef67c0 JavaThread "Bundle File Closer"         daemon [_thread_blocked, id=17888, stack(0x0000001ab4d00000,0x0000001ab4e00000) (1024K)]
  0x000001c88d1168b0 JavaThread "SCR Component Actor"        daemon [_thread_blocked, id=22148, stack(0x0000001ab3c00000,0x0000001ab3d00000) (1024K)]
  0x000001c88d45aad0 JavaThread "Worker-JM"                         [_thread_blocked, id=23272, stack(0x0000001ab4f00000,0x0000001ab5000000) (1024K)]
  0x000001c88d458370 JavaThread "JNA Cleaner"                daemon [_thread_blocked, id=9416, stack(0x0000001ab4e00000,0x0000001ab4f00000) (1024K)]
  0x000001c88d459090 JavaThread "Worker-0: Initialize workspace"        [_thread_blocked, id=22496, stack(0x0000001ab5000000,0x0000001ab5100000) (1024K)]
  0x000001c88d457ce0 JavaThread "Worker-1"                          [_thread_blocked, id=22884, stack(0x0000001ab5100000,0x0000001ab5200000) (1024K)]
  0x000001c88d459720 JavaThread "Worker-2"                          [_thread_blocked, id=22900, stack(0x0000001ab5200000,0x0000001ab5300000) (1024K)]
  0x000001c88d45a440 JavaThread "Java indexing"              daemon [_thread_blocked, id=11128, stack(0x0000001ab5400000,0x0000001ab5500000) (1024K)]
  0x000001c88d457650 JavaThread "Worker-3"                          [_thread_blocked, id=10840, stack(0x0000001ab5800000,0x0000001ab5900000) (1024K)]
  0x000001c88d717ef0 JavaThread "Worker-4"                          [_thread_blocked, id=16276, stack(0x0000001ab5900000,0x0000001ab5a00000) (1024K)]
  0x000001c88d716b40 JavaThread "Thread-1"                   daemon [_thread_in_native, id=15780, stack(0x0000001ab5a00000,0x0000001ab5b00000) (1024K)]
  0x000001c88d718580 JavaThread "Thread-2"                   daemon [_thread_in_native, id=3832, stack(0x0000001ab5b00000,0x0000001ab5c00000) (1024K)]
  0x000001c88d718c10 JavaThread "Thread-3"                   daemon [_thread_in_native, id=15544, stack(0x0000001ab5c00000,0x0000001ab5d00000) (1024K)]
  0x000001c88d7171d0 JavaThread "Thread-4"                   daemon [_thread_in_native, id=22524, stack(0x0000001ab5d00000,0x0000001ab5e00000) (1024K)]
  0x000001c88d7164b0 JavaThread "Thread-5"                   daemon [_thread_in_native, id=11692, stack(0x0000001ab5e00000,0x0000001ab5f00000) (1024K)]
  0x000001c88d717860 JavaThread "Thread-6"                   daemon [_thread_in_native, id=18084, stack(0x0000001ab5f00000,0x0000001ab6000000) (1024K)]
  0x000001c88d715790 JavaThread "Thread-7"                   daemon [_thread_in_native, id=12056, stack(0x0000001ab6000000,0x0000001ab6100000) (1024K)]
  0x000001c88d7192a0 JavaThread "Thread-8"                   daemon [_thread_in_native, id=4832, stack(0x0000001ab6100000,0x0000001ab6200000) (1024K)]
  0x000001c88d715e20 JavaThread "Thread-9"                   daemon [_thread_in_native, id=20292, stack(0x0000001ab6200000,0x0000001ab6300000) (1024K)]
  0x000001c88d71ace0 JavaThread "Thread-10"                  daemon [_thread_in_native, id=20396, stack(0x0000001ab6300000,0x0000001ab6400000) (1024K)]
  0x000001c88d71b370 JavaThread "Thread-11"                  daemon [_thread_in_native, id=5532, stack(0x0000001ab6400000,0x0000001ab6500000) (1024K)]
  0x000001c88d71ba00 JavaThread "Thread-12"                  daemon [_thread_in_native, id=11888, stack(0x0000001ab6500000,0x0000001ab6600000) (1024K)]
  0x000001c88d71c720 JavaThread "Thread-13"                  daemon [_thread_in_native, id=13648, stack(0x0000001ab6600000,0x0000001ab6700000) (1024K)]
  0x000001c88d71c090 JavaThread "pool-2-thread-1"                   [_thread_blocked, id=10596, stack(0x0000001ab6700000,0x0000001ab6800000) (1024K)]
  0x000001c88d71cdb0 JavaThread "WorkspaceEventsHandler"            [_thread_blocked, id=23240, stack(0x0000001ab6800000,0x0000001ab6900000) (1024K)]
  0x000001c88d719fc0 JavaThread "pool-1-thread-1"                   [_thread_blocked, id=13308, stack(0x0000001ab6900000,0x0000001ab6a00000) (1024K)]
  0x000001c88d719930 JavaThread "LocalFile Deleter"          daemon [_thread_blocked, id=17676, stack(0x0000001ab6a00000,0x0000001ab6b00000) (1024K)]
  0x000001c88d71a650 JavaThread "LocalFile Deleter"          daemon [_thread_blocked, id=16244, stack(0x0000001ab6b00000,0x0000001ab6c00000) (1024K)]
  0x000001c88c2680c0 JavaThread "LocalFile Deleter"          daemon [_thread_blocked, id=10848, stack(0x0000001ab6c00000,0x0000001ab6d00000) (1024K)]
  0x000001c88c267a30 JavaThread "LocalFile Deleter"          daemon [_thread_blocked, id=16240, stack(0x0000001ab6d00000,0x0000001ab6e00000) (1024K)]
  0x000001c88c2673a0 JavaThread "LocalFile Deleter"          daemon [_thread_blocked, id=5836, stack(0x0000001ab6e00000,0x0000001ab6f00000) (1024K)]
  0x000001c88c268750 JavaThread "LocalFile Deleter"          daemon [_thread_blocked, id=19196, stack(0x0000001ab6f00000,0x0000001ab7000000) (1024K)]
  0x000001c88c2652d0 JavaThread "LocalFile Deleter"          daemon [_thread_blocked, id=10152, stack(0x0000001ab7000000,0x0000001ab7100000) (1024K)]
  0x000001c88c266d10 JavaThread "LocalFile Deleter"          daemon [_thread_blocked, id=22920, stack(0x0000001ab7100000,0x0000001ab7200000) (1024K)]
  0x000001c88c265ff0 JavaThread "LocalFile Deleter"          daemon [_thread_blocked, id=22280, stack(0x0000001ab7200000,0x0000001ab7300000) (1024K)]
  0x000001c88c268de0 JavaThread "LocalFile Deleter"          daemon [_thread_blocked, id=11924, stack(0x0000001ab7300000,0x0000001ab7400000) (1024K)]
  0x000001c88c265960 JavaThread "LocalFile Deleter"          daemon [_thread_blocked, id=19660, stack(0x0000001ab7400000,0x0000001ab7500000) (1024K)]
  0x000001c88c269470 JavaThread "LocalFile Deleter"          daemon [_thread_blocked, id=18408, stack(0x0000001ab7500000,0x0000001ab7600000) (1024K)]
  0x000001c88c266680 JavaThread "Compiler Source File Reader" daemon [_thread_blocked, id=12464, stack(0x0000001ab7600000,0x0000001ab7700000) (1024K)]
  0x000001c88c26c8f0 JavaThread "Compiler Source File Reader" daemon [_thread_blocked, id=2596, stack(0x0000001ab7700000,0x0000001ab7800000) (1024K)]
  0x000001c88c26a190 JavaThread "Compiler Source File Reader" daemon [_thread_blocked, id=19236, stack(0x0000001ab7800000,0x0000001ab7900000) (1024K)]
  0x000001c88c26a820 JavaThread "Compiler Source File Reader" daemon [_thread_blocked, id=5740, stack(0x0000001ab7900000,0x0000001ab7a00000) (1024K)]
  0x000001c88c26aeb0 JavaThread "Compiler Source File Reader" daemon [_thread_blocked, id=7332, stack(0x0000001ab7a00000,0x0000001ab7b00000) (1024K)]
  0x000001c88c26b540 JavaThread "Compiler Source File Reader" daemon [_thread_blocked, id=12032, stack(0x0000001ab7b00000,0x0000001ab7c00000) (1024K)]
  0x000001c88c26bbd0 JavaThread "Compiler Source File Reader" daemon [_thread_blocked, id=16084, stack(0x0000001ab7c00000,0x0000001ab7d00000) (1024K)]
  0x000001c88c26c260 JavaThread "Compiler Source File Reader" daemon [_thread_blocked, id=23876, stack(0x0000001ab7d00000,0x0000001ab7e00000) (1024K)]
  0x000001c88f2638e0 JavaThread "Compiler Source File Reader" daemon [_thread_blocked, id=21192, stack(0x0000001ab7e00000,0x0000001ab7f00000) (1024K)]
  0x000001c88f264c90 JavaThread "Compiler Source File Reader" daemon [_thread_blocked, id=12564, stack(0x0000001ab7f00000,0x0000001ab8000000) (1024K)]
  0x000001c88f265320 JavaThread "Compiler Processing Task"   daemon [_thread_blocked, id=2836, stack(0x0000001ab8000000,0x0000001ab8100000) (1024K)]
  0x000001c88f2659b0 JavaThread "Compiler Class File Writer" daemon [_thread_blocked, id=22336, stack(0x0000001ab8100000,0x0000001ab8200000) (1024K)]
  0x000001c88f262530 JavaThread "Compiler Class File Writer" daemon [_thread_blocked, id=17616, stack(0x0000001ab8200000,0x0000001ab8300000) (1024K)]
  0x000001c88f266040 JavaThread "Compiler Class File Writer" daemon [_thread_blocked, id=3208, stack(0x0000001ab8300000,0x0000001ab8400000) (1024K)]
  0x000001c88f266d60 JavaThread "Compiler Class File Writer" daemon [_thread_blocked, id=22288, stack(0x0000001ab8400000,0x0000001ab8500000) (1024K)]
  0x000001c88f2687a0 JavaThread "Compiler Class File Writer" daemon [_thread_blocked, id=22560, stack(0x0000001ab8500000,0x0000001ab8600000) (1024K)]
  0x000001c88f268e30 JavaThread "Compiler Class File Writer" daemon [_thread_blocked, id=12560, stack(0x0000001ab8600000,0x0000001ab8700000) (1024K)]
  0x000001c88f2673f0 JavaThread "Compiler Class File Writer" daemon [_thread_blocked, id=23192, stack(0x0000001ab8700000,0x0000001ab8800000) (1024K)]
  0x000001c88f2666d0 JavaThread "Compiler Class File Writer" daemon [_thread_blocked, id=14840, stack(0x0000001ab8800000,0x0000001ab8900000) (1024K)]
  0x000001c88f269b50 JavaThread "Compiler Class File Writer" daemon [_thread_blocked, id=8772, stack(0x0000001ab8900000,0x0000001ab8a00000) (1024K)]
  0x000001c88f268110 JavaThread "Compiler Class File Writer" daemon [_thread_blocked, id=19732, stack(0x0000001ab8a00000,0x0000001ab8b00000) (1024K)]
  0x000001c89a910d70 JavaThread "PatternSearchJob-worker-1"  daemon [_thread_blocked, id=17308, stack(0x0000001ab8b00000,0x0000001ab8c00000) (1024K)]
  0x000001c89a913b60 JavaThread "PatternSearchJob-worker-2"  daemon [_thread_blocked, id=23188, stack(0x0000001ab8c00000,0x0000001ab8d00000) (1024K)]
  0x000001c89a911400 JavaThread "PatternSearchJob-worker-3"  daemon [_thread_blocked, id=23792, stack(0x0000001ab8d00000,0x0000001ab8e00000) (1024K)]
  0x000001c89a9127b0 JavaThread "PatternSearchJob-worker-4"  daemon [_thread_blocked, id=19708, stack(0x0000001ab8e00000,0x0000001ab8f00000) (1024K)]
  0x000001c89a9106e0 JavaThread "PatternSearchJob-worker-5"  daemon [_thread_blocked, id=11344, stack(0x0000001ab8f00000,0x0000001ab9000000) (1024K)]
  0x000001c89a9155a0 JavaThread "PatternSearchJob-worker-6"  daemon [_thread_blocked, id=3184, stack(0x0000001ab9000000,0x0000001ab9100000) (1024K)]
  0x000001c89a914880 JavaThread "PatternSearchJob-worker-7"  daemon [_thread_blocked, id=24300, stack(0x0000001ab9100000,0x0000001ab9200000) (1024K)]
  0x000001c89a916fe0 JavaThread "PatternSearchJob-worker-8"  daemon [_thread_blocked, id=3436, stack(0x0000001ab9200000,0x0000001ab9300000) (1024K)]
  0x000001c89a915c30 JavaThread "PatternSearchJob-worker-10" daemon [_thread_blocked, id=5208, stack(0x0000001ab9300000,0x0000001ab9400000) (1024K)]
  0x000001c89a917670 JavaThread "PatternSearchJob-worker-9"  daemon [_thread_blocked, id=21824, stack(0x0000001ab9400000,0x0000001ab9500000) (1024K)]
  0x000001c89a914f10 JavaThread "PatternSearchJob-worker-11" daemon [_thread_blocked, id=8232, stack(0x0000001ab9500000,0x0000001ab9600000) (1024K)]
  0x000001c88fba23e0 JavaThread "C2 CompilerThread1"         daemon [_thread_in_native, id=19620, stack(0x0000001ab3f00000,0x0000001ab4000000) (1024K)]
  0x000001c88d458a00 JavaThread "ForkJoinPool.commonPool-worker-1" daemon [_thread_blocked, id=20208, stack(0x0000001ab5300000,0x0000001ab5400000) (1024K)]
  0x000001c88d459db0 JavaThread "ForkJoinPool.commonPool-worker-2" daemon [_thread_blocked, id=5436, stack(0x0000001ab9600000,0x0000001ab9700000) (1024K)]
=>0x000001c89a916950 JavaThread "ForkJoinPool.commonPool-worker-3" daemon [_thread_in_vm, id=9248, stack(0x0000001ab9700000,0x0000001ab9800000) (1024K)]
  0x000001c89ab66a10 JavaThread "ForkJoinPool.commonPool-worker-4" daemon [_thread_blocked, id=23768, stack(0x0000001ab9800000,0x0000001ab9900000) (1024K)]
  0x000001c88fba2ab0 JavaThread "C2 CompilerThread2"         daemon [_thread_blocked, id=14680, stack(0x0000001ab9900000,0x0000001ab9a00000) (1024K)]
Total: 91

Other Threads:
  0x000001c82e112c50 VMThread "VM Thread"                           [id=15088, stack(0x0000001ab3300000,0x0000001ab3400000) (1024K)] _threads_hazard_ptr=0x000001c88f818cc0
  0x000001c82e1ead80 WatcherThread "VM Periodic Task Thread"        [id=15456, stack(0x0000001ab3200000,0x0000001ab3300000) (1024K)]
  0x000001c82e19bfd0 WorkerThread "GC Thread#0"                     [id=21448, stack(0x0000001ab3100000,0x0000001ab3200000) (1024K)]
  0x000001c88c0b30f0 WorkerThread "GC Thread#1"                     [id=21312, stack(0x0000001ab4000000,0x0000001ab4100000) (1024K)]
  0x000001c88c0b34a0 WorkerThread "GC Thread#2"                     [id=22656, stack(0x0000001ab4100000,0x0000001ab4200000) (1024K)]
  0x000001c88c0b3850 WorkerThread "GC Thread#3"                     [id=6224, stack(0x0000001ab4200000,0x0000001ab4300000) (1024K)]
  0x000001c88c0b3c00 WorkerThread "GC Thread#4"                     [id=21856, stack(0x0000001ab4300000,0x0000001ab4400000) (1024K)]
  0x000001c88c0b3fb0 WorkerThread "GC Thread#5"                     [id=20288, stack(0x0000001ab4400000,0x0000001ab4500000) (1024K)]
  0x000001c88c342240 WorkerThread "GC Thread#6"                     [id=19764, stack(0x0000001ab4500000,0x0000001ab4600000) (1024K)]
  0x000001c88cb68740 WorkerThread "GC Thread#7"                     [id=9584, stack(0x0000001ab4800000,0x0000001ab4900000) (1024K)]
  0x000001c88ce5d020 WorkerThread "GC Thread#8"                     [id=4952, stack(0x0000001ab4b00000,0x0000001ab4c00000) (1024K)]
  0x000001c88d1a3970 WorkerThread "GC Thread#9"                     [id=21696, stack(0x0000001ab4c00000,0x0000001ab4d00000) (1024K)]
Total: 12

Threads with active compile tasks:
C2 CompilerThread0  14503 13025       4       java.lang.invoke.MethodType::makeImpl (109 bytes)
C2 CompilerThread1  14503 13039       4       org.eclipse.jdt.internal.compiler.util.JRTUtil::getClassfile (8 bytes)
C2 CompilerThread2  14503 13049 %     4       java.util.zip.ZipFile$Source::initCEN @ 261 (612 bytes)
Total: 3

VM state: synchronizing (normal execution)

VM Mutex/Monitor currently owned by a thread:  ([mutex/lock_event])
[0x00007ff934b4d530] Metaspace_lock - owner thread: 0x000001c89a916950
[0x00007ff934b4f5b0] Threads_lock - owner thread: 0x000001c82e112c50
[0x00007ff934b4f6b0] Heap_lock - owner thread: 0x000001c88d459090

Heap address: 0x0000000080000000, size: 2048 MB, Compressed Oops mode: 32-bit

CDS archive(s) mapped at: [0x000001c845000000-0x000001c845ba0000-0x000001c845ba0000), size 12189696, SharedBaseAddress: 0x000001c845000000, ArchiveRelocationMode: 1.
Compressed class space mapped at: 0x000001c846000000-0x000001c886000000, reserved size: 1073741824
Narrow klass base: 0x000001c845000000, Narrow klass shift: 0, Narrow klass range: 0x100000000

GC Precious Log:
 CardTable entry size: 512
 CPUs: 12 total, 12 available
 Memory: 16085M
 Large Page Support: Disabled
 NUMA Support: Disabled
 Compressed Oops: Enabled (32-bit)
 Alignments: Space 512K, Generation 512K, Heap 2M
 Heap Min Capacity: 100M
 Heap Initial Capacity: 100M
 Heap Max Capacity: 2G
 Pre-touch: Disabled
 Parallel Workers: 10

Heap:
 PSYoungGen      total 6656K, used 4373K [0x00000000d5580000, 0x00000000d5d00000, 0x0000000100000000)
  eden space 4096K, 99% used [0x00000000d5580000,0x00000000d597aa68,0x00000000d5980000)
  from space 2560K, 11% used [0x00000000d5980000,0x00000000d59cac78,0x00000000d5c00000)
  to   space 1024K, 0% used [0x00000000d5c00000,0x00000000d5c00000,0x00000000d5d00000)
 ParOldGen       total 86528K, used 78013K [0x0000000080000000, 0x0000000085480000, 0x00000000d5580000)
  object space 86528K, 90% used [0x0000000080000000,0x0000000084c2f448,0x0000000085480000)
 Metaspace       used 64823K, committed 66368K, reserved 1114112K
  class space    used 6728K, committed 7424K, reserved 1048576K

Card table byte_map: [0x000001c82db20000,0x000001c82df30000] _byte_map_base: 0x000001c82d720000

Marking Bits: (ParMarkBitMap*) 0x00007ff934b544a0
 Begin Bits: [0x000001c840630000, 0x000001c842630000)
 End Bits:   [0x000001c842630000, 0x000001c844630000)

Polling page: 0x000001c82c1f0000

Metaspace:

Usage:
  Non-class:     56.73 MB used.
      Class:      6.57 MB used.
       Both:     63.30 MB used.

Virtual space:
  Non-class space:       64.00 MB reserved,      57.56 MB ( 90%) committed,  1 nodes.
      Class space:        1.00 GB reserved,       7.25 MB ( <1%) committed,  1 nodes.
             Both:        1.06 GB reserved,      64.81 MB (  6%) committed. 

Chunk freelists:
   Non-Class:  5.92 MB
       Class:  8.64 MB
        Both:  14.56 MB

MaxMetaspaceSize: unlimited
CompressedClassSpaceSize: 1.00 GB
Initial GC threshold: 21.00 MB
Current GC threshold: 98.12 MB
CDS: on
 - commit_granule_bytes: 65536.
 - commit_granule_words: 8192.
 - virtual_space_node_default_size: 8388608.
 - enlarge_chunks_in_place: 1.
 - use_allocation_guard: 0.


Internal statistics:

num_allocs_failed_limit: 13.
num_arena_births: 1318.
num_arena_deaths: 22.
num_vsnodes_births: 2.
num_vsnodes_deaths: 0.
num_space_committed: 1037.
num_space_uncommitted: 0.
num_chunks_returned_to_freelist: 39.
num_chunks_taken_from_freelist: 4554.
num_chunk_merges: 18.
num_chunk_splits: 2704.
num_chunks_enlarged: 1398.
num_inconsistent_stats: 0.

CodeHeap 'non-profiled nmethods': size=120000Kb used=7992Kb max_used=7992Kb free=112007Kb
 bounds [0x000001c838e50000, 0x000001c839620000, 0x000001c840380000]
CodeHeap 'profiled nmethods': size=120000Kb used=28473Kb max_used=28473Kb free=91526Kb
 bounds [0x000001c831380000, 0x000001c832f50000, 0x000001c8388b0000]
CodeHeap 'non-nmethods': size=5760Kb used=1444Kb max_used=1502Kb free=4316Kb
 bounds [0x000001c8388b0000, 0x000001c838b20000, 0x000001c838e50000]
CodeCache: size=245760Kb, used=37909Kb, max_used=37967Kb, free=207849Kb
 total_blobs=12895, nmethods=12152, adapters=647, full_count=0
Compilation: enabled, stopped_count=0, restarted_count=0

Compilation events (20 events):
Event: 12.980 Thread 0x000001c886f19c50 nmethod 13029 0x000001c839615090 code [0x000001c839615220, 0x000001c8396152e8]
Event: 12.980 Thread 0x000001c886f19c50 13031       1       org.eclipse.jdt.internal.core.JrtPackageFragmentRoot::isComplianceJava9OrHigher (2 bytes)
Event: 12.980 Thread 0x000001c886f19c50 nmethod 13031 0x000001c839615390 code [0x000001c839615520, 0x000001c8396155e8]
Event: 12.980 Thread 0x000001c886f19c50 13032       1       org.eclipse.jdt.internal.core.AbstractModule::getElementType (3 bytes)
Event: 12.980 Thread 0x000001c886f19c50 nmethod 13032 0x000001c839615690 code [0x000001c839615820, 0x000001c8396158e8]
Event: 12.980 Thread 0x000001c88fba2ab0 13033       4       org.eclipse.jdt.core.compiler.CharOperation::replace (35 bytes)
Event: 12.981 Thread 0x000001c886f19c50 13034       3       org.eclipse.jdt.internal.compiler.classfmt.ModuleInfo::readModuleAttribute (1166 bytes)
Event: 12.984 Thread 0x000001c88fba2ab0 nmethod 13033 0x000001c839615990 code [0x000001c839615b20, 0x000001c839615ca0]
Event: 12.984 Thread 0x000001c88fba2ab0 13035       4       jdk.internal.jrtfs.JrtPath::match (50 bytes)
Event: 12.985 Thread 0x000001c88fba2ab0 nmethod 13035 0x000001c839615d90 code [0x000001c839615f20, 0x000001c839616020]
Event: 12.986 Thread 0x000001c88fba2ab0 13037       4       java.util.ArrayDeque::addLast (51 bytes)
Event: 12.986 Thread 0x000001c886f19c50 nmethod 13034 0x000001c832f41b10 code [0x000001c832f42200, 0x000001c832f48810]
Event: 12.986 Thread 0x000001c886f19c50 13038       3       org.eclipse.jdt.internal.core.JavaProject$ModuleLookup::addTransitive (71 bytes)
Event: 12.987 Thread 0x000001c886f19c50 nmethod 13038 0x000001c832f4ae10 code [0x000001c832f4b020, 0x000001c832f4b570]
Event: 12.987 Thread 0x000001c886f19c50 13036       3       org.eclipse.jdt.internal.compiler.classfmt.ModuleInfo$ModuleReferenceInfo::hashCode (8 bytes)
Event: 12.987 Thread 0x000001c886f19c50 nmethod 13036 0x000001c832f4b810 code [0x000001c832f4b9c0, 0x000001c832f4bb58]
Event: 12.987 Thread 0x000001c886f19c50 13041       3       sun.nio.fs.WindowsPath::getParent (74 bytes)
Event: 12.987 Thread 0x000001c88fba2ab0 nmethod 13037 0x000001c839616110 code [0x000001c8396162c0, 0x000001c839616450]
Event: 12.988 Thread 0x000001c886f19c50 nmethod 13041 0x000001c832f4bc10 code [0x000001c832f4bea0, 0x000001c832f4ca18]
Event: 12.988 Thread 0x000001c88fba2ab0 13042       4       org.eclipse.core.runtime.Path::collapseSlashes (142 bytes)

GC Heap History (20 events):
Event: 11.859 GC heap before
{Heap before GC invocations=93 (full 3):
 PSYoungGen      total 4608K, used 4384K [0x00000000d5580000, 0x00000000d5b80000, 0x0000000100000000)
  eden space 4096K, 100% used [0x00000000d5580000,0x00000000d5980000,0x00000000d5980000)
  from space 512K, 56% used [0x00000000d5a80000,0x00000000d5ac8000,0x00000000d5b00000)
  to   space 512K, 0% used [0x00000000d5b00000,0x00000000d5b00000,0x00000000d5b80000)
 ParOldGen       total 86528K, used 73482K [0x0000000080000000, 0x0000000085480000, 0x00000000d5580000)
  object space 86528K, 84% used [0x0000000080000000,0x00000000847c2ad8,0x0000000085480000)
 Metaspace       used 62952K, committed 64512K, reserved 1114112K
  class space    used 6507K, committed 7168K, reserved 1048576K
}
Event: 11.860 GC heap after
{Heap after GC invocations=93 (full 3):
 PSYoungGen      total 4608K, used 288K [0x00000000d5580000, 0x00000000d5b80000, 0x0000000100000000)
  eden space 4096K, 0% used [0x00000000d5580000,0x00000000d5580000,0x00000000d5980000)
  from space 512K, 56% used [0x00000000d5b00000,0x00000000d5b48000,0x00000000d5b80000)
  to   space 512K, 0% used [0x00000000d5a80000,0x00000000d5a80000,0x00000000d5b00000)
 ParOldGen       total 86528K, used 73570K [0x0000000080000000, 0x0000000085480000, 0x00000000d5580000)
  object space 86528K, 85% used [0x0000000080000000,0x00000000847d8ad8,0x0000000085480000)
 Metaspace       used 62952K, committed 64512K, reserved 1114112K
  class space    used 6507K, committed 7168K, reserved 1048576K
}
Event: 12.037 GC heap before
{Heap before GC invocations=94 (full 3):
 PSYoungGen      total 4608K, used 4384K [0x00000000d5580000, 0x00000000d5b80000, 0x0000000100000000)
  eden space 4096K, 100% used [0x00000000d5580000,0x00000000d5980000,0x00000000d5980000)
  from space 512K, 56% used [0x00000000d5b00000,0x00000000d5b48000,0x00000000d5b80000)
  to   space 512K, 0% used [0x00000000d5a80000,0x00000000d5a80000,0x00000000d5b00000)
 ParOldGen       total 86528K, used 73570K [0x0000000080000000, 0x0000000085480000, 0x00000000d5580000)
  object space 86528K, 85% used [0x0000000080000000,0x00000000847d8ad8,0x0000000085480000)
 Metaspace       used 62959K, committed 64512K, reserved 1114112K
  class space    used 6507K, committed 7168K, reserved 1048576K
}
Event: 12.038 GC heap after
{Heap after GC invocations=94 (full 3):
 PSYoungGen      total 4608K, used 128K [0x00000000d5580000, 0x00000000d5b80000, 0x0000000100000000)
  eden space 4096K, 0% used [0x00000000d5580000,0x00000000d5580000,0x00000000d5980000)
  from space 512K, 25% used [0x00000000d5a80000,0x00000000d5aa0000,0x00000000d5b00000)
  to   space 512K, 0% used [0x00000000d5b00000,0x00000000d5b00000,0x00000000d5b80000)
 ParOldGen       total 86528K, used 73682K [0x0000000080000000, 0x0000000085480000, 0x00000000d5580000)
  object space 86528K, 85% used [0x0000000080000000,0x00000000847f4ad8,0x0000000085480000)
 Metaspace       used 62959K, committed 64512K, reserved 1114112K
  class space    used 6507K, committed 7168K, reserved 1048576K
}
Event: 12.155 GC heap before
{Heap before GC invocations=95 (full 3):
 PSYoungGen      total 4608K, used 4224K [0x00000000d5580000, 0x00000000d5b80000, 0x0000000100000000)
  eden space 4096K, 100% used [0x00000000d5580000,0x00000000d5980000,0x00000000d5980000)
  from space 512K, 25% used [0x00000000d5a80000,0x00000000d5aa0000,0x00000000d5b00000)
  to   space 512K, 0% used [0x00000000d5b00000,0x00000000d5b00000,0x00000000d5b80000)
 ParOldGen       total 86528K, used 73682K [0x0000000080000000, 0x0000000085480000, 0x00000000d5580000)
  object space 86528K, 85% used [0x0000000080000000,0x00000000847f4ad8,0x0000000085480000)
 Metaspace       used 63014K, committed 64512K, reserved 1114112K
  class space    used 6518K, committed 7168K, reserved 1048576K
}
Event: 12.155 GC heap after
{Heap after GC invocations=95 (full 3):
 PSYoungGen      total 4608K, used 320K [0x00000000d5580000, 0x00000000d5b80000, 0x0000000100000000)
  eden space 4096K, 0% used [0x00000000d5580000,0x00000000d5580000,0x00000000d5980000)
  from space 512K, 62% used [0x00000000d5b00000,0x00000000d5b50000,0x00000000d5b80000)
  to   space 512K, 0% used [0x00000000d5a80000,0x00000000d5a80000,0x00000000d5b00000)
 ParOldGen       total 86528K, used 73722K [0x0000000080000000, 0x0000000085480000, 0x00000000d5580000)
  object space 86528K, 85% used [0x0000000080000000,0x00000000847fead8,0x0000000085480000)
 Metaspace       used 63014K, committed 64512K, reserved 1114112K
  class space    used 6518K, committed 7168K, reserved 1048576K
}
Event: 12.286 GC heap before
{Heap before GC invocations=96 (full 3):
 PSYoungGen      total 4608K, used 4416K [0x00000000d5580000, 0x00000000d5b80000, 0x0000000100000000)
  eden space 4096K, 100% used [0x00000000d5580000,0x00000000d5980000,0x00000000d5980000)
  from space 512K, 62% used [0x00000000d5b00000,0x00000000d5b50000,0x00000000d5b80000)
  to   space 512K, 0% used [0x00000000d5a80000,0x00000000d5a80000,0x00000000d5b00000)
 ParOldGen       total 86528K, used 73722K [0x0000000080000000, 0x0000000085480000, 0x00000000d5580000)
  object space 86528K, 85% used [0x0000000080000000,0x00000000847fead8,0x0000000085480000)
 Metaspace       used 63330K, committed 64832K, reserved 1114112K
  class space    used 6560K, committed 7232K, reserved 1048576K
}
Event: 12.287 GC heap after
{Heap after GC invocations=96 (full 3):
 PSYoungGen      total 4608K, used 376K [0x00000000d5580000, 0x00000000d5b80000, 0x0000000100000000)
  eden space 4096K, 0% used [0x00000000d5580000,0x00000000d5580000,0x00000000d5980000)
  from space 512K, 73% used [0x00000000d5a80000,0x00000000d5ade398,0x00000000d5b00000)
  to   space 512K, 0% used [0x00000000d5b00000,0x00000000d5b00000,0x00000000d5b80000)
 ParOldGen       total 86528K, used 73822K [0x0000000080000000, 0x0000000085480000, 0x00000000d5580000)
  object space 86528K, 85% used [0x0000000080000000,0x0000000084817be8,0x0000000085480000)
 Metaspace       used 63330K, committed 64832K, reserved 1114112K
  class space    used 6560K, committed 7232K, reserved 1048576K
}
Event: 12.708 GC heap before
{Heap before GC invocations=97 (full 3):
 PSYoungGen      total 4608K, used 4472K [0x00000000d5580000, 0x00000000d5b80000, 0x0000000100000000)
  eden space 4096K, 100% used [0x00000000d5580000,0x00000000d5980000,0x00000000d5980000)
  from space 512K, 73% used [0x00000000d5a80000,0x00000000d5ade398,0x00000000d5b00000)
  to   space 512K, 0% used [0x00000000d5b00000,0x00000000d5b00000,0x00000000d5b80000)
 ParOldGen       total 86528K, used 73822K [0x0000000080000000, 0x0000000085480000, 0x00000000d5580000)
  object space 86528K, 85% used [0x0000000080000000,0x0000000084817be8,0x0000000085480000)
 Metaspace       used 63667K, committed 65280K, reserved 1114112K
  class space    used 6602K, committed 7296K, reserved 1048576K
}
Event: 12.709 GC heap after
{Heap after GC invocations=97 (full 3):
 PSYoungGen      total 4608K, used 384K [0x00000000d5580000, 0x00000000d5b80000, 0x0000000100000000)
  eden space 4096K, 0% used [0x00000000d5580000,0x00000000d5580000,0x00000000d5980000)
  from space 512K, 75% used [0x00000000d5b00000,0x00000000d5b60000,0x00000000d5b80000)
  to   space 512K, 0% used [0x00000000d5a80000,0x00000000d5a80000,0x00000000d5b00000)
 ParOldGen       total 86528K, used 74072K [0x0000000080000000, 0x0000000085480000, 0x00000000d5580000)
  object space 86528K, 85% used [0x0000000080000000,0x00000000848560d8,0x0000000085480000)
 Metaspace       used 63667K, committed 65280K, reserved 1114112K
  class space    used 6602K, committed 7296K, reserved 1048576K
}
Event: 12.738 GC heap before
{Heap before GC invocations=98 (full 3):
 PSYoungGen      total 4608K, used 4479K [0x00000000d5580000, 0x00000000d5b80000, 0x0000000100000000)
  eden space 4096K, 99% used [0x00000000d5580000,0x00000000d597fff0,0x00000000d5980000)
  from space 512K, 75% used [0x00000000d5b00000,0x00000000d5b60000,0x00000000d5b80000)
  to   space 512K, 0% used [0x00000000d5a80000,0x00000000d5a80000,0x00000000d5b00000)
 ParOldGen       total 86528K, used 74072K [0x0000000080000000, 0x0000000085480000, 0x00000000d5580000)
  object space 86528K, 85% used [0x0000000080000000,0x00000000848560d8,0x0000000085480000)
 Metaspace       used 63829K, committed 65408K, reserved 1114112K
  class space    used 6614K, committed 7296K, reserved 1048576K
}
Event: 12.739 GC heap after
{Heap after GC invocations=98 (full 3):
 PSYoungGen      total 4608K, used 503K [0x00000000d5580000, 0x00000000d6080000, 0x0000000100000000)
  eden space 4096K, 0% used [0x00000000d5580000,0x00000000d5580000,0x00000000d5980000)
  from space 512K, 98% used [0x00000000d5a80000,0x00000000d5afdfa0,0x00000000d5b00000)
  to   space 3584K, 0% used [0x00000000d5d00000,0x00000000d5d00000,0x00000000d6080000)
 ParOldGen       total 86528K, used 76352K [0x0000000080000000, 0x0000000085480000, 0x00000000d5580000)
  object space 86528K, 88% used [0x0000000080000000,0x0000000084a90068,0x0000000085480000)
 Metaspace       used 63829K, committed 65408K, reserved 1114112K
  class space    used 6614K, committed 7296K, reserved 1048576K
}
Event: 12.784 GC heap before
{Heap before GC invocations=99 (full 3):
 PSYoungGen      total 4608K, used 4599K [0x00000000d5580000, 0x00000000d6080000, 0x0000000100000000)
  eden space 4096K, 99% used [0x00000000d5580000,0x00000000d597fff0,0x00000000d5980000)
  from space 512K, 98% used [0x00000000d5a80000,0x00000000d5afdfa0,0x00000000d5b00000)
  to   space 3584K, 0% used [0x00000000d5d00000,0x00000000d5d00000,0x00000000d6080000)
 ParOldGen       total 86528K, used 76352K [0x0000000080000000, 0x0000000085480000, 0x00000000d5580000)
  object space 86528K, 88% used [0x0000000080000000,0x0000000084a90068,0x0000000085480000)
 Metaspace       used 64192K, committed 65792K, reserved 1114112K
  class space    used 6646K, committed 7360K, reserved 1048576K
}
Event: 12.786 GC heap after
{Heap after GC invocations=99 (full 3):
 PSYoungGen      total 5120K, used 576K [0x00000000d5580000, 0x00000000d5e00000, 0x0000000100000000)
  eden space 4096K, 0% used [0x00000000d5580000,0x00000000d5580000,0x00000000d5980000)
  from space 1024K, 56% used [0x00000000d5d00000,0x00000000d5d90000,0x00000000d5e00000)
  to   space 1536K, 0% used [0x00000000d5b00000,0x00000000d5b00000,0x00000000d5c80000)
 ParOldGen       total 86528K, used 76496K [0x0000000080000000, 0x0000000085480000, 0x00000000d5580000)
  object space 86528K, 88% used [0x0000000080000000,0x0000000084ab40d0,0x0000000085480000)
 Metaspace       used 64192K, committed 65792K, reserved 1114112K
  class space    used 6646K, committed 7360K, reserved 1048576K
}
Event: 12.871 GC heap before
{Heap before GC invocations=100 (full 3):
 PSYoungGen      total 5120K, used 4667K [0x00000000d5580000, 0x00000000d5e00000, 0x0000000100000000)
  eden space 4096K, 99% used [0x00000000d5580000,0x00000000d597ee88,0x00000000d5980000)
  from space 1024K, 56% used [0x00000000d5d00000,0x00000000d5d90000,0x00000000d5e00000)
  to   space 1536K, 0% used [0x00000000d5b00000,0x00000000d5b00000,0x00000000d5c80000)
 ParOldGen       total 86528K, used 76496K [0x0000000080000000, 0x0000000085480000, 0x00000000d5580000)
  object space 86528K, 88% used [0x0000000080000000,0x0000000084ab40d0,0x0000000085480000)
 Metaspace       used 64400K, committed 66048K, reserved 1114112K
  class space    used 6683K, committed 7424K, reserved 1048576K
}
Event: 12.873 GC heap after
{Heap after GC invocations=100 (full 3):
 PSYoungGen      total 5632K, used 745K [0x00000000d5580000, 0x00000000d5d80000, 0x0000000100000000)
  eden space 4096K, 0% used [0x00000000d5580000,0x00000000d5580000,0x00000000d5980000)
  from space 1536K, 48% used [0x00000000d5b00000,0x00000000d5bba7d8,0x00000000d5c80000)
  to   space 1024K, 0% used [0x00000000d5c80000,0x00000000d5c80000,0x00000000d5d80000)
 ParOldGen       total 86528K, used 76904K [0x0000000080000000, 0x0000000085480000, 0x00000000d5580000)
  object space 86528K, 88% used [0x0000000080000000,0x0000000084b1a100,0x0000000085480000)
 Metaspace       used 64400K, committed 66048K, reserved 1114112K
  class space    used 6683K, committed 7424K, reserved 1048576K
}
Event: 12.913 GC heap before
{Heap before GC invocations=101 (full 3):
 PSYoungGen      total 5632K, used 4833K [0x00000000d5580000, 0x00000000d5d80000, 0x0000000100000000)
  eden space 4096K, 99% used [0x00000000d5580000,0x00000000d597dc38,0x00000000d5980000)
  from space 1536K, 48% used [0x00000000d5b00000,0x00000000d5bba7d8,0x00000000d5c80000)
  to   space 1024K, 0% used [0x00000000d5c80000,0x00000000d5c80000,0x00000000d5d80000)
 ParOldGen       total 86528K, used 76904K [0x0000000080000000, 0x0000000085480000, 0x00000000d5580000)
  object space 86528K, 88% used [0x0000000080000000,0x0000000084b1a100,0x0000000085480000)
 Metaspace       used 64529K, committed 66112K, reserved 1114112K
  class space    used 6699K, committed 7424K, reserved 1048576K
}
Event: 12.914 GC heap after
{Heap after GC invocations=101 (full 3):
 PSYoungGen      total 5120K, used 1020K [0x00000000d5580000, 0x00000000d5e80000, 0x0000000100000000)
  eden space 4096K, 0% used [0x00000000d5580000,0x00000000d5580000,0x00000000d5980000)
  from space 1024K, 99% used [0x00000000d5c80000,0x00000000d5d7f1b0,0x00000000d5d80000)
  to   space 2560K, 0% used [0x00000000d5980000,0x00000000d5980000,0x00000000d5c00000)
 ParOldGen       total 86528K, used 77874K [0x0000000080000000, 0x0000000085480000, 0x00000000d5580000)
  object space 86528K, 89% used [0x0000000080000000,0x0000000084c0c9a0,0x0000000085480000)
 Metaspace       used 64529K, committed 66112K, reserved 1114112K
  class space    used 6699K, committed 7424K, reserved 1048576K
}
Event: 12.967 GC heap before
{Heap before GC invocations=102 (full 3):
 PSYoungGen      total 5120K, used 5092K [0x00000000d5580000, 0x00000000d5e80000, 0x0000000100000000)
  eden space 4096K, 99% used [0x00000000d5580000,0x00000000d5979f68,0x00000000d5980000)
  from space 1024K, 99% used [0x00000000d5c80000,0x00000000d5d7f1b0,0x00000000d5d80000)
  to   space 2560K, 0% used [0x00000000d5980000,0x00000000d5980000,0x00000000d5c00000)
 ParOldGen       total 86528K, used 77874K [0x0000000080000000, 0x0000000085480000, 0x00000000d5580000)
  object space 86528K, 89% used [0x0000000080000000,0x0000000084c0c9a0,0x0000000085480000)
 Metaspace       used 64764K, committed 66368K, reserved 1114112K
  class space    used 6726K, committed 7424K, reserved 1048576K
}
Event: 12.968 GC heap after
{Heap after GC invocations=102 (full 3):
 PSYoungGen      total 6656K, used 299K [0x00000000d5580000, 0x00000000d5d00000, 0x0000000100000000)
  eden space 4096K, 0% used [0x00000000d5580000,0x00000000d5580000,0x00000000d5980000)
  from space 2560K, 11% used [0x00000000d5980000,0x00000000d59cac78,0x00000000d5c00000)
  to   space 1024K, 0% used [0x00000000d5c00000,0x00000000d5c00000,0x00000000d5d00000)
 ParOldGen       total 86528K, used 78013K [0x0000000080000000, 0x0000000085480000, 0x00000000d5580000)
  object space 86528K, 90% used [0x0000000080000000,0x0000000084c2f448,0x0000000085480000)
 Metaspace       used 64764K, committed 66368K, reserved 1114112K
  class space    used 6726K, committed 7424K, reserved 1048576K
}

Dll operation events (20 events):
Event: 0.100 Attempting to load shared library C:\Users\nguye\.vscode\extensions\redhat.java-1.56.0-win32-x64\jre\21.0.12.1-win32-x86_64\bin\instrument.dll
Event: 0.100 Loaded shared library C:\Users\nguye\.vscode\extensions\redhat.java-1.56.0-win32-x64\jre\21.0.12.1-win32-x86_64\bin\instrument.dll
Event: 0.104 Attempting to load shared library C:\Users\nguye\.vscode\extensions\redhat.java-1.56.0-win32-x64\jre\21.0.12.1-win32-x86_64\bin\net.dll
Event: 0.105 Loaded shared library C:\Users\nguye\.vscode\extensions\redhat.java-1.56.0-win32-x64\jre\21.0.12.1-win32-x86_64\bin\net.dll
Event: 0.106 Attempting to load shared library C:\Users\nguye\.vscode\extensions\redhat.java-1.56.0-win32-x64\jre\21.0.12.1-win32-x86_64\bin\nio.dll
Event: 0.107 Loaded shared library C:\Users\nguye\.vscode\extensions\redhat.java-1.56.0-win32-x64\jre\21.0.12.1-win32-x86_64\bin\nio.dll
Event: 0.111 Attempting to load shared library C:\Users\nguye\.vscode\extensions\redhat.java-1.56.0-win32-x64\jre\21.0.12.1-win32-x86_64\bin\zip.dll
Event: 0.111 Loaded shared library C:\Users\nguye\.vscode\extensions\redhat.java-1.56.0-win32-x64\jre\21.0.12.1-win32-x86_64\bin\zip.dll
Event: 0.129 Attempting to load shared library C:\Users\nguye\.vscode\extensions\redhat.java-1.56.0-win32-x64\jre\21.0.12.1-win32-x86_64\bin\jimage.dll
Event: 0.129 Loaded shared library C:\Users\nguye\.vscode\extensions\redhat.java-1.56.0-win32-x64\jre\21.0.12.1-win32-x86_64\bin\jimage.dll
Event: 0.209 Attempting to load shared library c:\Users\nguye\.vscode\extensions\redhat.java-1.56.0-win32-x64\jre\21.0.12.1-win32-x86_64\bin\verify.dll
Event: 0.209 Loaded shared library c:\Users\nguye\.vscode\extensions\redhat.java-1.56.0-win32-x64\jre\21.0.12.1-win32-x86_64\bin\verify.dll
Event: 1.404 Attempting to load shared library C:\Users\nguye\AppData\Roaming\Code\User\globalStorage\redhat.java\1.56.0\config_win\org.eclipse.equinox.launcher\org.eclipse.equinox.launcher.win32.win32.x86_64_1.3.100.v20260804-1928\eclipse_11924.dll
Event: 1.406 Loaded shared library C:\Users\nguye\AppData\Roaming\Code\User\globalStorage\redhat.java\1.56.0\config_win\org.eclipse.equinox.launcher\org.eclipse.equinox.launcher.win32.win32.x86_64_1.3.100.v20260804-1928\eclipse_11924.dll
Event: 3.033 Attempting to load shared library C:\Users\nguye\AppData\Local\Temp\jna-104772072\jna4073162662529056725.dll
Event: 3.082 Loaded shared library C:\Users\nguye\AppData\Local\Temp\jna-104772072\jna4073162662529056725.dll
Event: 4.247 Attempting to load shared library C:\Users\nguye\.vscode\extensions\redhat.java-1.56.0-win32-x64\jre\21.0.12.1-win32-x86_64\bin\management.dll
Event: 4.248 Loaded shared library C:\Users\nguye\.vscode\extensions\redhat.java-1.56.0-win32-x64\jre\21.0.12.1-win32-x86_64\bin\management.dll
Event: 4.251 Attempting to load shared library C:\Users\nguye\.vscode\extensions\redhat.java-1.56.0-win32-x64\jre\21.0.12.1-win32-x86_64\bin\management_ext.dll
Event: 4.251 Loaded shared library C:\Users\nguye\.vscode\extensions\redhat.java-1.56.0-win32-x64\jre\21.0.12.1-win32-x86_64\bin\management_ext.dll

Deoptimization events (20 events):
Event: 12.895 Thread 0x000001c89a9106e0 Uncommon trap: trap_request=0xffffff45 fr.pc=0x000001c8395e78ac relative=0x00000000000002cc
Event: 12.895 Thread 0x000001c89a9106e0 Uncommon trap: reason=unstable_if action=reinterpret pc=0x000001c8395e78ac method=org.eclipse.jdt.internal.core.index.DiskIndex.addQueryResults([[C[CILorg/eclipse/jdt/internal/core/index/MemoryIndex;)Lorg/eclipse/jdt/internal/compiler/util/HashtableOfObje
Event: 12.895 Thread 0x000001c89a9106e0 DEOPT PACKING pc=0x000001c8395e78ac sp=0x0000001ab8ffeef0
Event: 12.895 Thread 0x000001c89a9106e0 DEOPT UNPACKING pc=0x000001c838906da2 sp=0x0000001ab8ffee68 mode 2
Event: 12.897 Thread 0x000001c89a9106e0 DEOPT PACKING pc=0x000001c832f0f6f3 sp=0x0000001ab8ffec00
Event: 12.897 Thread 0x000001c89a9106e0 DEOPT UNPACKING pc=0x000001c8389078e2 sp=0x0000001ab8ffe098 mode 0
Event: 12.914 Thread 0x000001c88d459090 DEOPT PACKING pc=0x000001c831f49efb sp=0x0000001ab50fdf90
Event: 12.914 Thread 0x000001c88d459090 DEOPT UNPACKING pc=0x000001c8389078e2 sp=0x0000001ab50fd400 mode 0
Event: 12.915 Thread 0x000001c88d459090 DEOPT PACKING pc=0x000001c831f49efb sp=0x0000001ab50fdf90
Event: 12.915 Thread 0x000001c88d459090 DEOPT UNPACKING pc=0x000001c8389078e2 sp=0x0000001ab50fd400 mode 0
Event: 12.939 Thread 0x000001c89a916950 DEOPT PACKING pc=0x000001c832dd3e3c sp=0x0000001ab97fc450
Event: 12.939 Thread 0x000001c89a916950 DEOPT UNPACKING pc=0x000001c8389078e2 sp=0x0000001ab97fb970 mode 0
Event: 12.945 Thread 0x000001c88d459090 DEOPT PACKING pc=0x000001c832edd64e sp=0x0000001ab50fd9b0
Event: 12.945 Thread 0x000001c88d459090 DEOPT UNPACKING pc=0x000001c8389078e2 sp=0x0000001ab50fcf30 mode 0
Event: 12.980 Thread 0x000001c89a916950 DEOPT PACKING pc=0x000001c8314423dc sp=0x0000001ab97fd7a0
Event: 12.980 Thread 0x000001c89a916950 DEOPT UNPACKING pc=0x000001c8389078e2 sp=0x0000001ab97fcc28 mode 0
Event: 12.982 Thread 0x000001c89a916950 DEOPT PACKING pc=0x000001c8314423dc sp=0x0000001ab97fd7a0
Event: 12.982 Thread 0x000001c89a916950 DEOPT UNPACKING pc=0x000001c8389078e2 sp=0x0000001ab97fcc28 mode 0
Event: 12.983 Thread 0x000001c89a916950 DEOPT PACKING pc=0x000001c8314423dc sp=0x0000001ab97fd7a0
Event: 12.984 Thread 0x000001c89a916950 DEOPT UNPACKING pc=0x000001c8389078e2 sp=0x0000001ab97fcc28 mode 0

Classes loaded (20 events):
Event: 12.180 Loading class java/nio/StringCharBuffer
Event: 12.180 Loading class java/nio/StringCharBuffer done
Event: 12.195 Loading class java/util/Collections$SynchronizedRandomAccessList
Event: 12.195 Loading class java/util/Collections$SynchronizedList
Event: 12.195 Loading class java/util/Collections$SynchronizedList done
Event: 12.195 Loading class java/util/Collections$SynchronizedRandomAccessList done
Event: 12.208 Loading class java/util/concurrent/CompletableFuture$Signaller
Event: 12.209 Loading class java/util/concurrent/CompletableFuture$Signaller done
Event: 12.639 Loading class java/util/concurrent/CompletionException
Event: 12.640 Loading class java/util/concurrent/CompletionException done
Event: 12.642 Loading class java/lang/Throwable$WrappedPrintWriter
Event: 12.642 Loading class java/lang/Throwable$PrintStreamOrWriter
Event: 12.642 Loading class java/lang/Throwable$PrintStreamOrWriter done
Event: 12.642 Loading class java/lang/Throwable$WrappedPrintWriter done
Event: 12.680 Loading class java/util/concurrent/CompletableFuture$UniApply
Event: 12.680 Loading class java/util/concurrent/CompletableFuture$UniApply done
Event: 12.681 Loading class java/util/concurrent/CompletableFuture$UniExceptionally
Event: 12.681 Loading class java/util/concurrent/CompletableFuture$UniExceptionally done
Event: 12.741 Loading class java/util/Hashtable$KeySet
Event: 12.742 Loading class java/util/Hashtable$KeySet done

Classes unloaded (11 events):
Event: 3.712 Thread 0x000001c82e112c50 Unloading class 0x000001c8461a5000 'java/lang/invoke/LambdaForm$MH+0x000001c8461a5000'
Event: 3.712 Thread 0x000001c82e112c50 Unloading class 0x000001c8461a4c00 'java/lang/invoke/LambdaForm$MH+0x000001c8461a4c00'
Event: 3.712 Thread 0x000001c82e112c50 Unloading class 0x000001c8461a4800 'java/lang/invoke/LambdaForm$MH+0x000001c8461a4800'
Event: 3.712 Thread 0x000001c82e112c50 Unloading class 0x000001c8461a4400 'java/lang/invoke/LambdaForm$MH+0x000001c8461a4400'
Event: 3.712 Thread 0x000001c82e112c50 Unloading class 0x000001c8461a4000 'java/lang/invoke/LambdaForm$BMH+0x000001c8461a4000'
Event: 3.712 Thread 0x000001c82e112c50 Unloading class 0x000001c8461a3c00 'java/lang/invoke/LambdaForm$DMH+0x000001c8461a3c00'
Event: 3.712 Thread 0x000001c82e112c50 Unloading class 0x000001c8461a2800 'java/lang/invoke/LambdaForm$DMH+0x000001c8461a2800'
Event: 4.604 Thread 0x000001c82e112c50 Unloading class 0x000001c8463e9000 'jdk/internal/reflect/GeneratedSerializationConstructorAccessor31'
Event: 4.604 Thread 0x000001c82e112c50 Unloading class 0x000001c8463e8c00 'jdk/internal/reflect/GeneratedSerializationConstructorAccessor28'
Event: 4.604 Thread 0x000001c82e112c50 Unloading class 0x000001c8463e8400 'jdk/internal/reflect/GeneratedSerializationConstructorAccessor27'
Event: 4.604 Thread 0x000001c82e112c50 Unloading class 0x000001c8463e6800 'jdk/internal/reflect/GeneratedSerializationConstructorAccessor25'

Classes redefined (0 events):
No events

Internal exceptions (20 events):
Event: 12.207 Thread 0x000001c88d719fc0 Exception <a 'sun/nio/fs/WindowsException'{0x00000000d57bb3e8}> (0x00000000d57bb3e8) 
thrown [s\src\hotspot\share\prims\jni.cpp, line 520]
Event: 12.207 Thread 0x000001c88d719fc0 Exception <a 'sun/nio/fs/WindowsException'{0x00000000d57bbc58}> (0x00000000d57bbc58) 
thrown [s\src\hotspot\share\prims\jni.cpp, line 520]
Event: 12.676 Thread 0x000001c88d719fc0 Exception <a 'java/lang/IncompatibleClassChangeError'{0x00000000d57f3430}: Found class java.lang.Object, but interface was expected> (0x00000000d57f3430) 
thrown [s\src\hotspot\share\interpreter\linkResolver.cpp, line 840]
Event: 12.724 Thread 0x000001c88d459720 Exception <a 'sun/nio/fs/WindowsException'{0x00000000d575a0e0}> (0x00000000d575a0e0) 
thrown [s\src\hotspot\share\prims\jni.cpp, line 520]
Event: 12.725 Thread 0x000001c88d459720 Exception <a 'sun/nio/fs/WindowsException'{0x00000000d57a8678}> (0x00000000d57a8678) 
thrown [s\src\hotspot\share\prims\jni.cpp, line 520]
Event: 12.766 Thread 0x000001c88d459720 Exception <a 'sun/nio/fs/WindowsException'{0x00000000d5885998}> (0x00000000d5885998) 
thrown [s\src\hotspot\share\prims\jni.cpp, line 520]
Event: 12.768 Thread 0x000001c89a9106e0 Implicit null exception at 0x000001c8395e9e04 to 0x000001c8395eacc4
Event: 12.768 Thread 0x000001c88d459090 Exception <a 'sun/nio/fs/WindowsException'{0x00000000d58a3400}> (0x00000000d58a3400) 
thrown [s\src\hotspot\share\prims\jni.cpp, line 520]
Event: 12.768 Thread 0x000001c88d459090 Exception <a 'sun/nio/fs/WindowsException'{0x00000000d58a3a50}> (0x00000000d58a3a50) 
thrown [s\src\hotspot\share\prims\jni.cpp, line 520]
Event: 12.769 Thread 0x000001c88d459720 Exception <a 'sun/nio/fs/WindowsException'{0x00000000d58a1e80}> (0x00000000d58a1e80) 
thrown [s\src\hotspot\share\prims\jni.cpp, line 520]
Event: 12.769 Thread 0x000001c88d459090 Exception <a 'sun/nio/fs/WindowsException'{0x00000000d58a4868}> (0x00000000d58a4868) 
thrown [s\src\hotspot\share\prims\jni.cpp, line 520]
Event: 12.769 Thread 0x000001c88d459090 Exception <a 'sun/nio/fs/WindowsException'{0x00000000d58a4eb8}> (0x00000000d58a4eb8) 
thrown [s\src\hotspot\share\prims\jni.cpp, line 520]
Event: 12.774 Thread 0x000001c88d459090 Exception <a 'java/io/FileNotFoundException'{0x00000000d58edce8}> (0x00000000d58edce8) 
thrown [s\src\hotspot\share\prims\jni.cpp, line 520]
Event: 12.774 Thread 0x000001c88d459090 Exception <a 'java/io/FileNotFoundException'{0x00000000d58f8008}> (0x00000000d58f8008) 
thrown [s\src\hotspot\share\prims\jni.cpp, line 520]
Event: 12.788 Thread 0x000001c88d459090 Exception <a 'sun/nio/fs/WindowsException'{0x00000000d558e078}> (0x00000000d558e078) 
thrown [s\src\hotspot\share\prims\jni.cpp, line 520]
Event: 12.789 Thread 0x000001c88d459090 Exception <a 'sun/nio/fs/WindowsException'{0x00000000d558e6c8}> (0x00000000d558e6c8) 
thrown [s\src\hotspot\share\prims\jni.cpp, line 520]
Event: 12.803 Thread 0x000001c88d459720 Exception <a 'java/lang/NoSuchMethodError'{0x00000000d55fe280}: 'java.lang.Object java.lang.invoke.Invokers$Holder.linkToTargetMethod(java.lang.Object, java.lang.Object, int, int, java.lang.Object)'> (0x00000000d55fe280) 
thrown [s\src\hotspot\share\interpreter\linkResolver.cpp, line 773]
Event: 12.810 Thread 0x000001c88d459720 Exception <a 'java/lang/NoSuchMethodError'{0x00000000d562ab40}: method resolution failed> (0x00000000d562ab40) 
thrown [s\src\hotspot\share\prims\methodHandles.cpp, line 1136]
Event: 12.816 Thread 0x000001c88d459090 Exception <a 'sun/nio/fs/WindowsException'{0x00000000d5678850}> (0x00000000d5678850) 
thrown [s\src\hotspot\share\prims\jni.cpp, line 520]
Event: 12.816 Thread 0x000001c88d459090 Exception <a 'sun/nio/fs/WindowsException'{0x00000000d5678ea0}> (0x00000000d5678ea0) 
thrown [s\src\hotspot\share\prims\jni.cpp, line 520]

ZGC Phase Switch (0 events):
No events

VM Operations (20 events):
Event: 12.256 Executing non-safepoint VM operation: HandshakeAllThreads (Deoptimize)
Event: 12.256 Executing non-safepoint VM operation: HandshakeAllThreads (Deoptimize) done
Event: 12.261 Executing non-safepoint VM operation: HandshakeAllThreads (Deoptimize)
Event: 12.262 Executing non-safepoint VM operation: HandshakeAllThreads (Deoptimize) done
Event: 12.286 Executing safepoint VM operation: ParallelGCFailedAllocation (Allocation Failure)
Event: 12.287 Executing safepoint VM operation: ParallelGCFailedAllocation (Allocation Failure) done
Event: 12.708 Executing safepoint VM operation: ParallelGCFailedAllocation (Allocation Failure)
Event: 12.709 Executing safepoint VM operation: ParallelGCFailedAllocation (Allocation Failure) done
Event: 12.738 Executing safepoint VM operation: ParallelGCFailedAllocation (Allocation Failure)
Event: 12.739 Executing safepoint VM operation: ParallelGCFailedAllocation (Allocation Failure) done
Event: 12.784 Executing safepoint VM operation: ParallelGCFailedAllocation (Allocation Failure)
Event: 12.786 Executing safepoint VM operation: ParallelGCFailedAllocation (Allocation Failure) done
Event: 12.871 Executing safepoint VM operation: ParallelGCFailedAllocation (Allocation Failure)
Event: 12.873 Executing safepoint VM operation: ParallelGCFailedAllocation (Allocation Failure) done
Event: 12.913 Executing safepoint VM operation: ParallelGCFailedAllocation (Allocation Failure)
Event: 12.914 Executing safepoint VM operation: ParallelGCFailedAllocation (Allocation Failure) done
Event: 12.967 Executing safepoint VM operation: ParallelGCFailedAllocation (Allocation Failure)
Event: 12.968 Executing safepoint VM operation: ParallelGCFailedAllocation (Allocation Failure) done
Event: 12.977 Executing non-safepoint VM operation: HandshakeAllThreads (Deoptimize)
Event: 12.977 Executing non-safepoint VM operation: HandshakeAllThreads (Deoptimize) done

Memory protections (0 events):
No events

Nmethod flushes (20 events):
Event: 9.841 Thread 0x000001c82e112c50 flushing  nmethod 0x000001c831d5a090
Event: 9.841 Thread 0x000001c82e112c50 flushing  nmethod 0x000001c831d7a590
Event: 9.841 Thread 0x000001c82e112c50 flushing  nmethod 0x000001c831d7ab90
Event: 9.841 Thread 0x000001c82e112c50 flushing  nmethod 0x000001c831d7f390
Event: 9.841 Thread 0x000001c82e112c50 flushing  nmethod 0x000001c831d81a90
Event: 9.841 Thread 0x000001c82e112c50 flushing  nmethod 0x000001c831d97910
Event: 9.841 Thread 0x000001c82e112c50 flushing  nmethod 0x000001c831dd7810
Event: 9.841 Thread 0x000001c82e112c50 flushing  nmethod 0x000001c831e17890
Event: 9.841 Thread 0x000001c82e112c50 flushing  nmethod 0x000001c831e19390
Event: 9.841 Thread 0x000001c82e112c50 flushing  nmethod 0x000001c831e1ac90
Event: 9.841 Thread 0x000001c82e112c50 flushing  nmethod 0x000001c831e22590
Event: 9.841 Thread 0x000001c82e112c50 flushing  nmethod 0x000001c831e24610
Event: 9.841 Thread 0x000001c82e112c50 flushing  nmethod 0x000001c831e24d90
Event: 9.841 Thread 0x000001c82e112c50 flushing  nmethod 0x000001c831e25110
Event: 9.841 Thread 0x000001c82e112c50 flushing  nmethod 0x000001c831e25490
Event: 9.841 Thread 0x000001c82e112c50 flushing  nmethod 0x000001c831e25a10
Event: 9.841 Thread 0x000001c82e112c50 flushing  nmethod 0x000001c831e2f190
Event: 9.841 Thread 0x000001c82e112c50 flushing  nmethod 0x000001c831e2f790
Event: 9.841 Thread 0x000001c82e112c50 flushing  nmethod 0x000001c831e3d710
Event: 9.841 Thread 0x000001c82e112c50 flushing  nmethod 0x000001c831e3db90

Events (20 events):
Event: 11.059 Thread 0x000001c88d457ce0 Thread added: 0x000001c88d459db0
Event: 11.060 Thread 0x000001c88d457ce0 Thread added: 0x000001c88d458a00
Event: 11.060 Thread 0x000001c88d457ce0 Thread added: 0x000001c89a916950
Event: 11.060 Thread 0x000001c88d457ce0 Thread added: 0x000001c88d32b710
Event: 11.060 Thread 0x000001c88d457ce0 Thread added: 0x000001c88d32b080
Event: 11.083 Thread 0x000001c88d32b710 Thread exited: 0x000001c88d32b710
Event: 11.083 Thread 0x000001c88d459db0 Thread exited: 0x000001c88d459db0
Event: 11.083 Thread 0x000001c89a916950 Thread exited: 0x000001c89a916950
Event: 11.083 Thread 0x000001c88d32b080 Thread exited: 0x000001c88d32b080
Event: 11.083 Thread 0x000001c88d458a00 Thread exited: 0x000001c88d458a00
Event: 11.693 Thread 0x000001c88d457ce0 Thread added: 0x000001c88d459db0
Event: 12.172 Thread 0x000001c88d459db0 Thread exited: 0x000001c88d459db0
Event: 12.618 Thread 0x000001c886f1b790 Thread exited: 0x000001c886f1b790
Event: 12.640 Thread 0x000001c886f1b0c0 Thread exited: 0x000001c886f1b0c0
Event: 12.654 Thread 0x000001c886f19c50 Thread added: 0x000001c88fba23e0
Event: 12.681 Thread 0x000001c88d719fc0 Thread added: 0x000001c88d458a00
Event: 12.682 Thread 0x000001c88d719fc0 Thread added: 0x000001c88d459db0
Event: 12.682 Thread 0x000001c88d459db0 Thread added: 0x000001c89a916950
Event: 12.684 Thread 0x000001c89a916950 Thread added: 0x000001c89ab66a10
Event: 12.696 Thread 0x000001c886f19c50 Thread added: 0x000001c88fba2ab0


Dynamic libraries:
0x00007ff6bc060000 - 0x00007ff6bc06e000 	c:\Users\nguye\.vscode\extensions\redhat.java-1.56.0-win32-x64\jre\21.0.12.1-win32-x86_64\bin\java.exe
0x00007ff9ca060000 - 0x00007ff9ca2c7000 	C:\WINDOWS\SYSTEM32\ntdll.dll
0x00007ff9c8470000 - 0x00007ff9c853b000 	C:\WINDOWS\System32\KERNEL32.DLL
0x00007ff9c7560000 - 0x00007ff9c7962000 	C:\WINDOWS\System32\KERNELBASE.dll
0x00007ff9c7c20000 - 0x00007ff9c7d6c000 	C:\WINDOWS\System32\ucrtbase.dll
0x00007ff9bf600000 - 0x00007ff9bf61e000 	c:\Users\nguye\.vscode\extensions\redhat.java-1.56.0-win32-x64\jre\21.0.12.1-win32-x86_64\bin\VCRUNTIME140.dll
0x00007ff9bf3c0000 - 0x00007ff9bf3d8000 	c:\Users\nguye\.vscode\extensions\redhat.java-1.56.0-win32-x64\jre\21.0.12.1-win32-x86_64\bin\jli.dll
0x00007ff9c81c0000 - 0x00007ff9c838f000 	C:\WINDOWS\System32\USER32.dll
0x00007ff9a64e0000 - 0x00007ff9a6770000 	C:\WINDOWS\WinSxS\amd64_microsoft.windows.common-controls_6595b64144ccf1df_6.0.26100.9278_none_3e0d1ba8e3303201\COMCTL32.dll
0x00007ff9c73f0000 - 0x00007ff9c7417000 	C:\WINDOWS\System32\win32u.dll
0x00007ff9c87a0000 - 0x00007ff9c8849000 	C:\WINDOWS\System32\msvcrt.dll
0x00007ff9c9ff0000 - 0x00007ff9ca01b000 	C:\WINDOWS\System32\GDI32.dll
0x00007ff9c7970000 - 0x00007ff9c7a99000 	C:\WINDOWS\System32\gdi32full.dll
0x00007ff9c7420000 - 0x00007ff9c74c3000 	C:\WINDOWS\System32\msvcp_win.dll
0x00007ff9c7d80000 - 0x00007ff9c7db1000 	C:\WINDOWS\System32\IMM32.DLL
0x00007ff9c18c0000 - 0x00007ff9c18cc000 	c:\Users\nguye\.vscode\extensions\redhat.java-1.56.0-win32-x64\jre\21.0.12.1-win32-x86_64\bin\vcruntime140_1.dll
0x00007ff9af3b0000 - 0x00007ff9af43d000 	c:\Users\nguye\.vscode\extensions\redhat.java-1.56.0-win32-x64\jre\21.0.12.1-win32-x86_64\bin\msvcp140.dll
0x00007ff933e90000 - 0x00007ff934c32000 	c:\Users\nguye\.vscode\extensions\redhat.java-1.56.0-win32-x64\jre\21.0.12.1-win32-x86_64\bin\server\jvm.dll
0x00007ff9c83a0000 - 0x00007ff9c845c000 	C:\WINDOWS\System32\ADVAPI32.dll
0x00007ff9c8540000 - 0x00007ff9c85e9000 	C:\WINDOWS\System32\sechost.dll
0x00007ff9c8a10000 - 0x00007ff9c8b28000 	C:\WINDOWS\System32\RPCRT4.dll
0x00007ff9c8870000 - 0x00007ff9c88f0000 	C:\WINDOWS\System32\WS2_32.dll
0x00007ff9c70c0000 - 0x00007ff9c711e000 	C:\WINDOWS\SYSTEM32\POWRPROF.dll
0x00007ff9b3890000 - 0x00007ff9b389b000 	C:\WINDOWS\SYSTEM32\VERSION.dll
0x00007ff9aebb0000 - 0x00007ff9aebe6000 	C:\WINDOWS\SYSTEM32\WINMM.dll
0x00007ff9c70a0000 - 0x00007ff9c70b5000 	C:\WINDOWS\SYSTEM32\UMPDC.dll
0x00007ff9c5ef0000 - 0x00007ff9c5f0b000 	C:\WINDOWS\SYSTEM32\kernel.appcore.dll
0x00007ff9bf500000 - 0x00007ff9bf50a000 	c:\Users\nguye\.vscode\extensions\redhat.java-1.56.0-win32-x64\jre\21.0.12.1-win32-x86_64\bin\jimage.dll
0x00007ff9c4630000 - 0x00007ff9c487c000 	C:\WINDOWS\SYSTEM32\DBGHELP.DLL
0x00007ff9c93b0000 - 0x00007ff9c9735000 	C:\WINDOWS\System32\combase.dll
0x00007ff9c86c0000 - 0x00007ff9c8799000 	C:\WINDOWS\System32\OLEAUT32.dll
0x00007ff9aacc0000 - 0x00007ff9aacfb000 	C:\WINDOWS\SYSTEM32\dbgcore.DLL
0x00007ff9c7aa0000 - 0x00007ff9c7b4c000 	C:\WINDOWS\System32\bcryptPrimitives.dll
0x00007ff9bf730000 - 0x00007ff9bf73f000 	c:\Users\nguye\.vscode\extensions\redhat.java-1.56.0-win32-x64\jre\21.0.12.1-win32-x86_64\bin\instrument.dll
0x00007ff9bf0e0000 - 0x00007ff9bf100000 	c:\Users\nguye\.vscode\extensions\redhat.java-1.56.0-win32-x64\jre\21.0.12.1-win32-x86_64\bin\java.dll
0x00007ff9c8bc0000 - 0x00007ff9c9358000 	C:\WINDOWS\System32\SHELL32.dll
0x00007ff9c4ca0000 - 0x00007ff9c554e000 	C:\WINDOWS\SYSTEM32\windows.storage.dll
0x00007ff9c9ee0000 - 0x00007ff9c9fdb000 	C:\WINDOWS\System32\SHCORE.dll
0x00007ff9c8600000 - 0x00007ff9c8666000 	C:\WINDOWS\System32\shlwapi.dll
0x00007ff9c7180000 - 0x00007ff9c71a9000 	C:\WINDOWS\SYSTEM32\profapi.dll
0x00007ff9b7c80000 - 0x00007ff9b7c98000 	c:\Users\nguye\.vscode\extensions\redhat.java-1.56.0-win32-x64\jre\21.0.12.1-win32-x86_64\bin\zip.dll
0x00007ff9b7c70000 - 0x00007ff9b7c80000 	C:\Users\nguye\.vscode\extensions\redhat.java-1.56.0-win32-x64\jre\21.0.12.1-win32-x86_64\bin\net.dll
0x00007ff9bcea0000 - 0x00007ff9bcfca000 	C:\WINDOWS\SYSTEM32\WINHTTP.dll
0x00007ff9c6490000 - 0x00007ff9c64fc000 	C:\WINDOWS\system32\mswsock.dll
0x00007ff9b78a0000 - 0x00007ff9b78b6000 	C:\Users\nguye\.vscode\extensions\redhat.java-1.56.0-win32-x64\jre\21.0.12.1-win32-x86_64\bin\nio.dll
0x00007ff9b7c60000 - 0x00007ff9b7c70000 	c:\Users\nguye\.vscode\extensions\redhat.java-1.56.0-win32-x64\jre\21.0.12.1-win32-x86_64\bin\verify.dll
0x00007ff9b7a90000 - 0x00007ff9b7ad5000 	C:\Users\nguye\AppData\Roaming\Code\User\globalStorage\redhat.java\1.56.0\config_win\org.eclipse.equinox.launcher\org.eclipse.equinox.launcher.win32.win32.x86_64_1.3.100.v20260804-1928\eclipse_11924.dll
0x00007ff9c7dc0000 - 0x00007ff9c7f5a000 	C:\WINDOWS\System32\ole32.dll
0x00007ff9c68b0000 - 0x00007ff9c68cb000 	C:\WINDOWS\SYSTEM32\CRYPTSP.dll
0x00007ff9c5e50000 - 0x00007ff9c5e89000 	C:\WINDOWS\system32\rsaenh.dll
0x00007ff9c6540000 - 0x00007ff9c6574000 	C:\WINDOWS\SYSTEM32\USERENV.dll
0x00007ff9c7150000 - 0x00007ff9c717a000 	C:\WINDOWS\SYSTEM32\bcrypt.dll
0x00007ff9c66f0000 - 0x00007ff9c66fc000 	C:\WINDOWS\SYSTEM32\CRYPTBASE.dll
0x00007ff9c58a0000 - 0x00007ff9c58d3000 	C:\WINDOWS\SYSTEM32\IPHLPAPI.DLL
0x00007ff9c8900000 - 0x00007ff9c890a000 	C:\WINDOWS\System32\NSI.dll
0x00007ff9aafc0000 - 0x00007ff9ab009000 	C:\Users\nguye\AppData\Local\Temp\jna-104772072\jna4073162662529056725.dll
0x00007ff9c85f0000 - 0x00007ff9c85f8000 	C:\WINDOWS\System32\PSAPI.DLL
0x00007ff9bf780000 - 0x00007ff9bf78a000 	C:\Users\nguye\.vscode\extensions\redhat.java-1.56.0-win32-x64\jre\21.0.12.1-win32-x86_64\bin\management.dll
0x00007ff9bf770000 - 0x00007ff9bf77c000 	C:\Users\nguye\.vscode\extensions\redhat.java-1.56.0-win32-x64\jre\21.0.12.1-win32-x86_64\bin\management_ext.dll
0x00007ff9bce00000 - 0x00007ff9bce1d000 	C:\WINDOWS\SYSTEM32\dhcpcsvc6.DLL
0x00007ff9bcdd0000 - 0x00007ff9bcdf5000 	C:\WINDOWS\SYSTEM32\dhcpcsvc.DLL
0x00007ff9c6020000 - 0x00007ff9c6056000 	C:\WINDOWS\SYSTEM32\ntmarta.dll

JVMTI agents:
c:\Users\nguye\.vscode\extensions\redhat.java-1.56.0-win32-x64\lombok\lombok-1.18.39-4050.jar path:c:\Users\nguye\.vscode\extensions\redhat.java-1.56.0-win32-x64\jre\21.0.12.1-win32-x86_64\bin\instrument.dll, loaded, initialized, instrumentlib options:none

dbghelp: loaded successfully - version: 4.0.5 - missing functions: none
symbol engine: initialized successfully - sym options: 0x614 - pdb path: .;c:\Users\nguye\.vscode\extensions\redhat.java-1.56.0-win32-x64\jre\21.0.12.1-win32-x86_64\bin;C:\WINDOWS\SYSTEM32;C:\WINDOWS\WinSxS\amd64_microsoft.windows.common-controls_6595b64144ccf1df_6.0.26100.9278_none_3e0d1ba8e3303201;c:\Users\nguye\.vscode\extensions\redhat.java-1.56.0-win32-x64\jre\21.0.12.1-win32-x86_64\bin\server;C:\Users\nguye\AppData\Roaming\Code\User\globalStorage\redhat.java\1.56.0\config_win\org.eclipse.equinox.launcher\org.eclipse.equinox.launcher.win32.win32.x86_64_1.3.100.v20260804-1928;C:\Users\nguye\AppData\Local\Temp\jna-104772072

VM Arguments:
jvm_args: --add-modules=ALL-SYSTEM --add-opens=java.base/java.util=ALL-UNNAMED --add-opens=java.base/java.lang=ALL-UNNAMED --add-opens=java.base/sun.nio.fs=ALL-UNNAMED -Declipse.application=org.eclipse.jdt.ls.core.id1 -Dosgi.bundles.defaultStartLevel=4 -Declipse.product=org.eclipse.jdt.ls.core.product -Djava.import.generatesMetadataFilesAtProjectRoot=false -Dm2e.project.cache.size=50 -DDetectVMInstallationsJob.disabled=true -Dfile.encoding=utf8 -XX:+UseParallelGC -XX:GCTimeRatio=4 -XX:AdaptiveSizePolicyWeight=90 -Dsun.zip.disableMemoryMapping=true -Xmx2G -Xms100m -Xlog:disable -javaagent:c:\Users\nguye\.vscode\extensions\redhat.java-1.56.0-win32-x64\lombok\lombok-1.18.39-4050.jar -XX:+HeapDumpOnOutOfMemoryError -XX:HeapDumpPath=c:\Users\nguye\AppData\Roaming\Code\User\workspaceStorage\fb4d92b105842c291ab7a68e767f6070\redhat.java -Daether.dependencyCollector.impl=bf 
java_command: c:\Users\nguye\.vscode\extensions\redhat.java-1.56.0-win32-x64\server\plugins\org.eclipse.equinox.launcher_1.8.0.v20260804-1928.jar -configuration c:\Users\nguye\AppData\Roaming\Code\User\globalStorage\redhat.java\1.56.0\config_win -data c:\Users\nguye\AppData\Roaming\Code\User\workspaceStorage\fb4d92b105842c291ab7a68e767f6070\redhat.java\jdt_ws --pipe=\\.\pipe\lsp-61996b8a5ff1464b56324b5a244a6f8f-sock
java_class_path (initial): c:\Users\nguye\.vscode\extensions\redhat.java-1.56.0-win32-x64\server\plugins\org.eclipse.equinox.launcher_1.8.0.v20260804-1928.jar
Launcher Type: SUN_STANDARD

[Global flags]
    uintx AdaptiveSizePolicyWeight                 = 90                                        {product} {command line}
     intx CICompilerCount                          = 4                                         {product} {ergonomic}
    uintx GCTimeRatio                              = 4                                         {product} {command line}
     bool HeapDumpOnOutOfMemoryError               = true                                   {manageable} {command line}
    ccstr HeapDumpPath                             = c:\Users\nguye\AppData\Roaming\Code\User\workspaceStorage\fb4d92b105842c291ab7a68e767f6070\redhat.java         {manageable} {command line}
   size_t InitialHeapSize                          = 104857600                                 {product} {command line}
   size_t MaxHeapSize                              = 2147483648                                {product} {command line}
   size_t MaxNewSize                               = 715653120                                 {product} {ergonomic}
   size_t MinHeapDeltaBytes                        = 524288                                    {product} {ergonomic}
   size_t MinHeapSize                              = 104857600                                 {product} {command line}
   size_t NewSize                                  = 34603008                                  {product} {ergonomic}
    uintx NonNMethodCodeHeapSize                   = 5839372                                {pd product} {ergonomic}
    uintx NonProfiledCodeHeapSize                  = 122909434                              {pd product} {ergonomic}
   size_t OldSize                                  = 70254592                                  {product} {ergonomic}
    uintx ProfiledCodeHeapSize                     = 122909434                              {pd product} {ergonomic}
    uintx ReservedCodeCacheSize                    = 251658240                              {pd product} {ergonomic}
     bool SegmentedCodeCache                       = true                                      {product} {ergonomic}
   size_t SoftMaxHeapSize                          = 2147483648                             {manageable} {ergonomic}
     bool UseCompressedOops                        = true                           {product lp64_product} {ergonomic}
     bool UseLargePagesIndividualAllocation        = false                                  {pd product} {ergonomic}
     bool UseParallelGC                            = true                                      {product} {command line}

Logging:
Log output configuration:
 #0: stdout all=off uptime,level,tags foldmultilines=false
 #1: stderr all=off uptime,level,tags foldmultilines=false

Release file:
JAVA_VERSION="21.0.12.1" 
MODULES="java.base java.compiler java.datatransfer java.xml java.prefs java.desktop java.instrument java.logging java.management java.security.sasl java.naming java.rmi java.management.rmi java.net.http java.scripting java.security.jgss java.transaction.xa java.sql java.sql.rowset java.xml.crypto java.se java.smartcardio jdk.accessibility jdk.internal.jvmstat jdk.attach jdk.charsets jdk.internal.opt jdk.zipfs jdk.compiler jdk.crypto.ec jdk.crypto.cryptoki jdk.crypto.mscapi jdk.dynalink jdk.internal.ed jdk.editpad jdk.hotspot.agent jdk.httpserver jdk.internal.le jdk.internal.vm.ci jdk.internal.vm.compiler jdk.internal.vm.compiler.management jdk.jartool jdk.javadoc jdk.jcmd jdk.management jdk.management.agent jdk.jconsole jdk.jdeps jdk.jdwp.agent jdk.jdi jdk.jfr jdk.jshell jdk.jsobject jdk.jstatd jdk.localedata jdk.management.jfr jdk.naming.dns jdk.naming.rmi jdk.net jdk.nio.mapmode jdk.random jdk.sctp jdk.security.auth jdk.security.jgss jdk.unsupported jdk.unsupported.desktop jdk.xml.dom" 

Environment Variables:
PATH=C:\Program Files\Common Files\Oracle\Java\javapath;C:\WINDOWS\system32;C:\WINDOWS;C:\WINDOWS\System32\Wbem;C:\WINDOWS\System32\WindowsPowerShell\v1.0\;C:\WINDOWS\System32\OpenSSH\;C:\Program Files\nodejs\;C:\Program Files\Git\cmd;C:\Program Files\Cloudflare\Cloudflare WARP\;C:\Program Files\Docker\Docker\resources\bin;C:\Program Files (x86)\cloudflared\;C:\Program Files\Tailscale\;C:\Users\nguye\AppData\Local\codegraph\current\bin;C:\Users\nguye\AppData\Local\Microsoft\WindowsApps;C:\Users\nguye\AppData\Local\Programs\Microsoft VS Code\bin;C:\Users\nguye\AppData\Local\DockerSandboxes\bin\;C:\Users\nguye\AppData\Local\Programs\Antigravity IDE\bin;C:\Users\nguye\AppData\Roaming\npm;C:\Users\nguye\AppData\Local\Programs\cursor\resources\app\bin;C:\Users\nguye\AppData\Local\Microsoft\WinGet\Packages\GitHub.Copilot_Microsoft.Winget.Source_8wekyb3d8bbwe;;C:\Users\nguye\AppData\Local\Programs\Ollama
USERNAME=nguye
OS=Windows_NT
PROCESSOR_IDENTIFIER=Intel64 Family 6 Model 141 Stepping 1, GenuineIntel
TMP=C:\Users\nguye\AppData\Local\Temp
TEMP=C:\Users\nguye\AppData\Local\Temp




Periodic native trim disabled

---------------  S Y S T E M  ---------------

OS:
 Windows 11 , 64 bit Build 26100 (10.0.26100.9444)
OS uptime: 0 days 10:26 hours
Hyper-V role detected

CPU: total 12 (initial active 12) (6 cores per cpu, 2 threads per core) family 6 model 141 stepping 1 microcode 0x26, cx8, cmov, fxsr, ht, mmx, 3dnowpref, sse, sse2, sse3, ssse3, sse4.1, sse4.2, popcnt, lzcnt, tsc, tscinvbit, avx, avx2, aes, erms, clmul, bmi1, bmi2, adx, avx512f, avx512dq, avx512cd, avx512bw, avx512vl, sha, fma, vzeroupper, avx512_vpopcntdq, avx512_vpclmulqdq, avx512_vaes, avx512_vnni, clflush, clflushopt, clwb, avx512_vbmi2, avx512_vbmi, hv, rdtscp, rdpid, fsrm, gfni, avx512_bitalg, f16c, cet_ibt, cet_ss, avx512_ifma
Processor Information for the first 12 processors :
  Max Mhz: 2688, Current Mhz: 2688, Mhz Limit: 2688

Memory: 4k page, system-wide physical 16085M (3824M free)
TotalPageFile size 16085M (AvailPageFile size 601M)
current process WorkingSet (physical memory assigned to process): 367M, peak: 378M
current process commit charge ("private bytes"): 440M, peak: 466M

vm_info: OpenJDK 64-Bit Server VM (21.0.12.1+1-LTS) for windows-amd64 JRE (21.0.12.1+1-LTS), built on 2026-08-18T00:00:00Z by "admin" with MS VC++ 17.12 (VS2022)

END.
